17322014
721938447
687946936
811567413
407324543
270648698
917573195
87425795
169241408
885877502
150300078
715923330
117921750
589425696
276839462
979111844
402845027
28210054
757395065
506437675
579988058
857430753
610406449
755879526
587194418
672899750
724724609
893775285
855611478
116524802
108603696
192935146
75237805
270278475
169779149
12674124
942336834
340619893
958594623
731147305
866300790
400084890
997147804
813905924
517012757
838978222
372471916
593920343
688241577
359010890
363716124
44420760
818553787
708556199
519820199
165890086
416826120
288781373
957468703
741956055
713738520
853510991
250071819
171261468
274781180
899608337
756430781
786650924
919322105
199173002
517140084
812317028
740898082
543288989
314563583
772181364
835808546
638204367
396980844
618351121
365060476
75378087
3508139
128528072
798799399
174722457
29721383
924360343
411173835
721510352
581621288
445668735
125165929
500670560
634980922
422649037
376305246
910545903
665819893
140690379
661647454
903090134
523694065
592489488
871510702
242784018
480286795
482952481
209119848
684996746
559684851
703649176
32083698
815451295
777955336
440313053
432849234
52142817
58806286
315503007
112564853
505227141
323316583
667706780
867065903
629830368
68470231
811384316
32287616
755324791
519152406
511696177
454517220
168725458
929046953
903726852
672864932
555385377
859577354
621300677
742777324
513612471
283537390
406569000
689869769
842640318
32941874
638806445
235221817
37451851
139785490
139895259
136272336
534174108
165340019
83998935
720227555
99249856
665189027
211776330
729530650
143284184
234916630
735492691
288459042
42899571
933325260
530250112
755464183
266563770
109062784
184544463
944808289
391368783
890958952
722991907
262371403
453687714
838312525
431272013
502506112
190106639
928808425
314749854
643584989
42868410
18454286
570137347
886977768
991666564
394387701
783206837
600095797
106689091
648984064
902376589
238602345
988395068
700104777
61864119
205918044
362850438
337253606
445485314
151690773
967442179
209722570
519342861
55516955
306319936
296420590
272031425
158462693
521386549
829875937
121342961
237059921
262413271
172003140
15200154
537232512
790285277
244579645
977353792
535323388
63590210
163193837
352146499
340196313
742131157
922317367
576276800
844891122
349027310
983475403
502885589
290370320
186396852
973927964
876974645
192485491
230634029
257136804
192045554
584077924
746030902
232564181
370623431
870157252
851300382
701480095
492451756
469986266
119213987
303307109
429059028
174514234
136956047
908484825
72139453
549812189
770049065
296665073
127372630
119022934
83157983
33339330
687972362
983219047
2016459
545309667
262105708
116022892
312074253
816756668
443958568
106343678
588054171
633622942
144566407
137143294
942749239
209554573
824424911
194174324
514741308
777856343
987450370
195492676
506204067
961290389
569494271
72460912
242896648
691543803
812440244
126768248
471931694
921158200
634557076
452689632
590311428
789720588
338622935
226647306
808199965
749933500
520553478
409523355
239181162
259891429
373875719
439359691
373715035
256159712
128426043
189057222
400827650
347898395
571229510
262435065
648419975
505382519
233419750
936905187
499294568
116524739
621640426
339075913
782551440
753793537
436354805
601663615
118201247
555741619
886290560
729842726
256996414
240962673
502562445
221611697
227034987
242239761
556509525
14290028
564354035
572244201
181146342
84455206
323174968
5748617
698719193
575190452
836528630
124876786
418057141
551922327
563207216
38009946
86756758
302175747
326859376
779765344
715439515
587549546
175387916
819943319
7848700
451768054
128096660
291602749
788040695
140475270
440058908
744374543
582099441
741335569
960313677
704797436
188202051
291062711
929565151
381086936
415522264
430603368
85815384
555862375
427082736
617871899
763448560
549783520
313952719
504796201
11765374
189302305
388769633
979217457
434465332
685956954
894562169
676271859
68728640
140953889
306287710
934968250
318832553
622985769
515023475
133651519
501001527
104081890
94920230
855636764
380150568
454517235
113866149
713253966
705346974
609829127
969706615
965850718
245480030
834511140
781631733
988361922
858626417
263410055
115191747
121674204
963911500
863031988
440000861
699824375
488745220
854719231
448206017
873173839
74222743
526722538
71584037
322865679
217262534
360185069
862178951
106541756
964345066
477340597
537803475
450725049
346402477
62656528
367250596
636049593
447098468
844226721
230211751
528376255
314357725
195773160
550890580
365736471
185549229
689620599
467136383
853612511
826369886
846769904
818306238
149961611
90186979
437452833
276781625
925806648
340188123
886669215
923684268
761943167
217714645
159734836
93311813
997099484
566697222
986095614
323766998
16407356
172012785
607266838
882064402
879229001
931268598
184858503
183823442
547828354
745926474
164866104
968472648
452000967
313535164
528442003
713162705
377232230
333667869
95912080
491319428
15576725
1801804
695762089
971163908
555157049
252619791
168760305
538056284
566019146
885105863
200639108
849429873
541967704
209998363
430706526
440154433
64551089
480330719
518194815
562294237
35078769
970655961
402266801
236308745
774038266
173262295
52688601
518235747
939421577
217770759
567783570
259989619
957154723
259868825
673641483
470028136
796994177
855365480
520691729
31883527
609202026
903762593
259100045
941970701
1278821
646015956
70209899
524109942
510885236
59096125
264542063
724241204
844039702
744087128
396452246
842916165
521916516
625523840
502045481
264372513
781910832
475277955
163837455
896596789
602863829
25200434
484127734
841927702
217872193
174584001
199099317
646248830
606320470
696543262
480601972
256216294
864592268
431889584
689487272
559094497
887955075
336711
248304149
914549883
307135637
78249142
20062243
757213001
445634666
640970858
788593033
494529918
695245950
855733605
76468030
973734697
558313866
734154950
439737894
904732213
475066687
41067164
67212182
505733805
445831942
785388618
349155480
348328976
96023427
510815720
755615837
541818660
501919036
458580956
114881421
748327514
908605569
594761784
616483403
305396345
681019236
783730951
774579192
834003455
484527461
7940365
702040325
355252531
44774600
274341168
278855965
502082520
710278220
751208358
915275071
781998532
591238973
974159012
202329397
796407056
934694466
345001377
43025239
637066021
569040409
909250991
162831710
395161022
156214217
587935112
992669235
382286547
173991829
522403641
844720065
778610936
908861288
279034520
45296225
614120274
738706680
845182124
845829803
304477587
318504799
692357125
135420506
548843183
281980134
416874186
10157732
241257419
302744077
402672828
446440196
169226638
355578617
528632640
638649397
501880483
460728235
681833948
607158055
930907227
906039877
101239880
135846415
397107708
624490018
105403795
277872639
243146979
274041743
916363435
505862307
564476671
666218985
592630204
999435533
256707061
34799366
23058836
13304206
944089172
495762205
466628962
456181006
562259200
355130378
560319129
939109185
420955234
739498995
503636023
228882187
436320035
932882577
5273485
600668134
37261396
866659653
422065259
544530660
452448889
4265002
395411136
243096194
371035802
81996559
10315521
629077789
316841088
542814390
756913060
51185660
347179041
648159805
967462112
572802044
238263205
437144638
477076986
135790173
559237228
204478200
709937234
649972576
605306461
141713942
214988019
489487631
487972467
467538828
453331542
409416483
229606588
983887162
987631595
247934073
429330435
749534006
882683242
73670004
354918822
197587453
573415723
604432580
599494857
71705190
620115922
925064410
711441753
80660095
247089475
431535921
15631598
586955245
618205532
477671252
688503219
936397583
275927168
128625144
786129947
238341076
366424807
337623225
71309439
265900593
879998317
117734094
533819114
240794278
970697134
520382328
236159142
132205144
852078149
166452956
868958331
448244055
587311459
461165390
981606050
603479846
845806475
595407964
450662976
826114686
82725572
157762508
935021210
816640690
418735071
875130227
319172799
570473749
768483639
948390729
73274832
377686998
673334833
98823596
838067220
67167416
846092906
654565241
817331500
425142150
602020093
359188654
221410438
766613180
224302641
811132921
192604366
679310702
509104661
108149342
401289422
472374745
894907971
832888422
499313981
616683283
868887018
160202411
826842899
883237619
832402227
422362
851660175
682114041
150355071
86584740
296590737
552161646
980024432
493971787
665931114
352821870
332383066
225954144
592219785
819331459
930351612
740429665
105293528
454503272
894264847
979631815
988573867
174074776
135147386
443595231
67982702
87483243
674958523
443432833
979665956
433051489
421739664
892114431
839208649
883383071
936877411
222188989
487181805
669376680
16142846
598755432
831227867
798833915
321891459
774002571
447804995
307869342
740112936
538489191
529029078
683161464
74012132
608444042
180814179
653161407
196310524
600379092
645621037
323146730
365155167
306818789
155819182
928709005
677267684
6652807
242260490
268731997
912771169
233641569
957118127
206214578
532012219
754779017
39926512
634511408
711613727
706069855
39490160
89004539
411707823
945517299
191366027
469248561
911243484
922735949
793555417
278767245
794801558
538547388
552151157
788562083
529139918
150926689
219850553
254444181
894353259
685939664
769959102
692128773
540769188
605660437
341689904
785896170
402947062
391077966
219801397
573107103
838095447
64933342
452976593
338423838
288867682
592835056
136988270
511309682
46472988
541651380
658716279
940976661
112315305
48481857
176358064
543245798
244034862
796418389
889109305
646109639
630639517
924561065
196588393
152672546
667690602
30807107
632019993
571774423
420943441
639823446
808302107
273744794
293094795
873631299
376394757
801138041
586244124
909738172
90972689
980711030
349469081
414286297
230680288
72976417
45258038
611363187
25672492
212645065
341186382
985041141
585964807
279715946
376866553
872767784
68951229
827694604
678428156
34559500
512998440
220535374
597196814
328910988
586350978
530029518
261815416
849821369
609527308
880944041
941176713
1439796
406955131
376584033
948592855
324351304
174787915
897817726
219678920
739262849
256523631
224915265
316456817
48833271
142509012
499527453
766497755
219799872
744367223
662655566
132134375
522241005
578378801
362463573
194803487
342382734
30780021
863307752
169883957
349852131
260711268
732983225
913290155
470689784
490821937
528314907
838283415
845471308
214233498
126246499
188832730
839524650
805154602
139645037
237043419
695775137
718747323
463673636
279570413
443086778
281281184
556623476
762483403
228558721
303831927
14023467
480284948
797724058
281680486
668169752
48380310
368370898
904605360
862010587
425997935
546083200
905660287
750190619
668550808
117585110
252922015
218571427
457835888
37149276
499298997
477472484
365486876
541414606
182871856
296089992
784376204
515266295
416075506
969448658
866792991
725255520
263707982
233019004
971010055
810735923
528754801
652296374
101839463
393209201
995056485
476888575
931349631
918604782
517070290
129723658
408010507
584757976
542773487
707434785
465321297
797596600
726140484
861514209
661312360
3681007
638540120
988947811
9666531
924849316
396651864
242044005
145190552
223267399
942547683
497463164
451432818
539024891
899965213
714707575
404478878
888902737
146062216
112216728
970077866
54502563
568477515
765128453
916632571
771064025
767180969
443456761
559333224
393645257
578113919
477581499
84852828
154097937
789262172
459583131
75303253
243926749
949440410
344979261
888050178
561543449
942571854
731773643
256264544
86393128
216958736
218328912
988096405
295681298
95460754
711647309
877335579
249549664
15116070
51762792
360513245
510868722
304940493
237253493
337567010
107155231
879854303
946852198
222346648
679130373
769458197
729152977
712350720
287225500
452203871
808870678
536677841
273481632
76581926
165137303
552732104
743509708
393112809
222256217
840386929
66233240
212748072
384584504
153504763
222937448
243712324
955815566
457640402
525699451
433157852
708119933
359865824
584250697
222400958
770808393
243708359
627015054
488815951
13583679
492286646
302080945
516207761
230297138
856368578
27390331
654409817
884125651
374075601
493778749
738657088
986278295
824045280
113207560
211408276
738703216
616467175
223684114
903863792
825436700
401986399
25234637
973093550
80319230
439687501
560316222
48373673
156810550
629738106
908831281
557096160
146873143
194737394
180487437
739133474
546503773
291883044
88131635
982587806
218740998
792500471
135875673
613305942
318485677
859567220
249506964
769202859
525989558
710889641
850160107
347532472
603606419
237214674
237396277
491963681
799855999
195691070
123571783
643218162
146545412
421151622
25020776
451404276
745259149
673442633
640455319
887320233
475549669
46439886
960362027
635947578
390888707
838399163
324956942
192594146
611649617
215974993
173519151
525170523
671751409
331925609
420573108
696904833
35380266
985669323
336149719
99284418
165464968
668824705
860447388
587251897
753060596
266493228
797444162
960552189
34199704
599422301
980358785
945774328
323018327
992510213
669396075
277175299
970097217
685818128
525539471
518088844
847836672
199686824
712304891
567956451
529736401
830179397
282594891
305504997
299145290
891376704
51479325
169033726
392539616
529962431
665213258
377398385
153496871
527596674
505308813
904742646
355062288
431048499
390249449
822051186
648312281
225239299
910516246
199322615
222766353
616897841
622027445
405589004
120790771
149453707
808395101
954886949
32492916
323247594
164816968
598912343
556055450
788527461
526667782
28018478
529971015
241795985
955106034
165290349
274229860
70610517
733881406
953986986
725966279
374627934
816168945
722156665
800149099
667660647
800936304
83315227
171874192
454090971
17608081
548916736
368895436
541324095
452996773
226072746
4930219
771288617
3716220
28327997
270074434
435590694
461171020
544230463
106630504
896636718
902763801
157857957
809834224
157151751
842181601
223321031
373074727
227199066
673822768
984322630
252614592
852177075
737247055
472959681
621398803
697695230
950210580
178263512
200671897
464218820
243941499
858103059
618947542
964801644
970017773
155039777
160463616
365789398
124692630
101288419
349658905
365002225
367369469
898778601
855513401
465837328
839328645
556345063
189870985
878328697
827104880
595579782
835068465
186281468
263881118
1390524
218322391
120546809
668552013
525350247
298200603
358831165
466908052
829617634
372739977
352431393
960968799
707653612
472702407
397941989
646323488
989983881
383359052
847936002
725176418
651496852
190789767
97900807
542187186
356520333
67863014
262354646
726809214
854344093
583344982
434971964
774182882
729227429
442010319
909134893
6933462
285108525
62407226
331996437
900789745
447758772
999344804
790407665
153503171
118457696
615263385
495175992
658548245
692363761
561941924
793643410
643457468
584889368
895555567
745458005
515663562
189916218
1910321
241516567
365345110
811967300
74796860
827330116
392470765
294530394
369524641
596123167
85223399
236551824
823459732
752559202
891802929
267592812
462344327
489073281
259169651
806303186
520998382
972815442
932609732
905820050
896430363
682509920
510871708
491345060
446379492
62655816
288630303
131616845
981116469
609788555
506365213
756789320
183123850
932398661
809372653
290198323
99814632
461296660
155911350
959774628
653136027
775347361
69992774
484471736
449249353
73145170
546692875
529891722
266161742
402904760
293033636
394155266
301963675
390383904
755611504
430783323
62943136
189920939
551642926
716881683
35439790
463577676
296793310
890553834
385269777
593565839
804795591
85330126
42662867
900819009
539819773
278678683
26945264
798191790
232128675
589560621
667647960
277618223
126898522
72973536
355083401
467757443
88678173
745169768
610976987
737639392
54905778
434415301
752352441
118649337
109661593
234540268
313156890
946033913
228570303
317472085
6451589
359069283
973812686
454780405
664543596
950543895
304787469
468467680
134475329
836353312
529642090
623076888
803643461
823569099
205218246
104018374
947380697
241890178
89305947
290062128
869981805
199045381
986157732
882986975
284132420
976133463
383580595
265390335
919729008
905763018
941156330
730692448
376761368
305033183
417076563
135422380
582758494
885584408
450325478
825394227
543277102
664576226
373392307
518448264
644401690
744503607
840117896
681550680
861420050
963356894
389136670
783469530
778103341
454752533
943632487
459779524
257908418
661137391
786266832
902646661
85507603
66225206
701987948
533677103
389466195
195643806
361065754
273681311
893074026
25816142
344707250
366723820
965378363
996299574
950516306
202213318
336851043
995124489
287621846
254088242
96823695
392965506
671750457
784862697
684103109
381799203
347031905
739097832
689296737
271831165
550706102
958661261
999052121
76870283
753768484
486242855
402411481
982389978
718389446
784861775
279750999
262284776
707360559
329774298
281240972
837937701
98636136
174996838
169391256
901390146
319090288
635027958
401521163
842670669
159591383
537215797
311008375
184524073
156472276
314159464
676957496
599513601
401992058
712640868
147956409
173877207
791348549
326312770
953366307
35622913
729189668
608355253
307057980
268653464
988954565
680528473
251737157
47439587
943812894
816444124
684805630
866501281
865982250
629029607
309986839
126982845
266190996
64711389
212629114
976567947
108655368
491499386
94676051
784013467
537836643
814123554
991722980
354562644
680974353
884659677
921102574
259631539
828898257
487899205
184314320
656278789
536119352
852737013
256092774
264382479
700476071
916577485
163913506
640512505
883483181
694507295
888757789
702814112
204209669
561857554
387373001
627045179
285112595
221833436
790670482
760247901
144065783
335907152
217725020
813139097
922411542
914697228
789344689
849938483
769886740
203497853
738288820
91255474
925495952
192108658
753454752
87670109
924510469
310775630
630787940
336631992
128065212
419217484
224715373
152020992
900546777
484988341
124368193
655367835
90074829
747075570
509423055
573185549
666996629
606061282
172035630
888847710
356758240
946164168
638935377
53111546
827423246
393866410
680503119
79550986
986517092
2700484
899961599
165949971
993527827
392850354
774759423
49523231
686848368
697114890
254635390
162276173
730392269
15241248
12102528
396382771
962538507
886571370
650411891
167871707
680388180
181695836
132175676
279557765
274752981
868388099
531780630
48550755
420163434
531430295
708753530
718450115
514935422
288741275
215834880
791157266
843453591
62058903
335405120
106112106
145458419
818611108
606435569
616022542
198218523
764318747
640558489
794078143
968468676
25858993
600930120
838382352
269711331
369751163
241454094
692129461
418640842
954798055
272690084
708654852
298066594
521201132
154947015
862055688
563101164
3584965
543014137
387120500
461703088
338967974
656517686
365106740
845343014
189080529
429800877
79687112
898975031
104452280
222814577
501000192
918816435
127867617
958699517
377804066
15774832
24600503
772501202
319499945
192374803
869774922
825166115
603574358
251500876
528019410
781734522
32776827
911209530
174733683
690796284
845047911
739533684
401383275
621622949
232986780
62489392
464926997
639545074
303047139
343039637
12026452
566057909
816924598
299732162
147597673
54929829
219298737
74594744
32660115
713658420
988065769
568737329
324808140
131995734
229108909
706220611
832120948
966694873
690327254
898511477
779326814
482192931
31627489
226201589
476797597
899197468
114362975
522883167
640777170
220493013
289911508
130135995
517267967
390406336
475626317
513468922
832323282
958853766
469343001
736843396
643240874
293976237
603124084
784629407
960400665
733671587
690048317
688934488
469760148
360961701
456446590
893723962
762794446
820152617
500620573
34568142
871997567
233653188
797412649
169591812
686959789
384726166
768694988
479434418
472669604
445962388
960146129
924506780
154022368
402138221
815441720
519137385
563482011
387959561
784145745
501101542
674135002
83326890
440012466
764421524
271415879
193877066
408018590
726243317
255160096
246647308
31295440
784605156
293482955
873202850
388853999
180920035
571373833
568110713
743158432
924583385
706815354
666382531
88939168
206836451
895584829
935798026
656283365
444330390
765564568
764035509
417079142
587209028
885452415
390018048
173762038
525132508
691492847
577035161
699946384
519062793
226017271
712242374
811878114
865801166
357825357
131134438
409834983
551955864
864651301
299306314
466741929
799280396
662718063
363524892
311887076
354069933
321046878
252510840
667375766
705835769
605810511
133537463
505495324
702801854
747517644
965339371
196234593
465014050
751654048
137891524
801211011
787148829
686901335
153529373
261687863
59377460
64623984
58055860
533218075
735603773
368594872
941602195
250393085
219659323
242795005
479864475
809632946
469940890
910731398
515326784
99449403
916570685
396768835
380565945
776733892
102964349
463555110
816411958
548155284
423630605
685008038
521976068
110735106
279128775
943465906
319617238
714815327
182764992
54192576
723581811
552021908
537642104
972759584
713315954
520017524
720218710
856873164
573081533
466501851
230211926
515252806
505260919
996114425
310084259
827976170
713211674
720750251
990921328
747040496
220413352
9564587
134840890
988713707
309029444
295153224
112163953
28893903
915101538
473544896
314576333
279802426
652611532
779137525
413604671
199999688
905627192
988580054
755748471
470293009
808407917
850284328
700043368
426804393
544604736
526976963
632704159
611234576
368595557
172267578
202399617
649254703
405783341
918914859
351179948
760264002
424622212
591666238
80251636
751855822
7518754
59072377
62705254
414235667
550286723
828238745
773245684
772166202
60925958
162407160
975201528
587689913
301889537
110831888
923222738
357323540
842329101
907901154
162887913
918066831
635229182
650233942
156963825
659350765
503753568
116684661
746992859
289845853
185022360
727592039
974940904
513033617
665404978
761629494
605525452
612019460
916821961
301067131
970466981
188019992
430780168
138642898
758071921
61715727
7551582
414013266
682603462
974692529
792170427
374588129
990616662
60290142
539214237
880681233
849094804
63034104
213980169
527390151
528779009
689223894
188689963
559212946
830044428
693394055
866636482
168227130
82362008
164573226
556524110
419029692
29292658
369765355
638064750
25716764
310264834
740483087
605778314
359222378
636289380
479688554
623372697
436044567
402205022
182477658
533353674
845082440
115642626
147888169
930430750
773040046
152636668
880089853
783286487
709784286
473720478
924415995
340002327
912280695
472172976
897101996
399908414
845409483
279932522
606120894
388045841
384000600
533298759
330363735
840081904
50623791
365339223
407925053
321416264
637024132
983774687
412518301
843063041
471386514
242789309
48346750
276702850
53013649
513539093
944528394
472750548
513322251
644315476
398990229
595824806
714216462
108275823
255850001
761203786
673868033
147177921
365258128
424178746
989009198
483517327
37489182
149135400
212978346
284178706
596855386
418337229
987440263
831166548
983991610
360708028
367958598
582615284
929828107
472757272
859778207
525081524
722366939
41015057
408365678
175097575
208482804
105544323
951364374
979109611
216910531
596050339
78223611
270847474
104936478
96379129
709445383
854132723
289568741
313952445
459709943
252228296
433292920
795020064
826961579
354126165
471214137
479777872
645005627
716586022
534993045
770445888
279868061
24859438
402475634
649381661
987533534
22934143
31741330
708804226
28236512
539164907
816086818
283525824
615995645
985898338
730842195
662756939
222064151
495416239
759862008
756083549
681680532
104814099
212435
100656482
227167591
285586894
620646481
691272884
74565550
214258712
626402848
188568280
908591376
645900754
434802536
552890044
376994237
153547112
969571033
525512931
312840557
52170901
585395016
432736170
270307458
125643523
881032577
995409080
548241302
597153131
81443820
609544736
879165899
483424541
210204757
931135701
813654191
856798620
5396178
311371709
711166732
470745170
244019302
835841123
301940379
185570992
530987555
908445892
335395384
678046074
699638882
745941772
416728145
376958001
65733925
760038671
861014062
505779864
873683338
758301816
342038778
917107066
506962604
563456321
463668946
587987724
814140964
492616284
143669773
919268183
335464097
674076414
906890556
263309582
862327615
826275208
99489551
111066444
280540371
535709976
157311870
973777444
321600083
720984656
639358275
410324591
931707134
572715889
160155895
765258722
453970124
145024893
199895890
548462742
512727635
417272356
589110916
124809004
130839809
227085308
498363007
976633178
407138303
709130364
973472112
646377369
262580789
940820528
318933452
293549645
287833060
752973265
434765243
576598416
969985633
367407953
446916122
839032288
451301403
446038472
557944635
849712338
258417174
907577782
363644933
20146466
887419780
358954491
747549492
103129243
815878600
405461215
713945555
366602201
665464276
286913244
528933461
962632339
130305477
291930736
468435566
748850248
101249779
651636431
408909796
489717932
79279394
516038799
319593422
873557326
740972240
7953240
690516447
457853164
648021780
126373508
548107010
360355938
754448426
992315878
3144344
821568413
921851845
995657450
680105453
823491730
717403391
310792214
602257398
369258685
734663779
695631854
753707218
912207085
71744915
310550
344690447
988228
466843242
66584464
259385270
229068551
600097226
380021016
879404466
214993745
370960250
278713453
312635233
341004780
816944278
540969817
479331147
31303697
756845909
594948051
63377776
617721680
291054049
55742313
645566742
330842799
573302427
782534939
55581238
999279308
749633155
386287978
336218009
499487181
259284396
437356185
462845223
699727382
202676957
937512235
401183597
553575306
971065508
768786505
858291360
241914433
277779679
286101211
771338121
150964432
642727243
638747100
908466124
261974545
484097583
869829315
296897058
627232005
499767566
122526661
115576096
494949245
578361749
139567203
10115916
125113415
61654980
532082059
942247523
515128950
10460241
956599925
790977892
92304544
547563102
670020064
617813120
796883288
641804998
839313216
132734115
622086847
165283487
763960077
348176083
223973644
355740146
965710803
298978527
590730331
435907556
155715156
455086557
52574994
986690530
24875181
912083658
311904391
260278675
839445555
509895884
985784929
273225930
734950514
793136381
339984806
252730687
925498626
46207665
224152013
984802784
24065783
561311286
255689945
704611686
101356327
956182124
7963310
254190976
437500958
436788259
898657023
250791982
534339570
793956153
896050562
959727213
410152767
48738747
217649020
253897107
112983634
700946452
697509107
790560614
722797807
557065570
672961950
432730720
258059343
576676335
324394670
214466765
851094489
995731628
111020456
298843872
675622133
21238123
294734375
51120036
713787874
365919114
600680369
631614940
716107540
692410690
659422542
753918110
236146567
7071642
812019865
321535780
977217543
817574460
638843236
166767601
920617782
421695533
689600436
741264723
166414694
723335314
4698128
157787231
168729794
342280458
779313286
215009855
913781387
132096074
830823910
707738366
426284781
635521021
591021216
878067369
962486744
516523213
76085712
325878957
798532102
562352072
668671500
169010723
114505156
256933891
688558468
659572428
308589411
125902889
317426415
432004820
198300698
841774293
558096717
138868637
370730186
454113417
303831695
582929685
100822178
211560290
861044691
837722286
13190831
548367709
418378923
995367350
246439563
186618749
462606169
618994495
940869748
739029712
98790557
776641406
973975464
810347713
118966421
924116836
487013794
589230793
455858218
396322053
334780873
634524511
720820437
903275577
943666380
486726085
472000769
952681369
95087252
348499559
590246051
471452673
720241589
856923210
225923461
163129793
127656687
977245594
106926608
319648710
118180515
715743010
642126753
431254784
105253371
225234546
854921876
842285164
178676625
971721477
74366601
586663347
846329258
406818651
532306468
319527589
162055633
428509307
596052184
507250019
306668518
652524700
590066076
930111349
614611507
711387674
669230109
930851236
923833332
227014404
349944951
808826751
869744221
390666872
244513966
253890158
293256704
940888124
850777331
117952982
246338312
180826741
459064553
262305690
271769840
38602549
38928168
14897107
918876680
701656635
575546486
768530231
981911836
414661272
517389791
346072408
379900160
423612800
884446849
329121922
571500847
182831540
599307047
313361265
901324446
310994507
315093549
754352081
317134502
301807950
715970125
60534630
276982413
300712619
593785346
786966781
375196387
389415231
610923103
191905287
254493640
426456998
256108781
748362035
911094321
579680487
654273014
511826823
532332985
634989589
684337886
562360553
805193207
147688727
684270245
960160882
747123965
537026965
529689454
468841641
96082007
447184793
179758893
43641147
566278253
897665175
380969457
73570318
713221807
484739464
822431020
955543769
284460305
471732265
520813894
880239993
612473462
122566590
955155374
862432015
169012302
340905151
46658836
237965353
475958163
896045429
785814405
788617450
820463483
847546892
225778631
413059929
642108167
856568796
917141254
659753118
24145039
277707082
640742256
324785277
837004463
261608460
971115123
750843025
772403092
223438608
433828240
895576149
255780820
91307002
380134500
430202629
326353804
582941961
226044232
525719287
552876704
88403085
936826450
767572624
904214063
18626940
652637768
907940807
25478668
60482315
511348842
273032284
775712222
678303825
327795471
772493906
403840719
659836782
788483667
641120503
480008062
248683567
312553297
599121697
641896625
983883287
431004386
213860659
990028590
330126847
478460124
273103283
186073345
51616573
655098831
760534817
594841749
768354245
29283664
838452976
839095366
496263603
616679517
757054383
796011551
717585343
189500756
671780437
463378672
965340923
550096584
340000921
558114963
860201609
815159307
400808386
877401783
540404219
438179095
310888243
452663451
293115247
93807601
589612979
43265839
448928050
135974752
27194991
590609678
158509577
252356442
558768827
99322312
544911179
930645522
920904747
517073931
261258101
181355118
680229214
901779973
313067561
842132636
498164864
771202049
534549060
656072145
418228555
569646606
93741980
186890692
856457415
391807252
338739072
720430929
610578964
264897374
734163574
735218869
170704478
530939398
626028168
537112462
48806485
911203027
403926876
389701658
937994770
626890440
418623455
842301446
735172029
138102359
126747107
464613347
182638188
274308233
161305035
30417716
938030620
75369581
467464256
197377617
556501728
585145118
124466455
698061487
212084512
288640884
385005809
754622906
631460398
986641862
710794985
747388090
193459292
332042262
754679983
290930869
327831916
785264178
107578052
719727561
931725645
556899760
80076705
190313915
179762574
322368416
134413446
40830381
308846345
449497886
751933501
161853439
924414084
740281704
318212902
922746708
781555955
867199948
992878037
83809911
374585987
994289858
21795710
645586735
395300010
666353996
534385208
141704220
155487349
654432643
944959892
924055888
154659973
675404741
886893909
997220204
718612806
239118234
71588407
174328366
881159113
717095919
395092375
50619831
948012298
860437764
293349066
214109204
673115626
532522978
396448255
58057939
253826569
234919765
623292308
351821193
320099405
392879654
564248194
498308897
451758596
449588822
945542739
326212788
402279957
791178902
193903673
548580641
509754847
725842548
910831329
981055838
311823184
221799991
67229128
271503357
149668330
249598116
936610722
697044411
777589836
256154761
412898986
811202598
530832069
225162054
471816445
771873800
772080900
292194072
172631393
615138021
509016663
238149211
698125799
774436228
260748923
564259422
727527656
70510174
726816603
778770903
999113465
184960171
705767056
97299977
204405114
60476792
237814990
959481511
739579122
369065126
755600829
978595324
712138786
105598747
185736895
704579022
618787092
430893927
341612036
510184190
33342362
995497570
666389324
733938091
310460662
423761830
47925718
932510014
689123547
35654027
337171815
671626937
764529114
451530418
25193571
275887295
763714827
647781724
851826041
206346464
938459169
11981678
712336393
874988181
28266212
844267912
112549371
706027913
726936758
833045158
297741656
763804127
230364577
722552790
827570960
391185288
241819284
736887020
156914762
230498306
726942021
118377659
553775686
6174833
957813874
313120400
287654919
585763548
742249660
882632159
523559381
887166499
421074751
350003104
798221331
997290983
430882916
874985652
714091807
127212100
122951281
880464348
332773851
797087596
447934186
65665964
371279127
779660908
701763539
415985909
39446341
493051282
265314574
513177303
724842784
181991716
58084282
969556628
911920828
510823174
365802092
988924943
520194477
407395257
646845339
123156903
323403488
118460633
787230119
802011134
137399385
77771560
66636836
232589381
259074539
459206470
478108183
283923188
781664835
678937976
117166559
396251327
439341159
251849225
403368444
874324752
700377297
234173234
240487065
461002285
746080095
419110981
789973696
638256507
82715565
684462058
645911856
780218471
215304024
352624957
338352935
304181722
651527992
935267367
904959478
400641179
849258538
190432279
460402847
677572374
305564473
585585580
841313812
810458896
690821611
957673847
803191626
781512488
286740954
98559005
597606235
568744628
720301991
456282558
617257548
762885838
334607283
510825318
199116912
883055558
574536933
107149939
348336975
908106819
795998942
104542996
552523976
923550438
615873962
695514784
596200669
908695218
332202488
578802686
566040824
397399209
429826141
645974785
437273708
113805610
985177821
522517966
652886790
214917849
599022715
96688464
150460598
122473483
793884433
584348567
347937552
315285766
43134587
661235573
496007045
419654116
913720307
74997822
472108495
256745516
710656575
137585372
619341258
269475142
688763392
194187918
982951489
280158975
509746159
980862678
90883800
650738648
471192317
211538867
247307341
524524602
495808280
376105988
158651480
86211672
529818471
894846365
619661909
408464516
350378637
5882068
253909360
185308590
649996830
941162028
593045867
591984552
784747604
88771169
700861535
677572688
666059990
952867815
89157823
94624479
583871111
501641972
64381472
533836701
684112040
658607475
878813114
428108775
304501849
85575837
116222044
285259611
918733851
544233642
42070055
291829498
890193615
493077924
320425680
643711848
396904894
634639946
388620601
473822095
46627450
659819991
103827374
137936157
568497360
366646291
12070152
646198842
310663162
858596613
399520484
763736004
725442140
901508361
352562251
481060222
316065907
788614689
325556139
833561261
769169386
547563308
820649846
114677423
833645741
991232481
375253050
333182399
354250762
815719764
878807719
144777389
715293415
187566465
233917182
613331521
991494680
286319867
846479572
677393681
41467154
706870618
681393143
916970484
198961755
359920761
118617865
757840397
483219418
5439475
363276553
913980085
143521661
893414805
282126316
191051392
46459448
624317190
5736652
45821674
350680767
497460749
337601119
461371690
4076491
998978130
5054611
73329141
958336885
597576774
811718554
350858112
220916779
771575413
965055640
189818381
666865838
866544428
437066971
323993844
168092870
708491709
471085408
32921472
71335095
416413345
557204914
497989765
855990033
165576081
875287451
838743316
12820467
144933797
910145482
521376087
564464958
768578501
654892509
668833466
122421090
876751126
820515132
245446622
954986305
325484042
209218662
77384908
353922127
403875558
181962511
847159874
902971383
687308386
136143173
703091252
528855385
68958129
497546586
109058727
703401908
339092303
288447975
635561578
943463013
764591559
938000337
714802253
14683282
694060567
550064489
817550199
380560272
48748286
350266396
786943617
828978586
444526102
741867355
755787837
972819236
42549996
568453766
970110772
465322353
707301910
730645264
945628879
553071715
56596444
24378978
165540236
82300474
856507179
42512615
459579630
589064127
46064681
129475443
624360579
701647895
565150607
871187192
657720655
392729914
961055150
974734294
918257214
142808370
129067072
871358320
24747610
152610846
673561400
921598677
91724324
962727981
761461324
641660000
890385867
206899993
129273959
634417852
915686476
780911714
859195738
965188194
759021073
741122296
560736806
781117790
280141313
176187542
924928366
246704078
783196136
611029476
731335905
696249098
853120104
628215269
782196484
667960304
495222765
249014248
880153995
297725261
603635008
680398906
575465750
794456351
98671999
61391296
455822297
575137986
271912428
124004123
595787018
334159889
619234021
930781144
489060607
666191971
866839299
933816576
993742793
386953503
242381411
470227307
937765690
185091044
684955272
278251732
320530263
780764237
530957776
478575280
905542321
731410814
179146428
538431346
622509712
783506041
463844680
337174979
338107128
609466787
166147792
700275382
303719395
277724260
246857622
147849315
613683800
129805614
50434073
820924951
701014956
436478918
573687460
288834106
698049377
642096624
656317436
667112991
439946504
666965689
101268489
904656138
464584589
564890752
601052051
521789893
263653688
779062889
82766914
795694491
412079515
27776374
834065129
84059154
916711248
641050792
821805966
311886846
896863944
143464376
374964455
978695932
27827145
236811798
932268430
893411699
452111038
807770183
396195216
611604792
590277822
883006816
795020305
543974383
415931187
263928018
804964130
823511718
166502393
393989918
897549359
369909801
891362737
279856439
364553637
674868421
984848136
948881042
429577299
477196842
501900380
257963054
47039322
479421914
581026365
420125190
369371241
153928824
983741182
104821213
765757557
509300665
751070280
603451447
532815461
956410683
812906719
159446289
105420676
545038777
330452103
795523018
362480656
268900278
447365854
154796657
660194721
785122044
762267302
306835357
321478917
833954550
636736483
108973036
111425361
39736981
311103193
700275575
45145040
386866186
39194813
759166408
30185800
232833928
574951974
644648456
900327835
259088685
369846994
55410990
135248945
667432735
383832516
934654568
79923462
730982505
167470215
706817606
673708384
429043689
726943943
931506979
560249604
146894057
173669883
828596423
11969262
234891291
556032444
472875086
14944625
410733557
144157435
266966543
799374700
958020439
857820882
51703194
274590814
852852343
710853787
319252548
887319629
467410403
899784420
699160382
310730432
449370062
866225268
903368131
732451000
907378773
778562873
99203224
937347084
863209557
395058195
293584902
9643332
147290489
468754224
447191471
441129948
421735626
145289252
32961871
829246493
599821723
863381294
16991379
371791860
434267932
238801120
63573222
604925397
537158728
314947664
407467368
14652391
817064948
982004980
951387896
125589610
12259560
215004304
601983756
595660149
661941271
436695612
442777950
151331623
420363706
677344160
577824135
489932771
32802249
493345048
450173985
828126003
576312315
559380350
508348730
448876170
220418625
453539882
570751194
232488773
87841003
597418500
765407638
178150512
468459214
800426478
219182299
479673480
568728179
729122777
337584401
625092124
516095946
762046507
810673100
122299188
510837701
953869511
11372933
699436984
440354277
991188536
417345866
793595555
379661802
918377996
810556259
927856641
8058581
574489837
609595637
693075079
635562545
885809762
177099492
280057886
347589295
148231686
871065300
898571118
820901360
717303548
193274955
64399862
315386067
648821150
138074249
630402315
871943909
873093861
806985624
435721046
998618432
986866703
932950540
532188558
802623204
117683629
802414158
770916846
149021997
961834377
732579824
18201300
106807480
51743400
367112188
289120361
140744557
950364023
561280396
132007407
846514137
566861618
478742018
279870283
131196620
499073926
642617557
954037910
542045642
916998657
884996290
534609905
705871470
954877441
381635124
650166587
198465238
100599998
928783484
890859409
260424018
905175472
915334580
378614239
233507935
251796281
855331872
663549338
692053276
282007177
958674414
514587251
32390345
134895179
186560563
393039732
770618837
171074846
27903892
785439519
973752153
491228887
731305771
382889229
815111332
421531181
70486720
445455280
769217296
363830643
265441473
679174393
862634664
775658122
923620232
530617931
360891021
474653465
92081902
931058981
474645905
578057665
708547729
66975653
739782382
645603605
542272641
737373248
383178897
854602032
560634669
124570312
120351564
575090560
804452887
285843897
577524352
959459773
114832673
458453190
170964329
871868322
369507561
157837092
324359327
835279130
418311706
518244209
129168774
437638235
222361830
665157762
693544698
398932908
11433610
736802737
267357200
679279721
364491692
459294123
63405811
595215096
659639221
3072542
480258809
984668172
973221478
336400035
494132384
475851555
479588612
755686049
546313999
275768880
812777940
444179547
404138735
272502568
118183992
652483379
336554244
124292770
444817697
953882576
356028027
715631801
631326687
214176388
223657081
30854553
354922016
460392183
8397569
130812751
394300684
794843115
373321902
980528245
160551147
898204298
5767718
624020152
451074163
972954049
399152093
925893128
563512773
542503041
248553172
981205230
337324430
849275206
943742856
977256100
344594317
966500203
723926064
405324211
412556959
752362370
585902347
319349311
907836308
828796181
455351678
384777864
922762869
335674329
923396101
204772229
937127843
734062101
526873960
835406921
791620335
133369809
456519526
759228991
126222674
430276250
767978750
147705476
474945987
752010896
229078590
561970561
363534955
246221225
940459961
331375631
117742167
977277497
287890586
273981844
712325984
694370581
97980024
461164833
968190099
408546904
783922460
277530226
12307237
731126617
572413245
535068373
974911728
453627316
849242817
630113599
210657134
162857359
715652133
147923367
260703579
2211998
619131094
418651967
80139861
789073197
372794527
191830181
881532513
898039408
507707932
642906419
725064195
805114739
136100088
954996941
595088313
127430393
777345877
223822708
716016124
550147878
889520583
667651918
568581855
705436954
872294213
233910373
672486719
666078446
687079809
710394688
937421104
628840829
788666703
434044450
669557885
592766552
87130244
590799393
465682549
100380004
478550789
602128224
632821856
724798801
72490742
61839209
77127275
698943698
118508542
814206226
478447780
485759945
7421829
371129446
708893934
45872642
216656008
312516814
218009363
609031831
950667963
470977962
480012546
635587375
598881618
595339099
604877662
113647083
504308092
812001023
935046421
862087382
716892667
369876210
64096750
811273000
927567482
145223004
849505565
241108498
320645268
603867335
491364644
322656405
404753611
941245324
621538677
793636868
501537635
879130400
142855617
683393865
727349060
82261115
527867793
923483008
60723133
849371294
268975533
208390556
590076685
655669826
604169207
714590551
823276799
766614460
818035533
416156626
85494631
950279158
110542235
362423694
852491676
951461398
137715560
289884374
777788566
687511303
72327882
635881841
246641390
965808098
524296199
129639141
462017449
905582771
964505115
643678897
151184749
781323453
34948714
563150942
24585267
366985997
830433201
923229989
392527532
409283251
959576381
46193887
650222838
461405614
625211813
860631359
984465837
140261448
697085065
394187799
708878526
401930108
380017132
805125438
405688192
784994515
527364641
110782640
468865287
806216151
394008382
353681311
661248232
549881592
781834668
979524648
646249793
325201018
273042944
240064210
906644052
320222133
64791737
689552240
844234002
753134697
230246872
373958225
437299380
429376534
764884367
641376175
473237519
223411235
250831479
269133368
989547049
55027006
377756248
695782590
18365772
969282836
368640810
717508678
297072369
739841837
547960623
684706739
982882624
255726530
702246273
496369217
642832082
544329621
739353863
428686407
499371332
87217691
479184897
181843181
365461716
601097602
131753752
640581184
172228533
979364570
937000776
641570387
638143128
360935273
781228954
933009080
481702545
371616336
955322690
319954853
763782938
639228533
93660176
724004365
308081770
499926897
321027543
194374832
462138580
757566745
256899159
49898472
923793372
925209306
202336879
623919519
710877405
283705014
234107629
572959846
548053142
595952154
202730202
514707037
424176170
297443221
692612624
450800965
745388652
557022880
82753419
670172597
396003663
182281497
969540767
62940485
855745812
373246806
446323833
235929211
414614243
230361477
277944895
861893363
501188433
489622300
370305550
30316707
451246112
412494499
473808933
158697175
858694173
622525339
857547425
772673949
488862774
110001268
378784841
45188948
629876812
667181046
69499404
647321797
680897460
457028591
176122231
705671076
196512047
301963466
840085173
137394764
173409234
168222868
826129855
99481716
115221817
737654062
836038
879924106
380604569
101678291
350782385
738237796
166887055
31639989
665374464
759776103
791738561
106383854
618616062
881528447
651921314
554730367
874858152
507444778
423507895
673056767
210807933
558870999
647402022
23346142
43480491
974632541
127313819
221229287
662114621
891094103
899699841
510755359
263935707
881334846
105013028
97221922
134303208
698041520
971828586
949585238
220380149
116086084
286080744
1380714
376585507
211295806
817642155
512492582
588793766
657162765
985598829
923427360
565584125
734108012
127663996
125268468
727282813
884208016
738936153
661567150
877133200
61630845
464957376
45202532
300603089
542528000
758032868
405191768
972397974
692386989
531231678
690980103
840249976
48058095
171933741
788724964
240231442
46159702
77911336
190242152
297753257
410235627
13664021
361110584
556063538
232690524
224641548
292300759
830511718
915378615
300167936
674882916
111292278
360443216
482453518
760040067
600812936
687082328
234256153
106673031
67336804
164441253
834279573
98455548
894964075
753194216
979251297
283145732
627958313
466514074
990845083
749484307
36563123
269957346
166373611
975090450
998956435
982802915
23829672
769660614
887650091
359102733
199071481
840669360
434410283
10921813
744092874
710804081
223639215
636303437
966444109
328315409
88826977
581894939
581711299
839236973
821465371
190435483
786824466
28986498
414698288
502724337
826470088
414801284
758342068
745227970
568023435
867151318
452539442
525996647
649895790
86329118
781973793
587168969
165778167
398008182
749658565
996677962
639487432
730008863
108431217
168992733
221571265
46776247
505208973
827607874
273344684
305175404
149761780
729087433
450537840
503641908
53264912
911414899
969388289
920673094
985404006
778103170
507868229
534510878
495291758
56469855
799517592
318786270
979690504
982570330
435323636
348383123
772554141
518735620
723801976
985923259
789610864
408491623
938326310
480367045
807024477
852041163
192047994
833296980
670316643
966433878
285322032
434499056
155716199
218284778
261939926
706964509
554020026
723211778
493170978
456926783
129182319
223156878
897905640
415827604
363121192
555954399
526948224
163551538
589506838
777769515
754019723
307443306
776325851
719652699
551730045
570299136
164398313
276091389
200475035
434061466
940395364
493878375
685781219
180658949
60712001
681338815
3272033
780053577
553215300
241401171
592640111
536147726
762302444
449423498
946794010
598343241
65821510
86193915
242577530
762253549
711831647
460893893
384304764
857189607
267297905
79575706
426957430
453694447
538592058
723566188
472003880
565861452
988747552
406915279
822135631
648022523
437415088
74273113
669884947
654728211
666149050
724397188
707824902
550081851
360524871
103618489
657170519
89097257
517736703
2413143
381431750
358759247
587261901
152475398
233459757
774778168
535616787
491292390
593541475
803532511
500212828
783349067
867037573
113437583
736869571
413290173
1087395
245269646
526123245
648070895
569189071
89270537
372569441
332891037
4762117
806985358
965748204
923768447
476007328
234794855
364412971
115916370
207245486
703277362
154336455
91411787
671232376
704723750
504851144
946458386
988669118
290463244
912155788
886331761
162839382
397232507
522398559
645125354
532288780
407446092
446619162
962324872
24676146
433113770
464025700
53329297
348649928
696987359
301331772
568228450
346727869
481151986
232059816
972795178
18022612
100220207
154033946
699464938
734341024
272689814
543431477
509213191
529614506
496927302
11103407
413414777
308758584
700861748
464343993
33953578
823684189
608457826
786873045
583739755
246478924
760312381
804734531
761281845
371828077
32568543
470400638
341845426
124921291
840287331
721861373
931875300
328647828
62813063
523672746
641504986
741434138
470314466
659790488
717167264
368671418
161274448
599540023
805308374
49240766
196991455
255155571
416604385
817816878
462289881
526440086
599944027
764075843
24693726
937444090
122077958
604002714
166657150
485939703
932896553
146600821
778013900
511616261
36677924
89673854
141190147
379764235
528867748
799485174
465583799
64917318
389042211
789425523
820219426
376505005
347315805
129946043
465451721
577535989
163002027
935772760
458519687
152104560
178619166
730760699
963388260
172764477
515851765
291419920
682862941
944109248
909312129
814701708
952054034
32258322
710833137
949837128
549902523
156704552
958947924
452201585
973489686
979993412
224151917
252882192
655547640
324787673
871324393
739780975
397561924
41776046
987047717
49450019
975908866
72526510
829984319
420806338
721742740
794027673
554519277
125444199
955203842
111101687
80474566
436067696
315513658
211444560
167182015
779760871
706584779
183230324
29336864
993317984
919934820
368103159
247881163
28857981
755859154
719158169
47004822
837608395
927257425
924527546
146073683
55255825
92509711
865676831
516648827
69375593
832632939
900703815
105974317
268176113
102999092
584594303
523948536
153030653
548192253
28580679
118317442
335753172
752193428
368635529
967721872
795625217
314636374
665791643
602505236
729787154
908076173
840582387
294342862
432878461
374101538
46883177
54573617
151829123
645623966
828654844
207435394
360642397
980879332
753118157
433907858
342578396
100158877
432159089
22531445
361811305
213343101
850032692
976511305
392405895
430696340
109485869
479451509
343881038
383141502
218092374
779973454
343950764
592216536
207671784
68849758
481734148
386268042
10306177
761813860
760755198
929208757
141798562
372523007
465230208
860955023
72173545
776316899
900052683
403662901
425764197
922124588
531356639
58062536
795416440
991545463
947768405
790335658
710308822
154867635
184967680
670026657
372981314
912565266
509003539
2976780
716961742
725849465
285779755
643512831
95948436
544781138
401868767
619462738
99918865
999854706
148116504
120092093
915104337
385795092
358404617
757785191
367789797
740479959
930378949
180240166
388968605
919133094
859307532
638218590
656909288
80685678
58145256
156533197
269487773
753117891
512053191
601698342
240965372
716521647
986220907
548243929
404979407
201536204
390312128
228725695
346753914
67875715
311498113
227397421
447966936
516837259
971713017
328750058
200413003
949499447
24360034
606993672
974481797
882920679
942870898
518314235
115719672
334856079
148353740
841071801
976894366
665594198
996699609
504213901
723701036
495836974
772195580
682078973
683142112
914943877
578912977
690326480
465208196
770352984
6053032
204897318
545239811
976268494
978595927
141668769
812989566
774545893
29108883
614369988
644224276
423888204
550035441
284833314
825049099
896921543
519156669
468099254
476740204
472930902
675521263
554983909
49240337
356417638
741775940
781019233
113313405
635727371
729349160
928282084
409093862
441022225
352770052
550003650
550386055
771829881
459535447
143178876
262653740
676238170
437400813
12150277
294428389
409285600
534392315
214649249
517371777
217786455
324935021
664125475
710887762
62633915
954307590
407557868
618545040
570022886
263868647
527257871
433862197
200400178
819687462
8757722
163663292
247377849
272396763
967068412
846705622
402537426
704791620
669067193
110623483
69705170
851298799
357126913
672576718
259609037
422319231
594913011
289068230
189310536
150260019
653399623
688719110
385163061
103242297
641448931
627490638
300503452
380728639
466879918
77112870
312958648
760690867
543022782
685159287
887125962
54553820
900165077
354343315
480519864
643069477
833388450
144443633
196183697
199460148
461938646
488905828
510928472
56119130
439670446
521294256
214169742
488615350
447122199
434612997
659410448
538263681
168727997
859736671
488865602
628676296
44506835
534728171
807134908
527356480
925290970
130444971
752764235
530313501
542616781
182367918
895715074
251420550
23182392
428456355
674763991
715558738
111501814
515551087
504479457
50457599
205150827
316962658
828246219
484123005
363729423
925716235
294657855
973257491
302188252
560294341
936231839
538424536
260151133
103753112
223737311
621034560
983526162
591310557
302981348
58883581
21186259
99024530
617027903
746911658
582690528
925187321
881525828
147706370
178647303
732555235
849007171
688612684
157132955
852670136
821401484
475285517
673079152
81647396
138474135
139489119
553847668
613582466
833840622
337646847
564600569
408684893
76059205
192219567
803414857
974227929
291761548
625269512
725546878
44103130
376077694
459872398
468488545
844550892
630334295
364510733
875340992
131744633
182022357
69651137
27288759
211844934
188104931
315783885
842263781
551380461
969430279
785224436
10463347
216696144
975545273
759543283
968985263
293491290
352711755
20005996
959197622
230314072
84461441
221341546
921027870
165928184
912887948
957967210
498461707
551239421
272972853
57065768
747029868
908462884
135533861
976333855
588084323
41694141
371577428
77154924
852442455
989792739
858266052
736649167
957801228
910397372
516511835
657320543
694881057
277049558
115631911
945173781
36196004
617036751
925916902
506284077
884488528
153833361
799080760
832605906
573494557
729105869
645629138
165492184
929445384
372055020
599554341
346655872
572368467
650655670
402390628
735161358
442136272
632511273
826800915
953222491
816449782
934200436
112084239
833469101
362773409
83855014
245054484
950541234
966750521
153670273
914121174
680255173
812084783
818424540
780857997
4742122
120006261
775105629
118820060
555317328
619933387
983032537
569176096
554872582
190934544
454652780
621965628
443614473
568070730
207031992
544018223
690655943
860323186
318495978
466701096
427631179
339041641
128695546
706546536
188906895
783061290
137835588
808652575
248042212
32672565
238214349
648821543
371330133
813385743
271594734
149849972
369254417
739472323
390365975
912345488
136069072
377207488
285276871
244083911
892196518
947180180
147183388
671526412
659688940
2240935
572584773
384507389
809758504
255567805
742496035
525013655
168247313
666112031
89317254
977308788
562255586
546166491
15461975
495091086
186613881
488665269
154311018
743012889
704284838
282494378
880385637
926397827
551282150
608037663
428357463
895223212
517819301
484125329
117924451
534854523
912792796
579296271
530033012
912849554
540187764
783926522
172569133
615688737
604250187
471294228
918166023
190086100
481677603
780444963
484348039
299564279
660101775
520814103
539774149
702395001
118519918
195640826
548603466
625355520
186382288
9224893
78895510
704651956
138605048
892712925
926582431
902301952
811312035
964806585
154268497
872913233
590046468
134220307
682298001
427575524
339627176
391529332
112366016
207454542
454718158
303138694
62638495
834295078
119148845
236968335
229453863
98165997
30764007
367884513
643317880
50676698
921159300
15483465
798425279
333546649
785062616
806044845
810812138
621264655
332746910
440622102
90593617
405715697
140987664
887451113
943877401
541411663
737960552
459189375
845806903
183308114
278522581
335072462
293449407
381635122
284072139
661470300
288040104
881418340
851706596
668244827
261582335
486036194
850346128
181587542
133345471
631621941
777670212
455268903
387616670
330960216
962880585
676771382
806254411
928882740
98707694
333742214
510013271
485221364
973380889
596043609
383983146
47591901
847407902
949380011
972295556
818330428
448330993
779445658
680639069
562193774
167223534
262197246
192911581
150192571
696575407
211384040
297268426
94069277
329373659
137219545
423823915
548389531
645446056
176927056
870314883
116958511
253424655
119648727
316323643
597632279
42538569
386035810
277997607
286031976
519079759
84855516
625070673
405725509
267895427
375309303
895826920
404583281
82156111
81646036
394304640
325272221
616145607
861739647
474216098
487639229
923331095
794325226
285382735
528960332
486681689
78175282
903602079
209720762
167706284
273322770
29036472
332775615
56844744
679696924
153202316
195917627
679347324
876259362
22340660
369024754
298101279
746665077
319552103
611092359
823984364
768981428
583504900
95956924
335104511
140158509
991874459
60500560
866415895
20586488
136983448
588921021
340323138
888314087
94551408
287714497
310926995
190876727
469874587
996111241
912179892
152261176
9711765
62341721
34149749
303359070
267208040
134598353
821880769
324539698
27389099
770582870
556362463
292251145
615195272
74595884
771574835
276079609
232555216
524964865
408284762
669362844
597163140
41197411
591023151
83100154
661482118
989718370
216480266
58675838
584625753
244454855
3369710
651663434
947807220
187359943
877503064
435274789
146159634
831908669
657492000
186838250
335937871
13845520
741855072
510335757
311481273
399491816
195566237
219540658
685128471
786417568
4757711
42803261
295537310
735960415
520714788
432435944
170782987
644363075
758578475
631285470
392453596
887494964
931366839
436173643
988395576
318655840
738735326
633252732
108530838
265581376
590825784
513380708
785916947
310446010
699359299
218229113
785398067
690541567
769507022
791732487
653649841
723442578
184554255
939913390
401048760
990140003
699719939
281923119
583557906
965848032
623273740
551904205
846573377
40395943
923029726
153000474
625049891
612505882
702947374
423431799
307951146
113202008
709022784
609663851
209357498
25766922
254404060
445379511
948530750
832353164
846237858
982797965
862371632
584210694
265459675
978895764
195568827
649550063
28855263
852928250
944481450
393114346
673044748
191646339
161096207
79990998
472652768
283875513
175744703
552677296
542588817
763848828
688318654
543435209
293387052
125493010
404075907
962389656
833327938
208073536
980117385
918706130
499769547
669776298
449129743
404289503
398172098
872887938
938907577
629244414
583405053
414312163
816568656
624467780
145740785
792025690
518004710
911001304
363231433
403798582
707303429
441298401
489409099
280966387
197966476
885975282
796011584
89231352
233678886
98955189
220720278
82630134
497053240
149144626
881487907
870165508
365809799
506718642
299498603
314880180
936814810
264233125
465714359
162189423
149206997
594787830
285102059
410883183
760312880
33540631
473166974
856215036
594223440
242624123
739558031
402446122
497477041
563454355
488698226
166908420
16480891
173286175
507837667
361927710
402614097
263533646
257450532
289843628
888392483
622962456
242069952
656387412
199177307
146679188
288207243
806165113
117719837
888364961
28649782
358965620
909101020
960329810
510320484
460993320
606009762
91829434
74653225
48807479
329854170
600945981
20057496
412698399
540740116
326588323
813306984
256660145
789974537
758875140
682603354
324272939
217931397
951146367
332767134
827321256
510600364
837283131
568922234
914700724
361573290
28411042
777874720
986449453
641025810
492308930
902985853
309884980
811785555
585392201
62492309
990341090
492836494
399462317
55160376
3821977
677430192
993994766
311754238
69698738
348225828
887744482
672595841
376792402
361400700
188647292
98389469
568869813
966796591
855611592
295925296
293810241
22820239
166895608
419744016
457241475
927500786
527887595
221820843
735953804
959554731
811855262
754439940
801416609
896723835
863357566
846129131
8487161
979285625
724518189
180591467
475358220
360575140
439672561
849758385
59167854
159931400
248768561
964359124
414180107
344077734
762994749
518507354
686617440
545267848
986359037
294170032
207210168
448923604
977055260
845621960
451524796
870629825
459978120
878289776
758129873
613069449
109552599
152378447
179488692
535035221
878218839
18600320
47951903
731006483
16476336
152315584
810874324
964933602
763724099
178928900
614124668
641810948
704465874
839724793
137096836
944019207
864789547
655150856
173701090
720722378
375248711
644881663
966049150
443201971
487124781
661354604
936569502
811392028
117829118
173983830
400168989
873757951
654882994
59219142
365618819
7847176
308150295
495201915
307412846
382572166
249203808
331810643
747738640
603657991
39903709
439907473
39886341
901358996
418233075
958248526
291476483
101654147
814202555
42662029
480595254
976258706
830978332
73730567
900755654
641823688
129840753
456863731
907092671
475918478
159612568
397411862
670341172
935225143
360666911
854981771
62767333
582191472
943274631
429175389
735555887
171291116
372906225
113916279
234302617
149634483
163059634
707933341
94191085
449119764
806794489
291705238
502625071
137696450
142153348
789697872
661685392
489375406
876191594
79420887
669307817
64110197
457026294
390860596
769710042
79369857
205911888
959357161
979928976
439748133
899435320
515531061
587038293
37534233
774084313
229307401
167338052
622258973
347757120
157527928
640791004
51108556
742674553
655863803
53276384
440079311
999261840
336647086
148555057
232611203
293642798
43052632
318039789
808698321
144597160
655732291
181915153
680058972
223167906
858639717
355773177
814520639
669940300
188624167
307208803
403103823
776384302
106215984
937067672
230610681
392369375
953069297
609856912
381851807
694524843
261953859
487380251
231105143
214686847
885720983
417333321
817762726
60778351
46558696
13517436
526077922
776683940
885597377
448219394
163468599
590893403
161144524
513718622
486138244
607981243
115481728
552333105
127818418
596861408
973330030
425062407
210326423
717966340
182416508
964858814
234656456
91941087
555751679
707395031
965047136
346924054
512311441
92742333
900640350
889642021
959426802
237490772
509265514
348524864
326494323
499437638
428695308
387515982
257573972
936548545
630634512
878906441
753052281
952910467
695946538
107982422
450009221
341905417
467526509
400627349
747230814
305721187
920315732
490262520
884853208
746471816
597445887
67647340
188481144
468192208
436806574
468714354
426743363
873259642
64679862
836986757
706184825
568186284
335664709
649947977
118873844
697022280
7839615
680251890
402430870
131215782
182562339
180483714
448036055
971834424
819591154
212244671
119941763
672485779
947743135
154163907
350798129
239334917
936029405
670067753
714817747
156755282
159176458
656818199
450596826
988974408
521224073
973758910
920170978
593464848
232771750
840836490
319593373
982766673
779855529
918414418
426645255
940596332
758988650
924740512
529570557
215090220
191949091
554708716
852095984
623323012
658964379
970953256
711148478
547153325
627310441
83714709
740138449
72767520
851160133
267045511
813853883
33330783
609975956
511680708
615364408
862387572
971118193
426381095
988943643
715385250
869721642
555126898
120602963
537691862
583653155
632060689
297818499
288496835
465745439
818007227
72629513
546283981
717862791
138386510
158429501
544579324
476676779
114453546
21259096
325067753
413740343
31207306
290155235
884209986
665831371
956465852
574024265
546331646
918235382
38189113
891858460
737938134
36204566
185524043
257699754
136260634
198512318
333777520
272087414
978192896
341038940
438419295
784396890
463336616
685343217
623780680
567904310
191756794
623636084
402395382
416514394
915398257
345644512
55519838
428485898
447688294
419681290
736399561
930878197
461607739
128635442
398171117
181670446
427758273
545395799
432286341
958574398
778157815
157175370
928423417
300933038
280215043
555731388
435710611
846772893
849472376
276757281
328708920
33138673
932046950
627563311
328291577
598914904
115029175
339760095
496986949
427312685
635218017
798032881
219532742
962993279
105244301
320072769
769082145
971560464
725958998
588350669
229805117
897489810
668792239
425079990
113033633
822781988
871878404
56073998
988494731
9842628
991245622
390662888
441648339
37843797
229861524
564092073
391520171
868478726
198346166
558167800
134035966
120580031
412533686
670538642
660399906
346830054
853194822
826239320
233955919
20216763
493165074
903679428
716464306
430495269
675496638
955350707
979500120
465743537
578272845
891454994
798031210
114061332
840540968
605083848
856835806
124085784
218451056
254455323
270964609
872617988
382029482
933366124
897428456
195844321
457022472
717081823
924172984
538207886
575973537
500616675
160005911
523419386
559520448
897907310
860316379
709740933
376529680
233922675
290174867
241833167
437820724
954131415
30497002
188045030
714748447
714099225
256565282
122691128
276485447
292919023
94628525
791439505
761479629
834150627
957286220
320571516
954429686
148836176
807614750
187107300
479272215
103130455
15552747
703836787
684750061
141363260
30067515
538747371
454968459
699133610
972042812
834108108
750882371
627440254
27973074
841916363
625935201
580423276
935914161
778265860
320546606
72590310
351508649
924544828
125556716
242914262
236240607
481548510
873656510
834503884
221010745
132012815
782834694
91802807
143638207
963010450
822091759
57810576
929269190
432300111
794439250
530413837
85552130
65943654
812145336
870101833
417770344
578566487
202318471
448726167
290200829
906223138
740702613
76950566
368126483
73373175
589168077
183500241
566475715
814384899
267864175
597820643
392088075
813900763
487504350
511063619
238940071
36675590
71771628
369061922
542717542
486262386
431933814
142350381
467495620
363638125
333498996
346540928
719623285
791285263
580221363
637453047
678668445
946854110
398559857
789969445
83077048
87996009
447592369
668865472
647638892
79896645
120706876
502213770
603849328
783742624
343392175
883893535
800560934
423607108
401409680
589949893
206077263
484458108
362961179
942689224
161822166
846909993
984717289
631260852
596474800
689209521
746177504
497577957
589632108
423607434
707996061
492261753
754989530
248424590
766689268
509392834
311132993
849057821
348161963
727025028
540743830
674352795
170632257
589221940
874325113
307544162
59508318
104750531
774870208
61642655
76857237
173719682
174229207
629635062
976486803
731307447
132272671
730509525
444948529
801733927
10088972
439308773
296873722
945240659
465547918
163303150
874094198
471390982
969948250
140967798
478468958
837924320
174791650
541711097
244410440
416897883
685486601
267411867
416497107
219944985
957912110
861358126
197068022
717752564
395376359
726710370
282704091
902472245
442032105
346223172
371590020
262695961
35694172
666880486
693571531
949593247
791161152
217880587
376909391
194500199
238465121
821382512
212936881
710001106
504820310
249341680
616433299
546734975
200114565
153531874
899999668
185296021
711474195
242939886
78771220
887601263
152196627
775117655
888839476
719246648
947471036
825551350
193217872
30105963
217926889
708860645
914176062
150588395
801747559
395108941
853760323
490588768
790033881
682050443
599610089
863284449
942063726
435543901
75437551
882926180
206409484
581223348
608711071
800510741
853162672
949870781
272559991
605578646
544162558
363040210
64290445
645627931
710212902
280129685
405576120
302195273
950111084
313557047
405581267
830214573
744688144
250881029
439171283
889983130
866959388
700272791
842446199
529464435
649647709
293458863
684765737
881521942
761449559
258617823
660224095
267954977
380728057
828052018
905893457
304018060
297610436
223384977
736652731
241570297
327687076
793975209
893815550
972699995
976478373
794032194
175696604
620314028
110142091
667109281
331801367
396675077
4808068
792072168
610375658
944475775
614535439
94735657
355088556
354942459
32451284
763806316
124625086
610500958
583714853
438930673
455647406
232485698
216165672
57710817
561374142
713431402
81597527
443121630
485959680
842354953
482958489
990620787
449595388
264511489
77767018
261411312
682387731
63271061
106839126
744867564
806174736
578220334
155748142
682443616
231659497
302218158
378981755
78207409
395859020
436736729
867682459
451863182
956724450
531580021
551175752
874534991
232561344
410972243
259120038
311396719
973473527
121945473
47533228
574430635
170734166
660508552
355315783
542655037
116041164
855964373
441449747
117479220
359508447
876365293
473272373
798690948
479446679
667038813
417064521
409735555
408947241
287085485
479079182
740161100
54730969
866902382
452586196
559885629
470610580
403623931
198623647
917617122
411187199
862174462
241063432
552122691
865939853
731701062
133316677
969563406
520248180
130345857
615647786
787206783
42797226
370501846
44805248
712640842
601220264
504628757
15068986
555587265
68233375
421596316
836786491
331613095
349501595
457390654
232267173
269592199
145216025
390686883
524140200
591756918
859067261
816871364
413185631
611900696
941190999
770394207
583105734
135482819
891455648
391146919
435009112
226973914
131681351
665969097
22583902
988551105
449007559
158385134
774120526
903733971
537862403
249826940
113270727
534652133
718991071
377184369
749134827
462294784
995153260
391827664
234583322
487162458
605791287
302176045
534956289
589566347
895796472
959101238
719041401
166152345
531922868
890730584
953987210
427949481
697419168
224344932
747551197
226784078
491827883
802855433
457901516
17247254
715732302
109063943
105101931
859042764
865607129
164592032
606625878
673115819
921863388
556985755
598250694
386187015
519166338
121817669
513716048
750861528
773915956
502087295
469745287
604705320
572814494
658294272
596073142
925295102
170921359
266452663
987850858
371449048
389518998
147537667
26596953
971770343
399946508
192326820
727498041
868313045
849237158
276704100
763480026
876531143
834288680
591985943
472892485
164876477
307850265
600455952
364518146
295552535
20013930
325895243
924318947
107680812
586494865
375474173
52246330
178347103
522378444
47467768
475497196
252232658
718996881
635205333
42192672
604740901
310664124
419946771
950532369
618228190
121040388
368138097
294916213
364199024
532055198
658920800
613367284
900330355
510712048
546080858
865138923
485615570
886963821
787775816
154998481
77242912
313271918
110407621
107599413
477186280
267088208
54819088
375541805
43969004
485012284
892784334
743629696
630157738
412832618
210657080
32987852
685067946
113737829
943011973
239242121
647573270
424251970
499697778
278963555
615640351
532895622
715565370
415264130
46767932
106093676
641156780
545951206
873356983
570144917
521194579
321295595
100023561
423803077
692763232
56600662
101191613
603259850
94081407
163778846
486353042
512005112
847263291
120096907
763684589
952300513
261801933
53917045
876587820
459369897
24422219
813898539
265721332
510972087
972103524
202468219
278190219
503161654
893394994
959255827
744703195
954757426
564971395
802070550
723339480
820875085
893250478
397969750
789511028
947151858
434431311
638708042
903690273
54440707
496362425
662663873
528578113
200536822
834304155
331202605
994621491
317577050
813807525
739081693
974711941
208162163
121598665
575713983
915053594
865743582
378677399
134332657
176744970
737553562
353200471
950745953
91783647
625104028
959363572
329376253
178951070
383792891
166812330
248665145
834220145
225878976
915904405
69099456
382999304
146001625
881350565
72905572
191717098
738113109
312441386
59451761
392023809
351863950
612932378
579087155
815929615
431922597
59908969
528549796
620003940
747889432
449787839
672361431
157190082
826528580
275342658
165225435
756318305
507491383
599198465
768815000
71180361
896861751
323201215
192390580
245332402
115844676
475317941
134961003
313915964
515089128
888413109
565775888
372502929
708309255
984415468
918074507
768794994
748898000
26758340
596762147
773568579
55240164
384825720
85206823
115988676
408286665
627142271
538772974
879359749
47429394
295874382
784267099
565824988
455266397
588153945
904610089
551274775
285534866
257188462
156439853
591988729
227088025
797575435
532662165
550819319
98891767
425389024
250752265
384911916
406368049
352203935
201950256
440650577
831417981
13420944
744487919
698340125
334114429
192540251
686430873
310798459
200224708
37616367
480845611
247186744
612035948
652281098
843377446
83835719
867512460
601918105
105937687
452019705
522425580
128895046
621478345
793032760
570802693
210038613
253807530
80137539
39870708
90304772
74937403
129866128
209609575
409816283
999856653
568269790
466286523
81339570
140120410
67694392
914415027
190605690
295574402
638837535
534086399
314664177
283057015
345699889
212603573
79369599
579617652
441727866
26698170
415127266
924608889
540736497
162084550
720548337
920722030
21144296
48650397
14045651
359400687
721965330
596554320
148265444
873290005
734621353
508085772
566968679
420351415
645181475
639187828
483291492
454971090
868866498
635845315
613715557
573518080
370366565
483002789
802850032
477991801
976365102
510522524
258003710
133131524
87375680
772033178
387118923
492043036
841203444
420406002
626551289
674193043
776802341
329336443
158281083
35219777
373492695
264857140
834042244
713976751
518357587
619245666
369631254
875371891
723321841
553255969
387461765
520757585
280915574
629694609
245273161
60873638
719293685
767832852
402422318
514553574
546548690
464038825
424728235
288946153
66583705
237424076
407237264
831931823
895383336
959357247
796513424
944198845
406991634
532614885
26889158
557071459
918345961
170827048
355833755
469148868
336006609
4426559
704421494
698864045
923840213
523720208
47606091
583920828
901035255
161782913
801505
565296795
242625213
388264177
904239968
893853802
214190095
922170733
959403457
60424453
245235326
275321341
95315526
208874084
82857316
140501291
758444622
270877956
406189865
57847206
182630252
268758839
827144706
832678785
862390871
791336519
416408676
92337184
377004340
872232574
169631563
970140239
742253883
643043160
113423658
668486002
841780567
299151944
440645874
990772552
312415475
618214378
486588914
526671508
362563572
367843812
948649375
32368661
1921751
785515045
713114216
915209081
741026534
649798923
419025567
780288710
454485452
953088682
590779922
662637361
855212855
876394196
144350947
7951379
599578068
313600564
77776826
216111722
277949228
44637852
411903483
780127658
480956754
193871491
197632472
800776528
80233201
664217575
738361161
315721842
245821131
311569599
168426754
240174229
202942586
230118957
19407646
492775067
93327571
142302320
739491562
561365259
160381851
122221137
506123495
333786680
580643352
825888719
887501358
286667143
940249864
312703417
58592301
824631553
969953558
430521165
699483919
188157310
340692123
211249879
824902905
352929867
508592672
461719483
658863577
508482597
599229354
372249969
737631237
613605462
969001783
758439161
989779930
839532209
76075654
229260142
671964213
194696382
232665164
257397042
201109689
387303664
930463813
118238097
714547203
845426031
714241942
343059766
177548038
396495235
202230450
844234558
665671529
635171907
644230829
152489184
680060760
991728189
597958936
306640970
45475794
654895030
490831222
775323399
76831108
688742446
612997744
272077790
912886205
233064248
204010041
677011564
860323956
267377824
908780728
774943852
196899120
244814462
947651632
659838123
237293292
81696837
885953226
673326496
812620500
161783462
129306017
764342131
512649697
807603267
410914229
281626133
498769467
65478781
5178071
114231996
454943820
409329111
652236465
104760802
285490199
197448075
164751519
48303846
580400762
927728734
463065618
308326229
336599596
337209044
783107300
46655696
411591261
992409870
137627891
583925214
995205144
972710030
167955031
478060402
309817177
265913240
151174578
769568014
923169734
930806002
18877165
365032911
204241272
190461612
781417542
589174208
110525403
995040322
651791034
120591698
756121436
702351406
85421780
871732562
243022255
372801361
546882257
837697724
388518829
358347458
49637822
27872749
813667954
871639326
960536458
995619700
684816207
535826701
177790951
391877369
528407759
955998287
691523730
238491228
198828119
421235895
503642577
818382715
528722207
184627877
123842164
754844266
534702919
2870457
824439662
710776399
745738335
975914119
970046389
432511670
742385334
832944147
938933602
305159696
149846812
859174386
529225422
358232968
476190777
894899077
708902454
198285294
325637178
502944726
335756569
963854342
445722031
371039190
515917817
790704709
163747828
84034375
576860443
64858774
760196597
66888572
635612619
640568663
436157701
110280991
811032462
606636479
529002006
402936663
687357717
465211877
147147330
218181275
760657685
418323302
771513057
415996231
276392436
363369988
743740313
893881741
753609531
993548215
954503059
743042231
242258957
833788360
908927120
879789970
614727227
792628496
197725242
626260886
5099050
521057223
75257079
354715735
817769283
196314531
730935522
776529435
137718870
856586964
279613345
782153821
958660930
684544657
794889437
584117672
81846983
887606096
223367447
469491013
229538196
828827610
401514022
358272006
601203896
358920813
986813277
775485926
756676507
536170317
997897327
971202116
767376209
631795416
208367396
887143465
190267216
337993026
335167257
32209660
808801528
985181037
170304677
616209593
884816640
1076245
58914166
605130540
342068901
777506860
889535701
402412268
446438750
645047482
621999085
241591987
451692980
620669127
363270263
42787259
120156143
909396693
59696723
734827418
31509118
815390406
631303758
187045517
159988734
521761673
512170135
290949362
628573751
635382793
597872736
42156242
416436671
276363256
201091530
619348010
255645272
811955582
733315874
685434974
128108376
295991100
748059771
518945769
205963160
819475612
264899824
917126215
973623932
603685343
704160479
51912349
981549471
26809253
641635005
375186912
959485214
328466257
80028358
128046329
495288210
191850275
966126521
13255950
665908831
3716044
455235642
570808999
943272656
895098798
494706962
120410410
214119807
933837113
843338756
384133824
424052025
989158258
811707681
12773780
773796997
392318310
535557542
115515793
506268360
351251016
328478032
424225400
138721615
565353769
396249526
428703991
84916569
16849424
908895581
924188778
820076855
308108451
922772269
985083613
579005576
59170354
435122489
325103503
681767249
707363566
787923445
326583604
543202841
66256421
996069475
175734353
668735752
5850410
9356751
496438519
943158299
36189069
539537374
437385195
271548153
57770961
390739326
874923668
318049704
878952011
766364238
960671524
751106254
302361627
12693147
827065854
582070784
968346929
690573854
127164199
298424086
44999483
174430485
146571232
482165139
672770256
604130699
265196837
937634769
202737692
839911484
340473374
572736839
480597485
965211978
636454488
206817278
958330468
874941858
18244749
524902861
564094742
168818750
272347813
103574435
975631924
77345708
71473999
341290069
835791176
271685426
237780909
587535933
901451372
716453321
43673360
516244403
48880528
884915309
639343869
294457859
998839181
820582344
835848151
856966786
392842659
830370751
618504439
916003936
545639037
146675916
281933280
633065859
496268341
469330180
218080006
984701407
231895257
386220922
290417301
303408309
540595879
1796282
508595315
794039384
388874233
201063324
748362922
944416082
241477134
258419813
139985481
256261890
146556353
592268290
523359001
896052977
625039288
39881553
773577664
399583119
229366109
47297334
676427775
662526441
752217703
244880958
133158434
90963324
344771518
465429091
385162342
670665720
715352020
237940243
655547718
398711744
308172366
509190522
71221288
943013178
174134330
675723534
648255709
92080519
569554428
770515369
864551740
892034798
895570875
354725190
380657491
808278024
295382182
246532246
993419985
285873691
450311898
662849063
33281199
447296590
669444514
979688061
715686457
970262079
372046740
215874155
832142865
499622216
638572983
747762540
760606339
319496293
333478013
806883798
466956448
503817015
824799673
874489630
105842406
222021187
192919165
403310006
582532312
379990849
881613386
326323695
501838094
713403436
833926816
940566666
343917484
871453539
880187141
773622207
162501867
434828116
272259691
472006342
851666525
678652356
90331109
724974149
95670706
860717543
739684612
934392079
841179510
771878789
637046143
457947919
432409950
860821395
520265332
910773446
957928578
939875415
364187194
13413582
558098800
128127050
746618601
766809447
237398873
679496242
861508774
974596081
181523042
144548831
211388720
465943534
57293738
830809855
320509979
974657128
624698499
971873106
125638441
328959881
174217901
279417880
677566068
130830962
842555446
71506796
416982796
221196153
433305325
227698156
873091639
746412367
478982180
830520629
516202970
297837965
737277817
758729843
228928195
903337062
18244511
164636504
443886470
171206296
615475802
125139413
561322545
50015450
283464343
470930582
198063009
602388519
595346876
453575885
169739136
143151204
861316599
406056807
626426760
526251255
919390595
185543841
987109972
248832034
677577916
846659980
376532321
816085396
395001044
7752363
970645378
502169461
716702185
958886770
720308664
704725761
865176369
275148810
895537200
421762320
90651099
18543792
3509414
282602960
60590019
294205787
671587685
538284950
113404113
352036336
493465264
269723586
393158193
446751038
221173754
860285659
213383180
982492182
137948197
717147242
628642908
804700697
480490007
451592951
960954210
64460365
54943396
763755483
136991378
75325740
749557374
68715768
702715753
885400996
50615755
734781178
36023048
456098841
309693020
531294451
978739826
217251620
679758998
351509740
507075416
236692889
134314011
298852470
72547264
562278218
916695405
99235688
30442344
938774846
182010842
17961625
878070715
403379227
147938480
863146493
259895182
826479654
202095900
716406985
424569468
828157425
561198198
199010949
417967435
222545809
772344525
201629868
588332845
952001374
357625104
56840470
297955616
794896339
923697137
34823314
672954538
862344112
797642072
926699247
948008184
503545173
636523847
135932137
60464349
378806674
589511558
722799450
385715845
22020777
930176852
420262674
172349967
697463216
661545147
740583972
641090988
75577943
847730737
448916479
305288722
5326686
16793329
10552772
832571377
193959634
27894692
937561625
824015935
105863120
417174674
69352985
908551327
633050193
661237123
362186074
221217925
629346001
506673767
266755429
556161580
90004431
723112964
146631278
903561700
570505527
363035843
132453027
754134508
500065339
31602243
918176585
590194300
71757836
350564633
237455196
210209701
649189560
189952637
403406045
546021946
179343030
599585088
2103648
113253503
928644174
840539006
749456950
408414958
832893865
882846573
472227241
76353190
719331294
930038787
984661707
82788691
294816238
647037746
137747620
165534852
785852190
590488563
294136457
418134487
816073475
443774967
670830159
654083005
226087312
505779531
934356372
685995425
17281019
977412059
464657225
910913359
970075388
174995800
43214956
224638178
723758562
20547155
17289358
24438907
136060048
686970415
104846620
623029744
863489398
887439126
791389202
101494230
932757491
897602840
14813340
220692268
149764442
442348078
207858486
904214941
227567388
190809505
904009979
712154036
798847396
576145093
645150267
212460115
146827798
89727943
748087820
520914849
678153033
416089863
966702247
48680662
731618525
873800940
805735252
812496240
452868846
175307378
236915529
707214050
295809935
77810395
646246911
946653134
579303329
410552942
928692233
556734474
995967234
735657084
337620028
809134173
706198159
397573202
434551597
72863903
837978657
980504285
537939547
205759564
959043024
373863136
180293211
409435006
745001666
939911925
173169408
729813482
872039822
64270527
574004101
250577511
5611594
168311683
564732409
262841273
934868787
53063328
725037971
576144866
542393270
25202915
132094103
348863814
34587076
85097925
477651947
540336952
130607093
374127865
974578847
940250923
920469839
645061586
167297136
625722649
554109971
637457545
354615324
664885323
498020036
608032894
658013895
932379770
668708930
654760472
855738323
285256861
991727189
812334495
357150177
110874179
642986016
767798747
455723725
686360103
662331572
366949930
488341108
65900447
658721800
278637777
668721869
547945816
653417531
567410967
390622647
637938213
817738535
919427148
687204514
928639600
824135077
290464926
441806924
467587748
337027809
626243918
239917799
95077686
500322608
324721228
680063773
880529410
255644144
83274246
333801166
622399577
71026440
345777040
762423822
85045937
12051596
47316733
48228246
37954004
532268377
649013397
855112906
610966744
302826761
382682026
818585075
624135841
442785135
994011991
700373722
804128946
628373547
528027623
691672094
760635508
488604920
213469881
728204267
968102279
339889967
937474097
936906134
895797850
43307660
435286039
573732197
850021198
617509209
964505547
556518238
904962229
242768099
447910481
855278247
366540114
371831017
229486347
91437396
224930157
403396922
478338216
564014913
839948374
869066797
106722989
989065247
287175101
531665045
28971540
26661231
539457567
431690697
843958059
80927409
976137429
431980047
536581083
754532409
615358946
502037727
506458514
847755523
219080975
474264016
457160661
802406255
392051959
820908220
356668424
119400350
446505724
39790191
861882776
640288657
893654058
20885811
33259454
785105720
749519524
10559976
816678591
679733962
112696037
620501069
317537999
327595488
118513329
877662588
325043995
659780782
593405631
323766672
768774199
378221682
859903621
964287623
752881270
677877858
81039286
942274314
334329280
731372621
20012304
341354877
767578545
760790833
787578791
404008313
523604360
635463471
464037986
786260560
397369126
805478646
40154249
414281150
198406328
410427004
627795591
790054273
948741728
429611243
715031863
491211837
23709790
528202530
721514769
723037472
666190985
601892481
380700057
374339179
664125753
216347368
158111359
735080666
560251371
943015598
558667543
19527484
870787456
352029376
201432660
485352156
63743177
508761325
699806329
851438964
292302471
356810130
299939200
43458865
289517401
517591637
812395978
449184827
578645223
495357586
601411894
782696763
399859454
608970868
174492178
532805769
693444495
516313531
523550689
357349799
623126834
68020011
175859234
407223688
284713799
64593237
327100493
994705726
271854782
894018842
991095208
417926400
592941983
124256993
352819105
349218212
988243534
205098496
808904257
55167077
942855210
845623440
812138949
989315838
688768099
716607074
724265339
430786969
906732976
548153833
952979767
854438780
92544078
508723077
263296481
305209279
659668968
167465671
637307015
466066593
789757914
741628093
713464790
995454385
766470418
272700688
515940402
582991077
834260927
173264048
929801500
434328698
895667089
986098577
451038756
455052818
492404175
820641898
865915505
299681112
769277213
138784963
39058572
831056034
82716696
735982390
647791013
488635240
806952030
837937239
101926763
229552392
643410348
786272840
590365949
792909659
168101454
360262079
634163974
734267742
665558652
954615508
587017708
607584259
168783716
368624541
197066251
274777703
324880502
248655293
803602315
63310407
904801895
23204089
163693160
258087271
95949312
558689671
173791272
797880117
546139020
647041961
785938072
592340529
560400317
676241747
890220513
763798931
115500287
56763283
671141511
732045489
325568646
754848862
125432776
726097399
795424531
665475501
385654758
915545747
629672115
629648272
438765960
548093947
64962067
437521263
318842294
43204500
333301009
644206466
381469681
373049848
327953935
856095134
94768048
342350959
542825324
399195642
36787611
553603626
616414242
598785155
145321404
869338847
686833528
165960293
473143807
772278439
873552745
545365
222411338
355979510
684491283
59640830
750884952
828367720
272739312
638646960
530711166
206220659
793414943
478597756
511794848
323532791
122773697
547573825
447347521
185566636
614284630
775146948
68094093
545054876
963415629
735656806
906833251
722359289
172099007
7661331
106500500
796648769
545790293
954790222
101724326
434999977
952376409
499912885
728682585
453628363
377432625
439358427
306203381
24954905
832030450
674299898
76413891
877768158
64845432
906663922
131990360
935122452
601775275
554482022
870420042
429406431
430140783
502963961
267958425
665089640
894618125
436139551
14473547
803787209
981734411
604528964
45142291
256279691
807055932
335463267
194865560
989758083
567222131
706246474
767736234
670508765
966349112
118077736
298547673
170675774
900505304
989666347
712627166
732071821
588435372
979107112
309133258
847110745
934972708
200448011
71080535
95164528
859863873
416339041
63860832
466736076
319212218
301154478
522528029
903994599
472551269
518005472
771187479
183053590
539310822
30675100
347647922
933242808
934014687
881543362
966004293
25081670
89264088
881585855
998809444
734621800
318067315
835764764
388954414
481077097
649506387
182072049
387443520
784936327
797483860
488237016
57637937
921108637
265523853
51391054
834911152
577410999
87931982
950642477
163960223
319664361
679933991
682672295
813195588
538565643
43000460
690357195
77980508
680260591
652704145
493826007
729264377
646133641
195849631
444628671
508407491
260377496
726996310
118308707
659839323
339223437
427734221
3306749
370118158
14415327
830774088
514954491
204963605
18451973
530875063
795716330
828312254
877718218
708822584
440612573
125215491
272712003
783556809
514183646
661113344
713720387
708076819
164135372
668308022
289044844
936817366
696620553
154378815
357136138
639107822
319461661
7225346
756219927
2344191
909589180
801775236
89476676
2853589
153011554
916932703
217029758
666790634
547001849
788054171
477666509
763237492
505497762
863984279
385051900
116672290
244597671
426865528
273583907
123524469
142074024
332050241
466761043
850987215
873231351
795719546
355966940
524621474
336206841
996811884
780493692
364682636
914614261
271725862
287767082
116356080
270251716
795009053
565462335
175449602
592278828
785802522
480495795
104040285
34539620
784297096
828351975
5879812
578148796
654816921
643473765
79435911
688884570
818296958
82506458
964578480
927819281
714839308
585340250
481543178
24048786
317115001
838485249
587858346
560816876
214052827
4294487
575626387
206353415
377566447
355515346
463206710
431700191
971499333
320020949
8150115
290456111
154895209
183194681
749615411
521239649
991484828
31391645
757082530
727132001
700578110
946525959
589465885
315708213
49743752
652870242
145940682
660312424
383130814
54625428
649495284
428005918
89245197
482121949
812580624
133989011
927925
567377919
784540836
131494695
848460677
14640176
19774435
318777091
124960274
950121676
748680648
481238907
725126882
754081181
929906926
161451251
358450150
161072239
334888739
841868394
824292893
475794920
591816468
936378826
597999712
404801384
935234333
943002271
41976786
550755278
323973433
369995694
727751847
232108529
338916417
497690388
367295148
319386173
759612880
937896206
924078369
618523852
842826101
777136890
111469691
677671494
342147392
230541563
596613269
75588706
641560775
547430895
288660473
460214420
99743039
31430008
759984816
561262063
491249587
330687545
279680185
397565116
480948774
505108939
550520589
274583449
330328735
43631225
672373103
795236179
16693448
260938561
477480253
221687086
720156702
75135041
136625358
863042102
608994291
78657131
657032353
37985794
66535622
977000841
96290029
228328315
640095202
995378457
608885149
420472423
423260057
785271936
704378637
178566398
425823428
78102155
283902754
573852174
462466738
279341312
340529335
117705909
975593438
920992428
864285438
376083266
277139877
972091391
463243368
175754355
163164447
235451758
32139480
486707674
291124926
41436531
583874255
115172317
474858252
924712596
407037863
473245273
182667304
883239557
776154551
232714841
863856175
64785056
992581051
620384833
546315500
543424350
643514668
738852470
28463324
56170536
765984800
33342667
523811469
581137096
762753875
243070370
124849760
402193799
328903800
471967014
788327449
848233368
637378301
644827470
984794058
368476094
444499474
640120713
466918906
576905690
220748684
91940791
869142597
591724809
781909549
400709765
243317538
665273432
457583374
241267021
103489274
855354021
856956906
189929076
632825431
977943427
806657130
508116629
342164503
758720560
124685436
688116699
589172191
387783342
410281944
901731160
16851536
160217748
557223437
796370508
1145579
146129987
561267120
762919935
595788537
411148758
676161149
373183911
30540240
984594949
944798516
665599932
90871686
188907174
873919211
321927955
677451970
640021367
845365586
327498071
597610415
20736326
691840616
896543451
631207721
948505663
562364106
70588539
811906103
958574077
565203752
503730420
975316314
206444293
485819210
994689840
326972649
690199983
522033418
823596199
260059915
295473540
153751847
246617723
398550346
941304525
609648892
47624153
702487432
864984032
523149431
137496203
547132827
415105875
73304474
320633843
367120390
955127934
32366895
179748775
943055791
366679999
664069198
845138926
325973290
187171095
922094721
9743807
544778689
759642811
457732738
834544763
519858624
255296760
448111586
486937237
142471161
396532417
271046760
311498838
655087725
525689112
144302497
811497640
390032383
219522179
291654062
296455618
317828617
715524116
754887552
100107121
912108692
317628299
484037008
308313271
696886222
687883951
16923555
485950892
659708313
945782802
680046805
70768375
350251513
348509267
968576925
412756872
503238029
471606983
216678120
791788807
556737822
301996768
509264580
103046733
627389042
643774972
848997706
998202171
978679976
739324674
128106506
885383276
950209179
209508740
973772546
578080527
44182377
737534294
752948177
751323704
272274777
311437210
893951240
984623956
51247762
279218816
106950633
991322063
613834914
328561433
993145985
423921713
190529032
686797270
741661071
30516022
157544191
791891270
30475179
205070014
356716680
255359221
29336732
374920894
416625276
546830530
167501325
659809946
434354398
7511052
749321216
123199661
494533195
901353539
669787419
191287544
98753902
755255057
522009188
598648403
662308181
443069646
18184847
83502778
16597587
233681137
491029972
735834835
71274646
477146834
882369054
102234003
143043291
372019166
180639426
565523315
664278611
850974055
595770676
993680117
245017433
36875341
725244105
476671891
506121231
29782367
385428360
888653058
414361773
752303884
311238905
88291711
889108338
175067110
106017343
680665161
843247416
512953747
501254408
473184112
727189821
805178957
670364817
870642279
765445211
437343350
964513043
782493411
102316463
646577279
449951956
410948464
703344814
521649160
212140984
648046416
487808702
507739892
808935830
940178810
835433778
65687906
828378576
86367673
482408594
441742730
460563396
995569025
626028135
563679550
638305393
944811251
602108887
238647960
778675624
9147155
295060377
838033512
954387595
943703834
606969530
179154625
147649136
446054698
551922071
245694734
730444877
379581005
747566540
635740315
319247645
327037161
991799035
468929269
361098996
875580185
519156487
4290479
667098114
400255264
449323641
127900220
803244287
916532681
753740832
934787916
437097153
981610370
612043961
119740763
984333720
859051686
796530499
279102932
474690921
802453006
594195817
241455349
410696110
705592691
515511665
389102509
105858478
695512562
621556928
488621229
974818558
76691561
853714326
638221350
267090744
713252260
922725524
694287120
419621667
315778020
751145642
55650450
222950307
101023390
292816808
70924273
624978276
568843141
369756747
10918657
806189487
275773508
723003065
40491279
565914622
6074399
149684007
823907790
395430756
133767775
565389099
52685872
205437764
795710125
276777871
630295487
318057307
496385611
59667920
927223581
445467750
123266829
262389527
257630943
498057204
811854072
697667653
573087669
556592121
958730324
613299111
85252469
956812431
636222481
520965397
719936210
130970188
642573384
372029802
774078022
497958723
398920972
460837349
211730641
899128258
680965012
866236173
669485678
72689639
125405892
210390482
908625215
818514811
452977801
81010003
999721651
661605371
123632037
283952671
959388548
871537555
112630304
489879766
550367871
242563412
61819455
251005223
339518320
105797529
94441666
763132532
379438330
312085826
265736789
155306229
527257072
154870178
941763652
669348497
835842564
665028187
510309882
301522464
667526721
625461564
168802208
858004625
364347676
768154427
403931038
234932779
816507513
257851486
795139828
520040065
109328525
983670449
372215034
436800949
239064370
266055844
958227774
125551349
677902109
883922055
864968490
858866524
885676894
853350227
374116802
184572254
283956659
78948754
265593379
501517837
475711650
836990984
797429585
388995713
553236548
873294683
829355182
867212312
311287919
718256675
600004905
403511767
354776595
196855493
660857472
761529516
246886305
465510944
135704754
681545391
514053780
303445303
779437088
486731846
852736120
715128958
439489721
521493687
783155544
698887056
100859546
206212934
198869721
617674828
693120472
448566818
235183428
908211302
840592222
416900708
7131816
138037237
294981729
860252564
252016745
378177456
620402236
380804144
603995622
624227042
992037085
857964464
617203937
238784439
559514112
503617148
533096245
491429712
726811213
494390838
50029332
697241197
436853533
236587159
272682418
840448179
609178045
938713574
133953191
599870709
462112956
848993767
85183785
321649850
912280149
187451863
447888822
365297960
98016282
562578905
899875724
227790996
505063059
746464272
75843853
478261499
967447785
582083023
135659129
329051328
619916368
845839576
76813970
152039964
736638364
955972376
602217090
76815253
958915170
935347004
805012820
58274214
655334803
48937925
69197606
70798805
453380490
633470533
660714007
843511254
855599173
428906218
836064675
267836177
169550529
538802420
562312883
814827136
475801304
469410074
811801751
447384933
392616391
411367285
708595531
279811424
554123042
653100455
968994936
354976027
244196293
76948215
223384069
195274468
887638272
669902448
900882497
605561376
148711752
258922213
251112032
250755975
89624722
406000944
973817017
721340235
434311487
619100354
351769407
503889179
878750703
766503896
899711321
140865112
511705346
724592062
126431980
852066413
472468128
217414630
497378486
880259765
170603234
486675637
813338755
610996741
730503536
276639978
508625219
968810585
608074903
636249654
602482910
820135211
412504925
378074317
682901307
663874222
875421772
363839213
814561972
796931866
851710946
949821380
863688646
898758449
669836129
263688835
807372836
466304349
653578066
100602538
130230180
403683845
79724874
925550051
405470361
35106650
933851397
302198331
945427531
625516672
753135232
677902645
173985044
170850707
331653046
936111334
235983585
336756713
443203492
350496186
208693972
553673138
827278518
218165788
887963385
767791489
389746663
4042797
648787387
77381128
601173675
438777717
123115223
855102875
753015752
763596098
799225902
346344981
72468126
349223699
808359454
854974052
230147272
213893884
557658513
29577350
365727912
537012758
102229691
802809062
812102449
32596526
220810614
972246115
210808659
336982435
853981042
29208689
220326751
902752051
30605479
85891959
344684744
97320472
941616328
390789742
390908308
891901576
198540710
131713269
352486288
799901848
960057378
556923420
78170728
244679006
40177008
58022976
651606831
578025172
540655072
555971512
333016218
675412012
934614354
264960423
602492417
469391472
515340545
612544484
924639980
93182870
984588799
23453130
21075973
42469415
427407945
515163906
536832276
536546265
363799695
976293229
492993648
24942038
179135509
331748966
792272595
455059709
426861201
560647995
115160933
356066216
89352381
899516411
395479891
690951796
763335695
957393708
75149954
829150993
658505320
233500278
178742226
482207491
901100736
350602818
253951183
151468713
825559722
24549089
117051331
255392501
358889919
38402650
343186846
451458487
489451467
769570159
99549862
229237908
639193860
912412249
546798636
558622482
673611527
448655243
557602958
675589814
582698581
208672206
654703821
889823857
458968547
784423595
882960837
929116453
893263342
586166760
454788581
191217990
553130267
972718700
907745388
112472212
462144159
203539024
775751533
349016044
906075444
17496720
661419060
840390154
389523259
214196617
870019042
913019575
534554901
814726549
746877965
17620093
131615007
954080305
658934747
603314271
71160512
358389612
248127943
345915337
854362771
344347446
463138095
220851212
742806974
622331822
913554185
854238122
82442950
556139951
870573426
489861569
135850951
58753625
86111525
385772495
739030561
420842276
321739289
742873431
974674205
414543884
844669563
122875094
996189905
648435849
579064712
312807809
968993012
568605242
800513582
369482894
178818626
779898562
869943632
172139873
154059908
211082400
664976146
705201733
69696504
44126690
761027348
945367062
314770251
670477609
748899559
32709085
706294021
750827769
120620509
326313490
805424045
335216437
278871930
198657889
831866738
158742771
316473339
9904885
302397526
895389213
833535459
571575064
960020625
161467173
879503057
504275290
343239903
61256870
471241548
903023595
881223020
859151567
791671290
938960160
528943311
962512613
904318086
703218402
767505666
892593019
888810708
685102939
250377343
345931827
432694777
465489017
474561815
325900879
959089140
952122021
246196264
283709055
920428607
105280568
428402592
693188342
127455831
959169924
705874615
315385740
578032395
142833829
218944219
507613174
599629113
21760889
174934449
720649132
815024155
190521319
408498824
302393118
758114824
500139203
510963746
940136443
135008685
44631963
589452277
505260242
563168995
202361935
872655588
878796992
661279960
547057928
588149320
631711171
354232963
271429133
564227428
106317618
12192540
800909747
284963350
143291991
571067249
710176879
78588758
587897632
869516741
305712131
422700603
741313935
415050286
132798519
327956209
659749775
384905056
275972354
456506897
478151416
683445885
195741827
610520780
23959914
614563524
642173518
482275260
121998275
641641699
681263431
2459700
906714687
14480645
763848649
816179473
869653601
635115095
423960554
810698088
174330258
160412761
655236610
690692882
192154115
904790649
757539873
421010312
733046620
587795394
701403224
483686791
61431651
14534504
880880763
889155380
817163701
23306251
127147250
916096082
664688177
844881619
101807321
554347090
266193075
744126511
833521774
873144290
612665913
434669156
676055714
498023951
756112559
360921015
233206671
251974919
638122350
726719412
592199193
21661224
176182950
829685367
882892405
339325535
916637515
222293959
602061295
4335941
766765262
964152049
235152103
857812053
504245541
638768467
774792860
340334820
274664137
411546834
420825682
325068203
963353826
807574181
510686300
44265572
619927116
700757113
509781190
902678445
786046344
547371166
270547340
410089011
181832417
638967094
505201413
904017582
617164899
401176737
776026603
241332746
907993674
46743211
612103616
176665075
515167815
176028114
843246355
707790886
154931456
937726402
710603990
47564955
626635532
505676897
290352215
551000852
269565568
266290662
458741658
22713473
726836356
680077215
62786768
438354160
402136689
872713451
804305479
953626818
389506493
905261436
4651142
873622234
330920545
131592987
404023699
963121711
284123842
123974079
425723748
921351382
340187746
817439240
292901219
60754122
68699435
822598488
949884509
589476301
393308324
627596934
212389299
927365232
179039308
898401185
713963178
314698288
684892568
792600020
359796471
296131715
86521631
349908620
832161945
72097521
694077486
627156555
113030087
887394343
664379938
317984675
782295824
360613865
892145605
213521619
485264976
174736986
520380560
473219166
727257413
580398272
548688776
101782743
608419240
874751264
787743031
45464820
462219966
309373932
548550281
573559338
329134063
455902791
37374445
349528045
482312342
619797744
126091489
898463181
723490696
685672487
644198250
220491013
207106459
650586104
379799399
401687005
190468868
802016986
834050140
858329299
56682269
471985637
389386848
673335256
724748438
534272450
301677565
190359738
194097229
272721478
435297078
870878126
527165753
506509511
442015684
108065663
847561342
591601378
957578634
562524769
930445283
292416196
650661450
615938799
957435838
381625530
271000140
407151999
384775590
500792360
785374619
982806483
975095851
994445136
722238907
583567393
226717553
901631670
501870852
613076787
774189924
183262690
857355140
709240049
977505196
732986371
594047597
178194806
967132746
637237754
531305223
12924171
655098197
929974644
938645990
114172260
420676404
181064375
839767459
339910966
969372824
812321548
814289491
54044940
588391933
575233718
481104622
999804254
315614823
759361571
345562562
571121591
889937923
866990986
665226783
826978656
57930664
931949869
864238866
249926632
33485041
989178929
453210498
583997962
63636657
671407003
592962377
834701863
668265269
929815833
529122311
108641199
874993531
216873508
414171850
785575501
58978878
378533866
39755787
497266721
951888945
629525444
537310130
455603292
924649007
156210500
240065552
155584620
527573552
267527451
775395693
535630919
635797293
875702216
470799217
622750800
454202698
581371912
745036236
939660668
744940062
169484085
723903963
734412412
888725107
969044712
720386789
775944935
32985973
835207392
901319437
846226816
885066056
411140673
231958712
455559680
127144559
179650352
539073342
333034593
61811940
425479142
340968757
940209013
17373903
499546234
823308396
50968292
224996162
811858678
768471096
739501175
776169569
474597189
175714998
690691318
308002209
843446137
455208241
964691501
140029902
417045035
70821401
889228774
883905943
813092081
106891526
526960758
439547400
187129819
127084986
287817753
551275018
387107090
331163013
599628764
843172686
30269076
25399839
684986764
993293194
549294828
454773959
364507324
347909382
738774990
997993376
574375313
173125957
485724222
484616398
316552334
514104501
806784978
987682220
22730717
323508131
919536898
658671254
592626425
114699698
972821407
885458943
941484248
934246393
904640434
89457342
663115083
120417225
639104054
665093152
234335003
338885158
880130469
933930341
839483976
82764791
873887394
289528601
167811921
575292734
752586850
283821462
872045310
731057335
558835875
58753168
706367962
827792862
972845233
416393749
851111997
475353499
165846713
303830875
958931938
258621789
689341032
643049831
984019957
756177258
621205929
681126695
251030807
839971704
295969770
8105342
94833987
836523502
155171358
333213789
669926499
938777514
780017665
502418316
823944846
896663514
901181658
683602080
417043411
82426804
142228998
796042804
294418741
43746914
519363040
913168124
391934981
991222665
29052342
866630978
791790277
759065353
800077105
479876170
398632540
278217079
996914023
705077000
158427640
704648534
658944908
860308966
996741304
93706438
593059426
166506329
383501376
767771330
989392894
329219858
530349351
945995926
501478542
48213212
573390352
11490255
313531238
895105828
603319644
929883505
531052577
5317822
394245236
596953905
422705626
432614538
352060977
163945472
219168017
288910168
624399604
843893582
423454523
369482280
908589419
293491738
230183323
279184743
796183906
816402663
51029427
5506736
58601776
238436446
485570599
601739102
849135972
307842416
393798507
307997844
511955747
501217560
489191627
299166369
207728536
658711361
388530813
174578709
381264186
332485462
186637980
302727708
79088525
803512865
95851673
377558118
61119808
357521283
344278153
691639063
163512012
32417300
275982876
890695020
62612104
694037864
460040203
478886405
115159679
898748967
114892721
654919244
961835154
880666119
981797445
180263307
208914479
867911832
447481251
482597147
856500332
96995644
14648639
434272267
800673726
888284654
335065038
133905038
654857806
686179326
918452030
851220865
858691126
117169752
467943990
181477993
173616864
624145143
246196223
490608723
902813299
694362333
905433806
204231847
170607136
436022149
761441598
463490278
700068670
451558916
598297383
811995679
221342642
703099310
413464467
676938866
184455201
893367319
3034476
956682460
31286009
576232148
228904195
86965580
826519258
347242110
128005095
395326048
25801006
28340932
799131349
209916630
264085582
804285814
276590807
304607996
592227245
195738436
308109848
554084432
561332976
629210521
364026029
586249368
52804380
890748379
124674449
86546130
570467618
324452317
128102031
415401223
673092336
239004805
557154426
66437208
441457878
653631553
109825747
173806044
797147056
389567476
846685499
326775663
254402815
96184146
257212523
308311883
209765514
795261307
748614746
371456073
726023837
493103163
982976406
432308993
548167155
531154091
991472379
32320146
284250652
285561409
527128147
314187646
594598016
643547629
513782462
6390550
387989069
101385219
310181893
844243708
672109777
401785573
988350575
456001442
704209912
461691164
493171549
612311383
152084909
628663925
740002033
607170665
435233959
920588831
246380369
343440636
593450877
718757596
712606311
996773438
228628289
870017519
634534081
172324052
180128657
344381897
393576264
964076952
317685158
470096478
968689542
324946874
910750870
24546474
939408875
118967
938423443
187885241
52667570
347500485
60065267
309018673
600544224
145179433
560633641
210340121
21503961
366351438
554036495
455692591
50359229
674543223
217970391
581340747
917912563
500110702
857215386
215415262
235074718
563508124
1423425
248334718
230289324
729576635
328301038
617495862
205777818
269306306
361235566
866873330
8548838
769669462
563251019
480735653
432927086
870436099
36026135
624589978
718250413
287165315
897135976
126090860
855304502
418727777
570594691
226765037
891604921
918875448
996725723
676545950
165964192
21836397
194026810
49284601
505697498
439144016
846239787
615590799
941337094
878547019
235077053
886382227
445197244
871815760
549446442
795997375
711861689
844311910
499292865
743859070
852177109
544832948
103290315
764224616
767038000
387001110
112804040
746247358
336649723
268670826
305916929
363205392
746227866
962217417
761959397
343011907
91854015
509778078
630160956
236291983
239994086
866031152
365747269
711625702
307900838
537087736
278304144
298872970
214484228
761012524
734869269
410546240
397100051
891789623
605755898
689069448
83568499
889913726
161280357
258514121
604473980
286845636
743867828
274573357
345657549
377742090
664145045
556553697
139270374
479131486
585640802
371101937
511248789
781651417
614228108
631219554
93175440
776032596
589654483
149824445
946851752
301739815
741911460
937877838
185573997
819842633
28476396
296896544
234190901
423633337
201594909
551458572
337954961
55561949
517833708
505478529
107496645
456868242
156727786
931445283
251395206
382686011
283391807
895101784
617116220
437032109
372117261
231981505
812613161
915410815
519257415
890147387
14596920
241165278
839228268
34881253
786527455
651002731
425394160
808579882
263916444
50259789
476627784
270041194
603329831
532137604
542037486
16625694
109903110
875194363
585051557
186976646
206406170
370368771
50397342
838053440
335520278
518714931
400714255
508762945
466687056
366000027
362452091
137184537
937704734
440866492
602114893
120525629
355574631
316072590
681609424
814994112
546351644
557955248
21160847
609996426
607468973
304678459
101921273
327537278
183787699
454699903
474677975
767404776
959101925
499539606
138945138
470508306
773769897
746266880
315258734
721336615
508336574
758923768
203657150
331471514
117493044
354746163
884478279
369687163
957105498
558225257
770123903
963631371
285467919
113672120
47023474
130650882
771011927
424294848
963400040
158860681
576552879
568423741
978791709
32270811
428122220
491918368
342922415
334814271
284269523
534888959
422736563
910350768
953224616
121505155
972918158
96779700
75658314
32558087
585965979
541956915
45385613
731024087
679339439
632574152
649510351
429724191
671398320
909531662
963523200
418630827
38418200
718205925
745252126
823980592
351127120
676356410
790428165
432031257
57674058
806952195
835248499
65421609
821719344
383674441
888852066
397383759
528383483
266257061
852693976
795692912
155619841
363067178
684359459
294885373
968581947
223162965
778283210
174742326
665946553
636397421
124368572
606752262
697387095
355618219
457811838
732692879
364284323
165770152
980778344
179619726
497935900
610485180
276557178
194910453
708819561
156872625
769280103
676057828
100318584
909568496
50908611
80325442
397533224
949100578
651385850
436677387
379490569
518631186
32488865
356228103
102565106
274039847
29924149
238066835
991734712
266015994
651499023
339294047
101683720
570844991
761604300
963471272
390728243
966955276
804333077
397484700
510639182
774832450
553561389
667773597
527995568
765706818
889313393
769032633
900339314
711991669
457209569
130149832
303283333
622013086
888598086
791059106
731211003
293754510
879394869
180884273
528812562
428420017
918369820
988662158
724439327
578248921
683674872
291176954
302823047
462659759
664338896
318380262
868693608
365695042
506618442
254345969
737443119
445561527
38150408
361558231
614915703
91591277
256872644
959648026
731546616
566425505
844198790
888145565
325240663
944163350
642578019
517520116
428778513
462840312
956620369
799109561
566349927
316332197
726895326
916364733
756449070
217444902
640725975
725413503
665810610
922708400
365686197
908781751
35077621
120094676
493158483
334525843
361519958
261058278
519803864
780594525
81439426
563104001
52105455
366753870
142876867
120295759
773871366
114709799
417717070
891859654
884953105
206631493
640688299
37770811
842187826
103958307
192246248
338393458
312394715
712121018
819766314
260230941
494838074
941422720
560449179
863082847
781554913
694286094
417539742
665187884
182957551
724662833
572169436
461719233
439521836
628220830
467707859
198933230
300161049
299299952
266910026
614801301
639466968
549245247
475707040
869104078
345699902
438465789
204063969
731652850
262595706
365175111
187492901
727875113
4939585
711266589
693769977
10538134
108004788
897213715
697859669
283329334
755789424
918190048
280380207
22678127
99820279
194893688
85333620
652229850
37555728
494986853
765253888
118122947
509211849
494406741
658614465
164419297
540545193
103655971
934992171
290971468
201407892
327537767
821260022
607648237
495033496
225949104
889672690
765091961
849995351
535567614
333950067
177899123
381729989
732638610
606422544
219447222
60095724
990055280
36454317
690998827
568087093
164640347
971032341
216767731
669965379
929276722
239278627
943561629
429617119
980002200
732852308
735640916
584549959
184892033
242678225
232824079
864550821
303292677
17692635
685328032
576854630
904222190
930729737
734934325
684440607
168168657
568234448
624648657
912047827
135079854
696308204
87429728
698851216
729684272
640685734
584433666
295035581
835763390
639162939
45794562
389359488
399050817
261485798
72634732
135229872
199660132
245973209
706043348
832174572
315082245
269233615
436713357
239841969
431580454
92461740
262668462
4004389
259727861
570815218
669651724
446961629
942885821
688019600
401504449
679375716
892316207
599122529
623600052
726079037
598705825
460013457
647430209
774162249
170184001
567586465
299211484
329239701
645771222
478765717
603198509
878653119
706333387
301772748
319921490
775139750
766444120
924973925
550765530
103497253
790509125
171115616
805192435
411259783
942869424
184733734
886213340
651795257
64767988
777461859
572433500
337003727
686229858
191761595
281780210
372936297
159463271
498299192
127143633
999472945
854674789
411640378
260051101
419904538
581377160
359604656
304212754
985117662
629413149
933801618
630766148
141135799
276949451
584229797
755729106
862762157
448868357
233045092
187080252
307907569
318083188
443765967
819294580
484182792
785206707
540023812
376640384
488964218
413573820
710700636
718135808
15522886
124402759
466349572
420608917
18421704
621775707
357379983
92448209
324248817
773588126
290179672
270086517
571912726
327321107
370023868
775933957
187650
303746207
441873539
775770045
696500713
562043058
512754595
994612849
859192350
502596377
827315991
866257364
892584004
61628717
473157896
275979983
63954457
372177570
5009678
696382425
170207163
633597371
910872251
819450565
30224955
432253817
270700693
782866943
328123445
35114917
20601156
478303107
33871079
336973402
345405138
915140038
310091431
66855610
305745381
865582059
618566567
188979633
836717354
111920612
502261260
722436095
399254252
57494192
300122996
943451505
560430322
73172759
174361217
328612589
701780620
158583660
275393477
268660779
994056972
588172390
43097855
653929735
628901718
33687636
724343785
400038710
116790951
69743121
283220302
505316908
325505853
747495164
930131974
714355458
604942500
305289371
988146087
717327562
829118551
851777743
990340025
443655480
324775020
505778979
640107490
290271399
129659602
64207697
237746348
274814672
525149891
854994985
972299785
117089808
737939502
107130677
745088676
924758455
7813817
454605250
639130533
771660927
583411484
936409559
132941486
551269317
838349436
872732670
512868118
12384391
10285206
712247702
37808431
509589373
383993799
576197205
880896649
971821330
777537485
555251975
139460975
878829040
801046497
552577773
834212449
703736174
990116101
942692603
339018300
641775788
916294251
867688018
819161802
330433412
228029968
748969893
550745806
833610502
332315620
256321615
849174090
646121993
396241940
237114368
151904932
285986659
818419069
279696643
374075794
734367895
314329370
409229415
732658471
859062222
888561124
733085758
700655443
463328925
744727096
714734525
776523797
708629881
402590399
681000208
127011361
355959298
560996729
78531661
702712989
35180892
64904443
467871984
724157819
816438766
478966516
613507100
229832477
840074355
566523945
218703701
741009305
950026983
766312782
380619895
4565036
866922495
930107872
407600542
341544665
173358090
143918437
311360165
298554293
382008090
287841822
598995057
654664440
168022385
661184413
702577421
80523611
666055044
404887882
117829926
551818073
530772505
965633043
832421726
930944552
113171180
121429579
839992593
764460132
974455828
768383939
527063454
321626094
443992998
504993991
784198240
105930876
573730668
232467020
753026876
115280656
151472725
91151565
49788912
151698492
164144395
348664902
91836378
305382111
855637741
3389261
164709809
637703158
255567457
101096657
554183197
637127197
638811771
337051829
847594953
676265095
591205634
942190921
936634936
828872410
291406916
462154834
43343966
280824371
607076578
716732234
414314425
262345152
752587935
189156651
383492995
978209206
185733560
321549671
678579886
530082216
451825110
77448746
23709399
114037420
559574824
575254032
548348444
219455081
25355568
51574725
71335009
78323539
9923815
333323299
75772561
141879584
644461466
532641767
169513989
244156251
82287150
77895424
730527112
712645840
627700517
393169163
598234426
659640354
619795601
733457810
413419898
280766072
984409976
698942743
20663184
985997187
464893949
342401017
830995948
264227537
804880485
230214843
138315482
547515235
569964751
37091732
602982376
378526012
694333112
301469221
117578251
269138916
3447596
421718361
942196137
209306710
671137781
830247361
164563350
299120268
224152456
507327261
750223578
760342965
968672900
366851682
918445576
580168798
944665375
529102097
278019186
320627036
931016396
912718577
6848961
368730044
702129981
836377991
872158955
801135094
285374713
768892650
841176142
189127826
723765983
57971040
385053497
586516775
73677433
340823815
380500392
561871355
233893615
905031626
366202401
990679143
743911009
796664619
7621798
833565432
273295665
489055970
311894605
420097823
497667853
575348869
875557360
703387810
734712313
320677053
521015739
743373009
962765221
13121764
285774583
59415332
388981092
723200392
439619315
833214818
825890133
257576081
957204934
724060442
261226570
750209698
485918085
331489824
480797411
754904132
24240384
564324928
824023026
12610675
93349553
381407577
330111192
948025644
10211016
82556551
56939540
604097953
806555435
81170935
921522908
906078921
235615594
260719383
917188931
364824329
527983741
837656406
425254510
16364002
859441485
631016572
306708205
503138097
163214757
350999412
400669843
781505881
273509531
255633163
632410560
809370040
472565075
350637952
830684948
556040535
325783542
949905992
97924184
233665732
772790245
640984025
871386037
176544180
626331699
197113586
256533281
324644252
681862571
333837386
550291272
953860729
75576048
935494857
625417989
270974203
307585852
423794936
178434833
837811346
508374942
391943792
925064621
258154343
739821139
404756020
264984983
226415288
84657073
308526817
989169718
498725169
41218115
369400927
419536418
367853903
456543569
422701209
745225442
505916766
460517191
414263696
382466605
588090821
842804524
320274811
106097601
441343893
579971534
776439219
373978362
842663840
534216989
55038817
429735165
485222399
791204159
631960153
539377271
691092419
594445127
416909865
934822280
497236146
870162753
159473357
357999870
316691564
568087900
731069303
868703828
561354409
134252581
447367357
521511467
568877037
200549879
268017271
639414644
275398074
297327613
938957788
870283613
537888814
784525346
170207571
868071084
781189396
450958670
417627752
772919160
46887091
153786061
84897433
646436245
263659818
354989822
620592434
697679972
988985599
540256402
478717598
370211405
207195460
207411319
545421445
437324812
905228647
722489651
514173222
99291497
312450733
412672614
285916875
595544825
785386154
745975768
531305989
456863256
293714518
994403471
577904377
768436120
830376886
857788821
847873401
715823027
24013103
20693475
194521977
843708330
715578869
147062964
458723478
592945151
325376817
629625842
398614387
661063015
67887411
163426843
656578514
250965441
3817780
921959627
490314559
107847970
270956834
15718854
615917993
601973373
467524387
498908979
497187716
65275956
123170641
940596929
180689000
76380120
719389601
612108587
693463915
774437098
95243229
738507468
982870483
484238859
180849491
533462901
622173948
284113396
800759764
983752228
843506922
183951137
347625378
769327194
340650679
66220316
357542938
361078568
589839797
657199545
186499176
104139427
829520399
682627213
54274544
271519804
100186483
843491383
759008838
445313848
637083489
851627406
479653641
214959377
75580152
137304255
192630434
187363227
413791224
298347977
923720344
53245852
965194746
931521449
254774188
289307075
751297518
804411927
867725639
440740435
447484029
438798712
411038431
767639056
857476520
713277617
698016825
419146640
205399346
439703533
886087272
83371399
578632180
279677439
790238010
889381312
537524823
411178761
438925876
317498472
965647313
828551685
821554381
992688828
194888852
275429744
201686664
737038754
873747724
984158612
190760171
556944676
501347471
773976178
157683652
535244326
185228808
174363868
906226209
147447441
62857262
649599157
847823026
285360947
153198806
379461754
956734880
215019462
910698983
936502022
149464255
16052567
651166505
670985078
195980051
609049410
751946083
204417013
818614450
370641265
959733836
707800212
921677739
360869193
498247954
198658233
82151856
912922686
983666664
304297498
485305431
664019270
966469188
86865588
386989576
183006254
561024889
114308825
920957480
740474665
530812008
554158264
148191938
666279716
146288615
18507946
231556258
804100635
771028976
581101482
421898936
704084060
861722725
269183566
31488034
358320008
496766016
224615785
210940102
693055444
749706262
959498583
375706328
174007562
590650283
535430712
375315063
229373345
572441246
474732192
629189729
939996945
526940731
829868837
726753205
565732459
290714255
282703326
69234234
930952608
294139059
814027265
625844674
553895763
72055221
842110548
896178208
903059550
668733462
463087841
267715366
120568730
624104811
751714904
979388748
50743392
159379274
274072750
139687167
269366850
213171096
689903893
308853792
290851296
977253651
737115515
683786220
674236990
479872859
871291898
161053988
336293892
147686100
626380648
6714984
921481352
847540885
905368318
730228590
622855054
855612140
952162773
226980435
231308623
686177885
967074525
714596231
46431566
287581647
756128432
607492755
508338952
131112358
92352787
366283687
193813114
938258904
454254663
226256999
661957899
137830901
653484521
445901536
884956213
198087907
710624913
306384797
141770207
617155066
724327274
554019706
636822390
793767714
308606987
875250340
443847684
819881763
494067059
490717803
59205112
27257823
882824838
93350570
227433907
831800763
677618843
78412709
777706201
485865198
208286415
209725713
334186156
544747048
258183756
768046710
196731371
397684084
328980306
818763442
59818622
490047591
368479627
313840728
774279873
267851473
366912546
377867028
275650766
196419380
636736584
941242870
393104453
707146460
224114472
492292079
677210837
66947574
680659623
318766086
617682508
58806688
690306450
3175669
465740928
625516302
203451497
977737990
506526264
893280892
161678688
412034713
486790733
198232506
964930143
922217135
535806285
46033896
939450070
562602099
803560253
651388020
966622042
601543031
436909318
639929059
771308526
271780726
648562572
359335279
486158373
578424622
984508008
240642409
810497083
616496704
417319616
602204717
870613819
609440473
275838771
493996126
568255809
830252184
820230665
93558461
981344877
63024915
551818116
335416306
151681255
289316404
797297799
845459749
634136021
270140289
503623550
746488846
503250471
792511052
386050152
361250288
399343323
467344575
89271864
842708994
741197824
444858973
523799019
974003879
829919792
335247877
258714050
952944297
989835517
694821816
727343662
332801459
360171482
758354798
78223821
860432258
965635195
469463762
13771162
273289932
681499964
239688198
825673909
766208511
612676606
464284856
332466151
192009557
385904922
328960898
645074502
936361479
249832790
654292348
886650350
302591613
32192579
133394126
951331294
784463741
826424937
899734891
791327394
634175238
182012097
829129587
726912433
707513266
94650357
581377692
300743355
357367716
960746499
989252134
68683041
593905003
225396815
641401505
435997546
785071274
116550215
647482146
254596302
638580511
572360039
821869259
494811942
800491766
837064811
102962791
937029823
494163605
257627450
930502967
424287940
12650669
728684876
711279761
116039629
113716300
696066108
462987084
440939565
435625621
349825156
802604658
183196687
616071672
133500719
608894348
165733006
236259309
108112324
24278945
587198974
725531708
236925692
642213129
530930380
502213749
903821483
110389002
845027574
829572309
393392873
510437372
879061747
321143770
704160055
405395543
317482830
362668945
804567201
3900429
952525617
860214188
348936579
312808752
924455344
612166075
867434890
55250016
458681476
998515330
906065471
781960031
695209149
861831957
507525475
542636478
948236289
658412988
895456017
724383969
683003139
498661297
985424592
749016629
514610350
245130178
601641104
259854505
538556844
899647454
116903687
514438091
550769487
34433471
251422001
860659944
59124698
670772204
69584921
109501034
148696624
772178595
73202744
166880914
94565987
289298655
447398780
622810883
342121560
576460741
809385208
687163527
626012535
990439120
405897040
896831979
886349834
110056259
348259391
361652765
806140871
88907874
73059389
204078751
688349690
228556951
243765604
538801878
106042307
575787497
243058139
742749569
498561771
632648323
763684093
469040832
362474657
519020212
701493391
197092227
130461960
865780785
848704226
979423657
749300712
150696023
519400269
318235326
50045670
344656729
178479685
966892088
906510397
753284942
150724509
108088432
225679482
106040843
527297933
815564036
615380575
466411331
236000582
634511304
276264468
652801735
167835555
932180639
676390624
261673518
680708180
233167201
303878691
146010990
728574223
141766778
26848995
694398328
266194865
317527434
878767738
33233850
506687240
698096550
959814172
204366397
669326388
396963706
581657088
599028123
172014865
927223318
792449916
707458065
337624948
575136598
833565205
834250017
494935945
910091353
214315926
613464070
70899292
810942001
258718741
672738904
914126730
503524884
298388572
610083387
963928994
6266614
82083446
329648683
679123970
359442031
526798374
37340907
84119116
936426488
735819975
626124425
486678546
20321774
359129421
312505330
789759864
794979785
205659814
400808749
653918257
803198593
172483606
375298990
871119888
199152990
314538330
972733518
62785355
250970528
732791435
540250686
681572877
596773803
599121139
714427809
187722863
988293605
74415875
886232013
844112961
94654631
337362002
701187971
357506286
505262180
314125480
198829353
173967775
67666104
483293933
162033460
906142585
449099433
693124919
536049695
636016877
610362666
657662054
449767290
667193285
565784949
923592718
193409623
908975631
819528917
416276504
723089062
814619949
158302000
697597034
817783329
911252276
409957309
319559660
564429042
231750175
314423598
283850384
367653525
544454799
313601661
64358805
310722425
965666369
308546558
65008127
59345787
268854204
656816407
802599147
542940070
233962056
244806016
385822152
182033323
746981690
782659411
314018439
827564604
363017267
608148399
627936037
567209921
870414811
988100173
552019714
897586710
708322661
467571219
685191282
182330297
715708361
598314115
211149478
80308645
17722927
122498306
20703016
824878207
143969745
123835551
575462461
859369380
650677570
57662737
426247215
304762404
643028074
767526913
595027148
20871122
643939909
579782153
176452483
902298343
33409254
271170864
884188267
760819764
176447996
990078004
710557731
138785449
304518962
478058647
981527622
805225199
45065377
458727035
14314910
155508291
74918114
474958576
658692920
601683511
68768884
617481458
488555536
187278206
859343425
955798160
741136614
468793114
267446976
156702894
553886114
861085807
686480102
613959590
837001061
943834762
637222894
229713591
189110161
896567579
484132307
729294833
361765203
29587877
445150797
707499687
160754213
512933366
669012534
543052450
803042055
341815803
915035776
894750378
698430203
711114663
47927612
435638996
681062839
318343428
230750157
261138264
532037247
238482550
795952311
255980655
681290005
244292103
9519299
885989528
746670078
270033358
186874937
649943755
427906821
86786147
529733161
432196021
463644237
906522636
416722095
797520337
824810189
164768703
472676368
835639409
887932954
449337348
353906631
943784081
429488658
47530654
290576539
366890409
429735744
823186355
630268515
917058765
851422700
95073267
728132867
604700343
289036977
672447746
597220898
472048110
342870971
116448140
103832009
563016067
958821355
414297787
11051167
215782532
467462941
942911935
865656961
874411681
824250072
17131289
363723576
527115519
293915348
722530114
249148272
442385045
288813806
863586887
719289343
834655340
238352850
207061369
263514593
971849553
878969286
117615554
939127186
335978067
962736342
452769566
977910539
89417298
692343425
971165604
130131726
204661115
718069468
786205046
52115541
881049068
22819831
190799805
188827221
297970166
556375267
661887030
148498188
549710905
642365023
700753760
795459162
624321190
580122758
391475035
601150001
665431928
176449067
333836892
799980368
945021573
720718663
372997382
142656118
144795171
325883218
17088943
424495522
760809000
993287520
56512195
601397502
203616554
638351836
232455722
46181341
474693602
831971477
689389093
652698359
16645974
489642323
146891685
394819528
325468421
403785500
766296339
540308922
124221753
896093987
92098924
747044780
34154489
814803125
209070605
652457169
713486649
670027762
713760147
882691323
869257860
166153643
636353126
538908392
777356997
632789459
829262161
255684111
18369830
977283383
228498152
253525031
822098665
506587945
379465042
993212006
65275682
450271316
852113690
708423802
423825249
147088746
191443969
538803361
652880868
544160091
969228493
745958336
264668924
580170531
539963039
23239089
751077056
728761334
369197655
723239187
5689110
566617972
731516327
164367680
466919595
875135192
836245901
101488065
714039046
27741145
577323703
582431094
580071662
897478233
829144472
804662206
34848733
831096873
541470054
376485509
410018750
47906488
682402323
336850863
366906743
936898292
559584335
988057819
265894250
590194331
966007399
119008837
834321307
736906758
187685623
275387226
148287690
732547804
629750766
282789318
305427429
951620362
924572508
457877424
262860272
261980508
457157250
935612757
276582500
613397716
506289168
795070121
226564624
458532292
731380068
986800348
947139410
533555356
543044430
476543335
802176033
147626588
839947538
7578822
42048453
478944380
125410597
323635627
891543810
135774032
262502886
761528996
462842628
312921484
596848646
982002975
320662872
286719408
226866790
549600437
743969940
202116864
306091179
158330128
422502882
458679998
56911014
876796358
150712680
876812408
523761506
587769294
103805468
231177483
282048049
956661869
701542185
920020035
129751497
88082837
958342955
751519448
862938863
542041866
290054003
241119734
345787264
975897898
829984708
757768104
720544605
744615457
417482960
636183057
476835390
961149046
792247985
268805080
556746035
494065043
956202994
601477827
736566733
460871982
379278191
492930936
986095547
811246779
397443890
831801917
351307707
437325428
275744811
510439205
19085454
325457818
370100595
198572540
108803215
545643217
456132761
115614398
368430505
909496839
175870791
203920026
186902348
158266804
563035898
616908485
936915242
894684613
629787156
107689403
468945046
98393567
394823823
973693127
872949886
231585498
830613762
197121487
288649616
69671637
403353145
390023215
633658187
970326436
591562514
792349108
280900479
838542278
532738369
309036374
618194114
372859869
540814567
974796114
545993257
992765825
47667526
323355619
748438454
410370531
596827412
658932282
905832967
18223549
23963481
283025403
723884427
501399738
98591809
224410439
443386602
532388160
894401789
922960662
539050765
167402084
128513482
796159122
510613738
744181681
909793385
238333860
956855495
238466616
84704098
635626271
742327328
345580233
317749588
548802944
225540484
136400652
565769554
527609121
417905411
730369943
682524965
433573252
565334393
270254570
24614745
749985971
733253726
978319052
124137474
674982338
409218103
206299651
534344785
347176761
177025893
226658084
63855671
216820344
109120129
439575682
236170922
580955698
576676820
853441272
55817889
803661065
865757320
13100311
191705396
787305303
955648431
544570492
803785027
499394350
980422026
231161147
72757908
465290623
663536659
715274288
489194504
374312650
349923868
755003773
414539319
17362646
494297179
781840155
254555889
214037788
150220533
446337454
851928300
479342623
896282327
714035650
810658531
337257972
698055403
16741107
22900121
272344219
560178458
460160808
269175400
772992806
77141744
302436055
719987355
603709629
872089350
358782866
377535661
240381356
239106001
787984256
869506307
321667961
565238296
988106379
289564897
995287581
791489836
372588800
516158627
552338549
632393175
880293494
855713363
685286981
693926976
616935637
699218096
500336957
517078500
591028070
277715540
804292467
918650156
932124457
491353602
360134527
514302161
690695653
19793937
110412228
612490780
833754980
252007911
520820797
679944886
362771782
524343643
740094278
258761866
87088156
946414598
482718164
607923313
776503501
378556824
72126472
176497163
890855772
370904598
486208060
741346654
451403699
899275528
484381809
996436645
586751300
728484301
190542104
547515045
120028986
404138074
806989161
271812190
917673874
71581832
634519324
815601476
941000850
876216309
228710684
298594161
606774190
220593704
411351076
383969811
801122412
925841542
857844524
374555030
225559040
516404441
348380146
729448393
488404456
417642449
251553271
92853597
963987753
96255909
647285599
540787319
772535070
702227891
462455412
603393821
675714443
891170752
41449340
170965970
616407434
610396535
34846273
545436198
253035204
141705332
962803769
935848822
386927611
324891655
117115137
62551436
486387798
10155983
291331373
193081134
289507989
833936073
410956518
158065561
364597483
452030108
683968567
271438485
47429426
800669530
805048389
777799071
649705730
848146121
231323812
816161745
423033147
271931915
532729448
467865334
856772524
316889701
346228958
835191933
976743450
421427940
76101228
874036897
492123107
599592098
795748053
225698505
571755569
938730872
140680933
325553823
543348701
731463147
169898562
24467809
472443853
112170463
99234978
760290242
877595917
73116830
831521750
557779877
705494415
9398721
786002879
935354791
258316635
119184155
731092792
842564744
822323021
169813427
190270892
397174658
548895948
658446680
424998993
909964805
395046654
109710576
87195084
725653253
380778223
508319401
406674774
263246370
868410394
526894456
305652304
477795473
736571350
296214947
701746825
194749148
988071694
746865149
994637976
946880104
193933104
279652172
955709863
864585130
153297696
152166691
735342277
594087159
971467353
469094022
67804630
676531072
403334222
296133748
956748627
101980176
897622820
620744592
332123787
837399748
340611435
919547670
18613114
194587672
534071932
360621441
792338712
109873749
604886691
342545722
854804671
487446851
50732117
665056833
653963838
251442051
346209131
173349916
528368216
678491237
258929600
25946262
693391954
503074870
629230362
259563108
235552632
179524387
96566629
598079565
163017687
101327885
304190310
477842614
823842329
492029102
24684440
142239488
537086298
420113159
822282455
943700483
898623424
627331701
497835677
479592226
295141967
821375458
653858894
734854272
560696955
146656350
116490792
89606056
678275258
838801873
82245008
819165524
341764439
605021149
919044466
139750145
169595237
123570537
346107564
332728514
25780626
576718879
852206354
423423723
390931855
35774869
289011564
866832070
234846838
996859297
60563542
428069201
459210742
569485352
215479229
334036259
109871400
49001231
269464209
162943317
446880017
868175613
860594175
174669937
227926232
801958646
567320571
761828605
648690982
735675323
756589056
688505719
484153563
482633724
697431195
723851839
896887401
707222891
37448607
604109278
256283887
691595750
410965188
623417501
743862738
746919804
832049696
628926728
419811930
106988484
812683022
208217694
139158714
732140570
600831247
533052784
263572574
112264184
495005553
554006753
613104003
725011270
724637201
410007156
109767996
772125025
261731060
316483910
570323594
200648531
67990340
232633768
475908050
592561036
776712042
674899496
980132828
525170367
924204061
792624934
120238824
149406859
970915692
556679928
306403501
216131107
151374351
732608079
587226764
526566511
576070029
720549869
53779462
603473637
871248757
738279068
91227884
106947357
380443269
714013734
59882047
883805640
31001504
4501594
497545523
412560116
695295343
626820101
168831901
891126608
102503587
188599041
384049653
508927309
906545916
514331049
326246423
175385365
236012829
888455325
243320831
920857028
20843000
92340537
550691144
313138675
61105492
281566241
727600299
94975224
790467899
957243178
275858115
570270770
221179729
992744666
921127326
33490419
414406583
58518184
665320056
866164603
587531520
311213411
648219786
878030441
215885608
842762807
348262799
646099046
857309886
929057626
39667797
883400826
167994869
651910570
378120179
448985953
105076979
237281587
147402691
995679326
505419327
875127732
71626286
221808577
813422844
733933596
950126532
804377241
47066099
368694143
909711152
386290325
784992518
874106659
251375385
258843382
565496359
424315090
828053149
999341415
702766974
251284579
25009712
395904389
494062786
982796167
903500893
879130211
884811428
692818131
96904557
611074088
483550311
326644219
830257295
926510067
178029525
190252141
97066748
185803380
597940345
697735457
798251725
593585386
591581897
410729774
119501022
630400234
360510743
211825822
886252222
75154324
750867876
210732028
711365440
288102005
695555173
181686523
46076724
451029396
930912083
484625977
970114402
180931658
25156228
997424933
594446537
526905397
8843864
89510095
866928185
473825323
158933975
634883666
646794141
926027948
688612876
2302546
991670845
536702338
411927399
439352917
126889370
262698911
662543348
975863127
302117843
947975625
341138177
325421680
60360028
309357580
276160314
337238021
427010668
506301770
418933947
38872640
510887395
891060365
631488445
571346580
950669938
895416491
273588536
951199746
190203812
114178929
600258285
301541462
138864961
689545136
994426145
489463792
577896618
81176833
565483349
18352335
329013006
185129038
183946271
843263384
887166516
35302432
375200135
690099859
398475080
755344145
858704178
18594626
519491250
601131656
987014724
731605331
191244587
508216176
128755543
37676231
325721026
259147710
988557884
992283637
258753366
150309009
301691480
830385756
70961761
976429430
527826046
315291381
959639363
400455884
285914611
360737905
988244508
618520471
560656913
250089318
784266729
304525585
426979948
78542207
255785804
762602472
224956703
760864179
40545084
867492390
599919259
933893227
302676582
30850484
621436828
606937168
882408907
548591384
954099040
386606618
149541836
195575842
84991957
88781716
614793426
958345592
680778494
428790390
738602575
12857796
576731706
323907307
126646661
89769964
54452131
114200823
769919110
108307337
426791594
464216655
877189337
316694796
527247171
102734881
524284670
476848645
707032815
805366657
999112389
566815127
247564560
288828149
883774870
46045944
793543997
296404432
446343730
752593133
588770805
337621700
29932547
870157155
654361413
307097102
980224185
607143217
597271385
441136340
834825908
921230756
283642874
382316221
158198112
607629887
43602987
505673595
637241068
90950182
285207856
701385397
963772115
992288901
987662884
542993127
125460461
525164732
778542621
616670000
420863048
985584387
450502393
986927823
182941455
936401899
601849154
976491664
142356214
371627596
425056238
473978890
180571602
95259494
765595514
548493240
264049322
974898169
388547154
555001239
72390745
939152241
466366812
169117253
692584810
327191531
653467726
135558313
309385065
40432955
156529564
911868068
696465204
931364937
981563874
676128069
994303699
53051295
724733344
601910725
3882790
895512026
984175849
471777713
455913538
870901729
377346423
7327887
209361443
310652958
851689106
408706341
716970376
962174473
178580731
257104552
685033220
933482393
971990864
257526391
788226972
943411780
718628641
631223005
848780472
779761962
356661125
549881377
273952651
25214281
5860439
33431187
48528940
492680140
529141981
535694699
228257791
5355197
869179048
478861477
66906620
107981973
296156702
533229794
732690322
760849746
489361870
389111944
461546860
950388337
779323353
243457226
586033220
139661369
574450558
499436749
456025554
639459798
479344670
957361259
198829846
317529404
214328243
878497650
34644880
126355177
948696627
650290601
319044688
191886486
557223927
723999508
750512062
720281580
42276742
672972746
562783283
365902684
556603133
346253714
380936221
658880777
556900828
75391940
600119798
103284140
312700990
286380366
738880616
909165980
80040413
204532199
806992048
406376048
422541169
604346933
518585816
311747600
448548935
330001629
558252807
521895783
962855390
130577255
989682832
28703707
717328987
591663426
861099163
847733816
962892371
980043188
814780020
340899572
37668563
455612025
831703773
39649331
47236912
249622560
733656166
216441429
647762110
440249652
133228607
992615885
884004226
775966832
729782347
20960959
825715366
319407310
483217418
372656740
413833195
163658563
57843038
91326992
113546906
329372064
766489502
677966424
215957537
562797420
158310279
13124867
936684107
457142235
194358156
582173151
462991310
547744245
27625262
502781859
26611546
287169985
183114660
777804430
848355344
983964849
460738762
385296218
76902930
38108308
269717041
244169469
291759430
244555793
33982606
434585690
59900807
651605880
942335612
543684623
867215204
953851264
340915182
69525282
712411247
564120780
190873195
414949412
170219724
762623791
397052385
865024196
451207507
727915614
817669097
970922807
181016941
775481496
636545646
879753692
668540713
772848245
513789689
65399272
252177465
518547554
314460428
807187861
465621007
958796040
380939826
553452123
555744496
275484065
669353664
456964611
649007108
270049865
787708911
953700559
402553628
533148054
162902152
143567918
397593129
190072942
182228600
816779859
36301423
5133855
793981066
298677763
617771220
785516171
943626365
950078581
718662582
571540037
815217882
485935896
80514486
581902867
146610440
995189608
630925753
915487492
788242897
288459549
143366912
499494420
809096696
896745211
212805001
344460489
723552341
480185735
937787936
334109603
625819653
957431465
414954918
340167053
253483662
509524960
572693082
98665228
135199414
506866074
40271209
667924219
767116146
769931304
584700209
246316205
530634640
203398937
109361027
36081196
783985714
672771376
228524856
787278509
881133501
659796570
791879704
852703441
129795526
933186054
191223485
283939285
490414395
789856232
631585342
829438050
172778998
447105068
10590802
305152456
998962065
838537859
447700015
89303212
917932874
130646163
831676842
774993486
551364617
662358101
33244133
91733251
889492632
263626723
311973374
31394896
43816001
536745039
611291267
518245864
748870143
243126429
307821503
160132272
378303135
195894162
903199023
292011607
828833489
523343655
700236619
329765484
150921773
529103492
574057584
674234650
745363238
708851002
880150320
307550983
342029598
613496285
937327002
744598928
4738315
867840170
798336761
783877357
858503182
627505513
823862509
90392646
608527490
200276311
241556836
435101158
712398271
732506086
833263247
422240075
772980930
269247445
653297499
292905181
664963734
892161097
678962979
867448848
656612005
461392181
935133992
534037641
573790960
32822774
22071863
897365908
864036662
970845662
982097031
858310129
584120817
463234013
117017062
504345379
972943337
679244125
406338955
960703738
95694582
315123867
850395038
447072731
891084137
806432147
901643636
985053793
274984914
901957504
883173418
800366416
351264423
591673090
391334494
131809970
807063263
789731889
357819418
59357055
639331133
989285415
201909038
328254003
75529762
147871926
14993842
586135940
232061277
934089263
750532993
821741559
965052683
922033960
769655510
656047133
987222418
47071989
943359874
868782507
804517998
612134245
810993096
659993794
784734588
298473982
834610893
920051568
131528831
874831091
332244558
594826894
616577609
970483464
478910436
537773878
315100729
157132587
788781830
870856405
401049664
605321880
598585800
668674625
672645519
118613867
41950837
18715020
983693163
910513678
752393476
993628965
17347004
989595353
458083041
298930129
442179388
713856221
369629188
1383807
126892275
215093538
367950750
141938851
700594447
508275552
819812979
7501541
776755304
314482895
892363035
287387550
237289303
810300873
365869622
935733193
961381865
581860964
588146115
316886307
682789301
206091910
666104983
752480869
874499010
232026486
722039541
954501720
231370830
511455387
408545600
316094124
959480360
845132079
147197157
175132882
86178351
689054746
534332866
159719151
685906125
824997125
754221142
280863140
375978729
93873431
982804569
380288367
313022851
112023275
909112120
335640960
781811855
822008441
31796427
392553115
2308048
863905338
728455529
182150718
296340852
825806715
874805850
580044981
258746525
396658293
242959591
886551029
105000154
926285069
92252145
158566245
547047668
449802127
165151114
607819772
488707686
621163693
50335662
438971738
517285859
765084125
359854964
984858971
489902024
614123449
576589611
929523819
606227049
926601317
654929529
94703048
899038615
763055246
16119300
826543664
980194903
302846675
302092420
525727452
580696994
400488524
917975130
132230695
619990958
626006841
429706628
402858856
964905724
111992671
52111202
112839391
428136053
63777044
975500436
853034661
250415192
142622927
318219218
382329671
343436964
372208101
735466202
63919873
471762505
676156377
459924626
654034264
229123251
789224500
801144209
694543946
857450540
177445772
122234297
567129729
885327454
779303837
21185113
167811224
19625611
842636728
18928205
843353280
377430128
103535178
857967510
538902982
747648348
689179277
64529529
413792503
373153889
146811349
511172108
303216233
134787243
715221014
978920315
70788972
354572755
530373040
586114860
952398400
990223461
107103535
138802319
13622874
133760015
377271797
524807277
813865358
518278726
179283101
300058563
357301569
251765168
267239681
405573137
458163825
91221827
450304716
181890347
565438045
857860923
730950257
777736869
161772820
263382089
460326634
932052339
241697050
588416913
873846934
523090386
742995790
135170938
67443578
453900926
639250776
97322889
525075309
749391895
316131238
702311561
939603304
515445572
348772716
125263442
431881088
93751945
670933135
424075185
659164183
229853996
531789580
141205065
526315326
778749083
973650024
943953738
87217247
216521092
932317601
338512764
274337309
15944515
272939276
868418275
600907132
442875618
386335955
445149804
340869804
697008733
218714286
211841391
582520483
997246880
489422116
348401045
683741882
367454756
278133568
445245081
852955893
317101604
402758160
735669274
943915118
159751397
924484436
164206650
278456977
802006686
110749301
265110057
945630746
171175151
777071114
480925100
412053914
300607929
18240165
365597059
153614133
832146892
964357481
196907440
876990550
839815410
801348730
614518961
197823478
561940595
527363961
386850147
534652734
302571970
201840496
767085812
317871016
665512483
373678876
324993127
384088585
23883795
786770284
166405561
297743182
702147824
913955947
952744055
728394978
81993372
889494082
571393853
840143844
544864008
387084053
891054988
448470488
57393741
365482702
969620638
510692470
41982997
945406166
336481345
936441490
858672964
824390129
769581622
611605498
183001379
191390528
702217764
746617529
209757204
847175951
634963176
296063877
256794486
27869262
473425722
525346445
764872368
605747229
9659017
220479662
465141744
477972765
554407329
26122543
215394490
98242818
360029287
567123902
283343274
232988193
570790100
700623282
946712317
529664653
567903971
616900330
421531112
89865431
586480321
540360850
710705827
166201859
883626958
620950978
479531548
497574291
386343354
146587731
18370169
970227532
570437632
695564946
777052681
558128447
929093054
891730944
285533298
352007420
390202908
609100977
99366464
172655004
665371619
280324650
884308067
411616851
565051989
426333715
284447258
260737195
233942769
3285795
135952613
874946675
718116244
900006734
346207769
944787424
814920113
512727199
80850310
718013830
514283372
305787042
643108503
452012821
875579007
1151024
55058646
647252072
911175088
747645630
179812054
959709685
33335389
344877647
261420239
937141121
441186714
666387913
132504638
754632359
278184795
966123259
806965271
671393770
168918657
179573064
121499555
480235338
191730421
861973718
50457603
457918998
957447132
184706359
534429394
612746381
679647821
999797680
397792658
708166048
272501304
283600465
639860983
949380201
230742548
573778843
44694970
143530744
828381418
41099107
630413219
534951814
751227301
10701445
64593330
163646451
812262791
839114005
949556943
693984594
435190948
107074581
268101203
516459310
413577567
238226898
661332052
272375917
592357653
206914310
288479872
583659876
51333984
261700798
584348826
712683752
47379141
350643065
659508163
299720168
770662077
699270579
591416461
849887634
63349335
511601656
274101745
20538109
380090633
134170757
790023537
470786328
416292724
571471032
88165980
860270214
253086052
572428542
688178406
457599969
826115061
793343096
290014994
811022688
215941572
989685333
767269961
475683772
821491747
895955263
243713246
500514648
919442781
296637217
704981229
244942746
667648944
836704950
512689938
11206738
665701354
515876879
894396782
876610630
54194057
442970020
447235464
358547539
570529555
555958783
587779947
364727631
189927139
587835085
869227942
774271557
480001023
511175182
452111567
802012165
929799360
569278611
970792648
52439611
894381257
815886587
505383098
902184907
985887436
753075421
871421599
881436659
21988829
466205295
453119326
912652011
397568232
208158549
383059009
191527575
171449161
973960307
559227807
159675874
728715040
235099092
921437571
881768028
449584467
248507667
697554031
250670473
417690565
869669296
478881597
696783842
382590261
734367067
195344897
234688263
15676906
973697708
231925955
525008330
665418010
611602918
326204132
191257784
171747482
706467528
528511360
830772742
871274125
53504551
311929055
381418230
47478990
386008351
700265143
166325387
974678070
840404568
778702781
638571170
759730753
146434554
474115644
305884771
785237424
364283955
625864249
202045310
978056492
283902727
342405698
397907674
557321294
841488007
914547330
312188801
367783577
450722651
468350137
651051132
510277459
599618928
530286923
816420168
909256735
997173440
330383496
798832999
349767889
725639124
786237328
378939985
884811312
502295281
819428267
690252228
537352336
601853358
172171836
713711583
46973363
184384278
794732109
703150477
344536598
881345935
294697152
770240356
711435196
723418520
384338708
761699568
978274789
207928429
947498658
799473698
572108492
267195007
664151743
444907816
669479782
495323259
201653251
521314626
170904654
907616912
642217745
829530916
296781969
706777929
724689727
756518877
988262034
374382852
524951099
374729123
383907390
247763161
927763625
151573697
720014620
691884952
693645435
165276273
94366563
910590571
418215333
347430100
830063379
589857115
998910075
782622029
287580052
591891681
903237779
720606672
559007618
111975558
200523757
642355119
779738105
699913069
166886299
416154428
950230510
220790019
576443305
98323270
455160866
846591718
929055094
27796843
426905595
109225814
978906150
404944694
757718870
619009659
201419967
33581570
111840856
458768677
61735880
910513824
731514626
116681010
194264286
78452166
549370933
954894391
457261326
37764552
280881102
362919801
674626843
321753245
184133318
65386388
414468831
763818540
79483963
438058461
244121376
164272363
129850791
141215642
319628894
529069930
509370249
662879284
107738717
22171250
563307246
459506519
620277766
369407398
399287590
704043690
390732343
417942045
344131900
194205779
579548151
293766676
771315428
248397384
316095499
9578224
392726361
230214984
3231442
215054366
484822001
380801702
119330926
695118741
180683329
420800075
668536262
49388349
125956853
544418724
112048765
974244122
556607500
976222162
702428687
97760391
22409317
126860610
375515996
628638832
82111069
334692416
854113231
101372325
967054404
128041211
402618096
641347895
744862886
65942301
873965259
620717618
592708065
792902813
401779905
624279369
288006795
897885240
994131757
513891627
433926564
834132905
28882032
937919021
380780917
194929460
506705637
200000127
323103511
573713518
957591400
892225477
82218086
789047833
481630947
731863955
640312956
968811079
307992222
710172190
600334205
396414824
820317702
651213942
339766222
716697291
202809418
665160325
140827912
908955145
701429673
635640895
249282466
820669450
798980426
568591547
225997705
582063562
922982012
70752025
411602966
848480006
660283818
877467981
912028972
843735595
518757503
578588220
366675893
735469496
528667755
445014015
328357438
270233199
88822391
151964179
697797657
246591229
726810732
329600415
928374578
229989514
457940626
424208176
330164377
251631597
237881762
255573227
405358566
537273970
751027615
465217218
52545344
847107142
875965173
909923373
831308573
158358009
976980383
405924089
716137310
214800724
543938918
995610821
948559141
973970293
693633236
958120222
183756405
141864074
79255490
936122525
586250514
639110189
773366123
757576910
912449313
516548735
970255593
379814761
429165337
2720955
988889374
168092932
772363882
124410531
996081442
278818810
845995686
653629878
777639946
811013686
844691522
299684424
941865463
892793035
483655212
800519285
414731073
387797634
812665012
208699585
662543697
211559542
606788772
99346868
865367424
516879506
373114949
5911911
622700602
579463657
935252099
757334047
479878011
744176037
976735870
87832903
773846192
12126851
244543431
218174023
10698752
191551759
262793131
407122556
799971127
694960078
550958358
806456105
846522054
957813020
652242018
323776145
432306674
921344382
881532368
407683877
501575534
267992274
812142869
771497060
363344893
26985032
178637436
857600296
213128685
96844483
336058963
812077938
113337829
318080977
407334149
164887462
888871942
403600103
150330041
898933377
689771826
815769963
111916927
70526220
880235621
677285824
351770678
687838113
641680889
576453325
470994449
400720975
387713576
966537437
536934451
313698788
134783320
294117554
274984563
757690855
643661933
361011426
26145006
849073353
859130983
468165197
112087179
576406637
164343600
291969631
600040105
925340961
505365388
478931064
178974940
389213832
254047361
725504014
44438504
640459615
707510690
995481498
209910936
407684207
362398264
675483576
566299349
984354240
785974754
775047389
797148635
817467293
193687875
500084237
779864369
30430917
844154639
353565344
68490516
488342258
285979098
641932535
942033357
259760724
224328864
491346621
904892128
315677097
154537349
488118654
785178781
596637932
297107264
769109886
277225393
964540056
949826073
876864012
662825756
320845944
505506894
983517856
487883851
328590071
658437301
676337553
937275852
872584705
20231353
106229033
245791972
481593993
817699122
783547424
51432371
634068913
637221947
82829430
962787010
816759151
21364034
950925070
53106087
120030129
674364920
350191005
634353035
512843510
982678641
390518016
633803498
140278377
222872244
103349850
589135718
961719203
827090814
680752891
480420894
295397134
20337309
186494983
572105600
240269596
918615707
911555520
332627990
473603596
871949597
35973229
216979629
351855441
474505287
772640764
766586577
773997859
401933991
834595447
136772324
799759506
191187434
876669606
329927565
738406065
889211313
802864497
341463105
929310939
282524744
121848396
489858180
110429541
864980274
629874483
304401765
578596316
749997732
854611512
622976451
269834676
877685459
742117373
124629127
108752884
60199823
487614675
600475494
771717895
804503784
127881880
793342786
54482304
206247943
804595421
877011955
683232639
707635861
809187600
333507193
438053694
453805701
819852513
199550335
706497533
370724205
559057566
700753058
955510522
470409059
469591812
609703588
127613812
65289200
937281791
498439431
257665101
931506202
292058632
749628471
172200633
788196370
40939134
765480530
462647043
676463175
508282457
446945210
160971699
401007988
941364901
139128056
493594160
174232974
141785252
725503690
661179005
573017314
910145248
942380188
144425580
808172183
373566347
778795491
488372337
903808978
465877715
241979482
52858119
149103054
259029741
208462470
795355562
936984021
490835529
483496095
63009455
429510305
951533403
422493060
20042200
406970578
830811583
858506415
446742997
14573013
579680296
332950049
126769665
399140831
533915728
126491927
732239430
278154591
91965716
109913522
648340209
233702478
800989477
132739084
38587957
514632432
958371649
896338343
338130577
5496308
349171117
285529129
784383890
674723157
848006716
354691034
192736763
814626906
472128742
974438391
565165403
66551829
143418809
144650062
69298093
819837055
103120240
100498524
216207558
168684657
906784628
71202428
204139362
615669389
552970504
321215812
427141286
154283265
626060797
989024149
127556075
921006208
390711469
367403014
918536072
378145096
391491021
675768328
688395158
673516721
306378427
498219571
667394659
891362998
745201852
490419717
982819353
235397472
747146544
497966101
720389
982551652
598232223
435253768
25051447
232305182
307688873
525661549
987617552
685699496
551888205
751035977
576969632
458738270
42261961
396636151
999342998
563537083
963895070
622805220
429462176
793957495
161617483
505012833
714427576
416413619
301999998
366160706
29571980
371688895
732754648
769652804
273406802
928140081
405031691
770716217
458634990
784491831
955013693
241822502
981014032
699063253
307365666
189597879
616494102
163170444
999856279
991587309
292208662
201026419
954154852
462328499
184302529
476029331
603167617
295782474
153696864
178448987
878602853
318769205
64479507
574597122
58074971
60302245
743241049
290814041
315677175
882016272
901154630
472053034
162750004
606316041
886669007
137848072
993602285
241565291
950204583
773524124
639168412
676508845
841649292
26385531
552832459
707501378
981538233
433189304
174890929
372982459
594500616
292546951
74249920
616260166
154630766
510871156
306264782
173738423
260656076
118553174
657783149
447887570
658210217
417427893
275400799
770560537
569506019
412265915
226054695
264637156
943558504
224527973
96542659
672765755
317459271
287503923
921638418
650079240
699601022
757269303
909763832
376108060
151135803
555715637
935280541
133992769
787237362
646778367
447959680
232477496
581956527
808608443
328557064
421350817
242987168
252964618
326694308
611419743
164093724
771451055
3452716
695041031
856224096
825449525
936247165
482177018
187780644
331458958
307355002
688078233
925538688
686470088
584188357
27654325
140546126
211845898
851012268
336709860
591757960
940003787
723709414
890527799
760414189
874036473
351497092
353924534
933408124
741394485
653521643
978634050
503876135
487615399
663118650
791129577
187752503
2990687
538611067
714277704
816676167
686698834
412788239
922638010
453970505
138539877
333645665
177041986
654793536
704692043
66489164
867987054
200448374
854978082
196985618
571984708
930745659
37310471
482717093
455922116
676111300
186671882
403638221
980662642
15749730
332218081
329898558
893499807
349287326
543541186
653651359
215737348
757989102
771343327
256050272
444646740
465065271
715296166
81284618
121702438
932599345
165768791
294382993
967430642
851281077
306608473
247090480
232168273
182403694
152561934
825479961
384031485
847464076
168214186
758603583
15324496
27823781
270147811
966955924
922620352
256925966
211374470
531938999
563338029
411607299
382018900
917046368
109700994
989599441
115847664
995520601
861219148
292051742
743236116
174712422
95265995
411222947
172742123
843576794
280708223
304249267
509938256
83055377
559703022
458915658
147942684
76539993
646477830
142133993
287463328
789398524
960375616
553390384
574258340
717141092
776858107
872956574
981879216
708462922
724191331
374286769
712893758
699764313
689286117
279006455
24128876
495744087
359083969
81273467
957942307
433399502
592247124
385634206
800042298
17905133
286848810
298542945
353926231
23176677
13225772
707722903
721119138
549601198
662473980
223571502
698940526
704035147
587321880
505984653
106445972
941291887
983889852
848753520
892277404
5856833
15181183
726792970
869990723
320157809
66273898
941691476
568867929
731766452
700887866
588106002
911491674
615004809
63153823
222026418
373256962
29879999
765922867
875349582
695012818
784983289
840311341
32006955
975245332
549507817
334923341
516319220
286208637
910208230
833956103
162785743
607236892
536856539
319725516
141866985
774904327
210261630
335823
107995369
526862566
253437767
150738334
165988602
898400971
114916965
354754015
699281536
329851496
858277262
826877013
475786560
246314765
545665117
999738363
859966902
760509573
17648827
895348049
51345173
616046881
631308815
979267023
695574128
845499270
501728347
726086340
947958734
928655385
244281949
699261960
658213050
685704734
346992879
292236114
38311277
377120998
728434014
505496583
126837896
722730282
22985505
751434234
824452955
311545611
969679280
509895340
205242435
388574238
615843403
380536758
295431918
440517367
371965323
87964696
79581946
892894318
203800252
312716138
713263567
27799248
527208055
577424275
671200859
872004092
443369900
570236770
735584500
954793730
191390973
486430806
690855666
230881293
127308011
251475182
564948686
304639700
274313076
512152748
932256590
683673035
467124961
89830175
523954044
170346563
798562678
778299024
770883189
607397556
14372134
338381715
464556458
251955304
150203644
124627838
152389574
339363332
570425166
932319704
991710848
864218799
274403686
301808399
906666623
930390623
399911827
895969622
731149962
301977901
849642409
737393776
978100811
445433102
530928053
627995381
661540768
887118281
333881849
438598083
979413832
918423007
384166760
661044179
907164853
343111756
817685019
779580127
134895914
78507508
508644471
551165493
555632149
82271715
258137079
826738013
231560615
373761757
178734067
517688569
698243078
925901574
594563071
465355694
109222742
20118772
60942245
815133247
96610361
715093757
205901777
507730043
326156386
517297633
302340568
559285590
343196521
231716961
417233915
198467400
972746704
423433250
840512671
529179471
276469031
556678400
350032242
461745113
241705402
769106090
526132206
56851430
413627618
939547758
355250527
719346312
618785676
391538813
192242974
714608899
806157873
239020401
318346055
725526785
120174419
730008610
165409277
388441361
294611091
904524616
772655810
954141506
873854088
952012137
790379560
646427317
474505027
207903363
128619855
329275366
168403153
727768761
743983653
965933895
260463553
666195988
43925293
390395507
36473183
339785226
675141235
457017590
291289425
164119482
587930393
391769197
993598041
907384637
625256502
528917031
227430626
36044579
665827195
226358867
676444544
402837386
310230092
131976334
388518701
960826005
928230284
130619322
154681514
345826186
526599540
874961304
485633824
806146355
808283174
207781384
129904410
759188792
220520572
45239242
825808192
533600534
786492277
105988293
337008679
805322469
752010261
142779328
239126399
386665633
498522856
936548580
64345874
858248686
173706887
515271250
285447150
374006444
181047291
850799436
766861993
848870740
746850074
67023568
187777281
634145509
154266987
909107670
969939702
787451545
596988640
939631707
494468988
626882103
403715380
117068939
33129921
168799940
76477797
132559564
977704392
797873185
493312585
2328726
29639773
279184905
802107029
43108421
837225400
361234556
730617509
458113964
780563743
334296579
973772987
79828226
274119425
768866713
947625925
153346141
74669527
809481919
166872185
501422875
647662594
491804148
566354450
431649357
158360312
848166366
833704241
213544797
910764874
739128897
384601195
390447362
330003674
294388690
787495932
421280308
247834170
309338001
481585857
71714973
564658326
98094068
829323266
178536434
57634144
104866651
291459463
636525734
997386388
170456773
887511029
652690616
425176655
470949765
530099578
590330810
260188329
638782978
384300053
244629528
624699633
644143929
420356435
132408747
222926515
428655920
88374504
212869467
968698426
332970561
593707883
481591239
981900666
68594571
352104642
481715230
558693256
340835606
925665346
970474951
631678535
323221340
603835926
960318716
582593634
563791290
753848625
953911703
526455268
924540132
436530870
962374771
274539414
591593488
814312895
902434987
215803425
856166267
12225744
154092286
293973020
629567397
702120049
186368956
697035327
597935364
670842272
352174801
682068539
989754600
322457095
412305559
454004935
420893194
953273404
406307283
620065534
299998845
315089589
990096325
514060534
168588282
924674310
340652475
592212018
211720622
638232015
967526477
374127085
828585635
675042724
917542372
450341638
425564852
462730869
568481343
153855070
356002403
349966454
420268119
473500190
716289444
349500151
490175598
195390445
49796295
720536173
736777272
29913165
59857387
61490102
277647061
128749817
157691625
685532255
392851748
473065986
707209605
897562613
760106121
769519122
742366739
879759118
438434775
919851389
615353305
551247531
488432282
941661056
573490228
199266148
961653769
296602667
869513974
539158056
791859803
52784
452394410
786507619
844801470
407231087
473180306
721077676
646204209
693786876
205197587
448446863
179483204
200444744
109864744
862246928
453069720
621270424
267790150
56798925
826699702
886218324
514250529
345295249
339617842
506071912
601279165
811691304
711947224
75284916
43443756
720405343
962845722
51202981
866512692
418089204
232363345
720973100
780983754
871561649
824675664
350872773
984467795
820803149
714304676
181355918
613449972
496863580
942347552
362703591
351665024
953852872
434534702
547090705
968000710
435739353
262995335
512415064
799219066
431303540
218080173
750698628
188479699
489194351
158827071
550015124
222335468
800331007
51997260
10437629
366103461
236970985
381746762
567259830
366455388
418325144
175751354
225703870
735569018
812994554
837039484
876294301
235784831
244990670
90560167
629690894
267578880
241005802
970494934
715395573
592776256
72320220
131697715
462666978
413361356
951113849
461484666
906655567
361169812
502774499
556589442
478616149
553911281
416538567
764493155
960123278
661655027
168490694
718582451
89622105
159468615
564209672
299122708
16529508
220588824
891664470
325592290
853495083
979592867
709616239
302027600
16762072
950732279
177736554
799832582
175015034
466729033
456255942
270530259
586220557
265766067
259570706
549695957
7185422
284887478
745134610
355023300
344138991
154620160
414362398
993957247
785244972
558323161
909257413
111193015
591944686
369444443
153442196
929180355
646133108
678279507
188742558
709588271
260275488
952841949
602292084
564153303
143761256
280857391
771584393
210053867
737229553
855443811
296827369
698701434
437327614
11501558
788873007
537248585
44710007
332421527
812611774
474039014
404136680
736645615
248708737
74694840
467072518
53967720
586944757
501576157
165333296
682354274
358322043
310966162
794292298
881711169
41514039
155310823
851929623
133425046
541315971
917845564
497582759
167221801
549191320
584128637
188281577
563355695
949825395
155087852
936368941
139204623
695181732
249664022
292648169
704509637
392622705
849364694
24745773
838697693
986459120
35688517
982067697
86647036
356847310
37673482
193308402
154935968
511613144
783219471
498836904
515361680
37085306
993523010
422324175
504913205
864210682
989714288
217787348
63190307
150542544
486802475
45177014
773101079
694065517
132045829
479370585
400080690
941102885
825428321
853781098
571888718
373034571
876391762
670488987
551512307
754808279
473081926
486154113
277658588
568103360
89825476
279417711
280624514
56280989
559168393
589030153
331170292
446132976
879788446
330701090
609874676
651454716
809570762
715814410
649376304
986243279
710447381
556988350
121972375
734718472
135153913
420968605
788590412
525346203
43452604
378301335
111335017
716051720
349790194
773619359
97439087
591749895
410084944
363733187
280193947
669617067
103130703
380302491
462079813
273041174
304598779
749507200
459210263
852123806
317349885
980390795
114468681
509210944
118407556
834853122
165414049
520320677
45240228
475835418
291912909
454600655
896507683
549651236
805248393
768975442
111793408
239006346
66703013
452290006
557474058
400984331
905126908
344992247
409015187
225766555
902960155
389172445
430797248
782858482
453493765
5329492
30722407
320152891
997477
528568286
965600799
71157968
421328243
732816496
590854788
857162311
243177358
855080981
358087407
38187052
575591297
93074964
457945876
311280799
409897687
277702824
302611865
254434333
94352275
270189500
702062562
233886059
368732062
648218303
373661186
232922596
683097734
276659620
357280887
456329062
374536530
928413107
564112308
739887417
737785979
866442725
4189522
919270871
84321934
974335079
307595641
605327965
80355074
212504210
274595862
756568655
993034688
432124869
347810710
146460673
664306835
746286356
988586710
171133175
313652500
942125325
547230205
177035645
655781139
841900190
294506138
213482158
790585282
431129518
689118010
461979707
413569088
877662552
652975479
97404909
715041279
488081464
531729940
128730699
799092604
858922607
195670123
695202167
352930150
224451166
6073649
734273431
816431886
845697311
560751666
171611249
941645194
946936361
253267921
603244285
341588560
61068884
249077729
874281763
701524242
475451615
989120956
679262705
410741439
813660555
627086004
616813277
360514136
71149984
103107359
587686248
19333331
635610431
769890221
798470400
639952789
248095859
924087462
302297257
958731559
698937132
133874068
510192380
702433902
423622545
144551469
892797297
118008189
140114481
685254236
374412592
321371842
535737
414704224
317782998
895194376
801326990
358176157
433920108
79632510
493161
922897666
283111819
371337039
313762821
152400162
566074156
567768167
675231188
149754119
538832188
484195317
779386029
32058879
480943775
858462651
706030842
827793051
802101352
677219678
104056645
487588311
140733814
819492840
409002123
582165846
201958865
745740658
467364706
445371741
78233112
864786959
307470734
650734444
127337265
232745463
226263865
504621802
966869925
565447574
627449154
792283431
726328231
512439505
230463771
465806396
868313176
612297317
660281699
3236568
881389277
542202599
635201229
40913797
257669712
618387576
830811841
574538759
187471041
380406255
757494687
218091143
685953715
279747554
308426978
50623736
955461837
462947202
583994181
768417973
590983980
335783142
44051620
338780030
69379484
652662084
603250972
648192031
430796934
830958665
224908500
411344191
964653029
901794494
953953778
208111607
846873283
301030868
350997307
409282442
747170976
681774532
820881510
435432383
952625972
740808502
813401060
752452725
613733417
715275579
818111482
174312362
226374804
443357217
65948394
155091664
832584091
320147824
896174529
510964671
211527469
365750126
341285067
964344501
553659724
146322546
790426096
491617381
535809568
252786371
365929284
264454996
691502842
897328307
474463633
187965593
426907788
807496958
94335144
21115411
146746847
117942779
806781752
660687084
150206582
184597061
610416126
151422451
664440160
654842523
963633373
628766209
45800594
134085506
699482867
668216084
875279346
459593880
879471191
198037658
485312919
491692053
279846876
535655758
404595535
972208454
80440512
153264352
85527535
146565813
764057765
765851292
200618424
110515018
371988011
579470318
535137315
853096689
195309381
88886640
292632448
272288048
419410600
257706696
549233090
531941062
524294929
828634463
313087154
183466563
990901332
947739786
376147625
581342123
472409625
109950220
657453474
62568880
415923011
623272364
175334581
481328192
35850143
896203031
809004169
672328381
899471420
213390533
750301604
969330448
299929745
741186771
525501934
444305133
347030901
356286128
602232562
732710789
642713317
530942799
312607207
784686118
473850217
712521254
103740931
87898700
768209389
813445093
910175201
536250342
982013161
146246708
441413474
123587363
326518571
243918677
216830328
218274304
287067011
316705484
913939707
161180529
445779736
279300201
503069157
244462319
616719035
969667135
909639702
874122004
744603317
560574937
897023708
144822967
368643050
680673162
385179038
2968715
738119800
12350050
152502680
479274472
427830450
643144415
619747399
518797738
45012827
304027
149238091
979303961
421619741
939656871
238949194
289308534
369690525
716342704
434687466
757795538
978234487
186450008
206048047
661747850
58332272
746184934
232830412
11958364
115147877
897723260
731802393
395445048
90681698
396375873
622413895
54566196
997201994
767098709
335467195
83254563
812018725
652681866
553535207
417973541
532525307
539930500
602436939
751191248
600522612
971497498
415045797
704358469
868406410
163368666
882831329
430978589
730996846
970606384
847004788
935519126
21363940
16018982
403145999
358059808
793055330
214262752
887580766
653280530
245643375
176425929
964180230
816891730
175788360
595665178
77436033
698633951
368061670
106642913
81950528
322185932
484709301
704995278
224641042
736260346
922713739
27882897
502934719
555083593
949205095
168520977
125894118
85646882
403143058
887940787
531868418
921009959
65235031
549796608
902982938
165683029
838389796
503692650
908416489
878174329
275547727
396173649
459609338
835243278
278500030
713584826
508817323
365336561
993192091
343937726
690758514
96476952
34782544
909285315
514805277
425324147
357264374
970703176
420980995
460013323
731507180
324592868
222487777
595901211
878304811
417044617
727748336
568269237
865644441
57332162
673152376
205180175
294948978
401304056
58716019
944002234
8003243
856968463
316244493
534970575
108269152
210249065
145622292
485523266
41923600
138540729
498971903
231068459
208016618
574714676
927698287
594387601
610986999
43190590
361560699
462051916
687914575
247703201
288708800
190538237
101927190
482407951
508548324
812235748
113113674
137572843
212900369
935368182
87794053
968155072
215658665
197100319
183855385
686491754
740240911
697593097
588694362
785899860
231427910
813811948
629781170
175029178
798318451
649878019
997960026
76643975
177072114
486400403
895226053
775322179
429650726
398700177
61621053
34758630
137105887
630213035
907691137
349406634
768635825
952698030
856028475
906613006
45830912
293635349
37428466
296009191
104523101
983005487
763177194
236826847
65051723
957928279
181432316
877200099
75198030
930826985
913400432
464555541
826683843
118340045
220273609
754667390
355299555
587412004
963394848
944646596
504216901
669671651
513366823
104029624
953455148
136409264
18729739
387868927
596374443
193051324
638097548
216777056
200420717
46980660
994580694
414416914
120904508
567149676
800960230
83711647
735853657
803877428
122323095
990650341
908184022
139408912
624646303
308570574
702011149
739542235
400641943
483411560
769106210
579207004
865323970
542992079
449255624
307985850
759316164
245989859
503444024
143273845
788692432
529414305
961048726
429466746
25646085
790689699
293114615
895548478
411262605
882492380
991799488
99605745
357483216
203376644
580169914
14075303
600514600
187557421
490606737
283371149
990504476
227127956
831204776
606699832
277933768
547157727
935597145
94620708
213030558
321232519
18872511
525895941
950198492
23701284
496954474
243572222
166816105
35354239
452756851
81287739
524475064
191744421
400299308
683454825
216509987
995887926
11639569
657447864
749065600
94533445
773037995
613314964
567624557
453330251
819148266
919519460
390722635
733847511
319226938
852898888
391499559
86705015
146449908
131468629
898955496
452001615
765681344
32769896
479670244
88268368
264536488
287549954
504714407
296815516
114569893
205969239
539089826
500619741
273455537
991706341
578282424
855033981
966753519
843884429
589553744
723085877
252719716
583296208
313495937
860592546
265888834
829795239
766570070
211202215
165570822
4748585
916229378
287156967
764768763
756602260
297721946
858874089
446687712
52826466
771060377
474380283
171736935
504221012
71519000
577381875
421939847
907207929
358796677
652311403
725721185
104835519
425916281
817266431
268558746
686912841
490488662
748965611
635894177
263168376
811562259
867980426
115860150
335060955
643457811
578300324
318130233
252716888
461989081
380999818
847209611
83092795
826044175
111224223
749464213
457813489
86475012
598961646
833584283
871420621
774492964
813640984
658472045
200755589
839846072
919190595
464671229
661436993
931147765
422648955
37211603
831964821
184631752
966374551
921972633
351439557
402224654
723477590
194208613
573323814
178784623
743516525
616319298
91777399
929601613
571000730
15174940
98896403
256948519
692227981
19435749
956325792
536266728
690876342
347966222
389593035
111386480
119231420
381305822
253605662
721325073
270463380
629689869
903489805
394255341
383590512
506792133
461021751
538803043
386934361
807109419
648265637
923092913
386926989
387904241
788034558
403682719
695595812
30735671
271901768
662065042
517718815
191424938
928360894
983285860
254545661
841958350
828947429
452842440
961313967
536193721
148391599
49463724
192136747
814177216
824024459
832536979
284031676
772496366
218758840
344595419
119526274
677586810
482488590
984174543
442140713
247824272
176746369
608029444
52302451
548694374
179905680
50380034
694207643
651067763
980994571
977362611
741025847
490965857
51964496
826363104
676196082
106724656
481755410
914963959
54555323
221272693
491975190
956465627
666336594
222962794
71386472
415570400
601502521
842519070
741451116
538962121
591223976
146842617
326238574
950134026
574905066
839212477
731817294
415586106
62234867
657802025
20577562
309731394
683159806
133005991
408394981
113964472
569387658
168305068
562075603
361178627
864537815
164825919
89416374
518219816
730425414
624820447
647043314
312860344
496537914
950979113
228028717
501580140
658602415
298189321
597300704
431430869
124015805
738133853
658053158
288112148
513269561
812497430
835849535
820110520
652291854
647155868
797925664
632687649
812091779
433476062
80472620
955070875
102627357
143311089
679049568
827022887
224514996
653920001
69295303
279639651
601328108
994985139
749437882
822455343
58751776
854422386
205401637
398673593
603596322
941635419
769180393
859744827
281206526
929805782
93885240
996842958
613384328
31931271
298354209
502444966
762513653
207503618
911568743
662386896
1457660
917103492
762358391
726329781
320227002
665905047
454999713
937826198
630676149
820234994
58762329
100935327
625162916
426565995
578027697
190757256
76550738
790732330
232043527
454495333
71414848
177808674
549960538
902965687
627510297
55096876
722625143
108174863
16986633
142898682
46170000
758835702
297153152
14134206
579398951
950572144
221278399
570882571
596820093
57172000
148332663
27105828
941449726
435592758
954122696
777555153
430351749
419286959
633873051
869160991
896764612
460104685
450446744
390038746
297617473
253796680
745756527
179296750
125730062
854742945
690611153
597143740
24302822
752495745
94346365
280367212
317853632
391139042
788754323
156458078
872928512
689793118
752658947
789235521
705855011
72852507
377153512
898237136
220112922
561966380
234143356
569129341
568903195
885445788
690097889
544410140
407265035
206892853
749215239
287958563
5789781
992316503
248441927
930822137
966475377
12461863
167341848
637087851
831406576
910784576
231334721
977199907
183978206
528794257
987867661
227142573
873712687
938637876
849282547
578385969
753237045
275074889
158010539
34293190
267638999
174376295
971710088
150060039
28985335
618779144
353574890
569462501
7265804
414925115
813404289
65992959
917009899
207746085
71195664
231508586
924986963
158028398
716967062
44769993
183252789
553130118
714635919
456018906
74650786
777065676
302326506
500987434
867581451
748058595
243237083
24845648
252068584
614568830
224845768
882684663
888429085
809623456
635726767
699429981
297388723
375153370
812733171
585352411
350152772
607636833
340951456
234819824
990292486
217795575
487137776
163741160
396640039
57834629
653032709
388523109
455884412
908316501
350981250
744438582
733798118
251306556
220327781
465582549
522832340
718553747
952575300
770881283
217776191
920278118
150028181
92415808
660889445
588076841
139523771
860290997
882537487
903800066
546008720
267884218
493831147
171841745
384908282
964654532
301433033
200482777
433945463
545672752
269728162
681676446
187808444
767120142
618130599
529839858
845754898
939196492
958020336
312818118
543323276
38562892
285261953
830834901
945772817
769059601
105482051
368340194
679117152
52737864
208799921
417094756
803456383
573639795
218661112
568862398
891837813
829365207
284651405
793682319
682135690
905201888
301214307
762436783
958330349
462363062
188518810
51073066
164981576
989647559
30967047
156889628
797847539
117437705
80660549
474095000
119841378
721287494
330078270
528709957
349577901
658212337
216479624
521106365
520095424
263906442
292104390
610529266
937595438
48355109
906499778
840161965
323830594
922006415
692215152
507611233
113001797
279977271
193988736
659697869
717428778
502614904
432627252
87079115
497766423
721877719
828889353
831387332
385708647
529086059
151088555
332270687
329171212
370823966
913699943
567911591
114644173
358114935
914914075
650476546
330884225
507485249
835813340
839220809
306974286
308087607
768232677
330528645
917709889
854387332
885994084
629710293
93216294
913487854
957280836
718157641
905969509
377909633
708068529
868003294
573179443
723024610
529583078
528392570
796919942
345768076
6845074
299440125
775342969
411562428
19287041
936206718
388170775
35804343
762953893
858211652
473756982
360920696
471773174
804147508
586599378
594498248
503034939
635846596
181943711
639727586
923387269
804366737
835280586
425628171
289599926
657033088
508816300
146331631
724237917
44114033
485438397
517883364
631245404
250321350
221461304
570519881
684048492
973069121
575676620
226375683
275781647
673908368
589993632
75269906
783869171
872245479
324254007
235530129
679226764
354243523
575404833
262481201
25874296
23830482
296041920
483615000
948983892
489582116
223932831
251232664
87191545
971844779
157736255
423491319
382004128
129126334
371394849
834012702
10162629
781406026
703148965
374182771
978791564
539944146
97502565
704782474
768838462
759472337
475700953
818245337
727994213
337448742
97063351
282898579
247969542
241499399
24994135
142262126
79590687
4412097
954134563
695137673
55702781
235163710
288637733
90535011
553891134
644005839
893563452
763928210
140024510
819458837
24628193
554376675
977958517
813665598
383247244
34049004
244036482
459245454
744720466
439928091
569060181
733772656
980826558
340332987
193378403
260566714
789969644
12963744
904580470
946192836
89050558
740276437
637354471
298221337
454215149
355699665
923900050
391145576
695898980
128923902
874589836
314213354
542982900
953604940
55031199
261187240
197817503
613152841
17187412
450703028
34625280
273269137
175558120
900091978
375327076
85744011
88130974
577805731
294055845
870079750
259319317
876913670
259615158
528857917
617765546
103484475
928310724
673524954
497380505
765262397
167794234
322585309
266658088
767434336
829262005
154206116
285048664
673897120
888018177
145693689
352129051
140136718
560556800
177543601
118815862
871191724
633411238
394768259
448357592
555453269
685780537
188391200
118041003
792533235
438598648
915472319
972354557
397629568
341191268
350642679
352989275
1302761
79231465
738886664
658106707
317519906
400942787
972716020
466461086
897940674
276920753
885827108
156335504
119608210
895829669
24119630
398743246
659267343
971778696
720394616
502167281
608235767
389045129
301004269
72786724
131395980
902089229
484154009
822934788
313937666
559736631
887156800
390975422
373965306
450640787
299948588
725231045
804785528
524718142
975192338
213274610
215768624
917316846
344466185
527917051
658866591
472197950
339553609
556992871
282761727
904463574
928044598
22341622
910279321
292232155
831894623
216846201
82779579
606267166
455157125
540470391
908604116
871351515
149219220
154866318
797839328
971180708
655053623
649148215
718570522
8347707
36464367
597313193
143948346
378956189
7499037
41613219
577420957
855068391
983973098
818743842
531770027
504312159
955993575
254675691
589816866
344278117
76577280
745643460
246794383
28833339
408851863
664397143
543815169
578761246
319199672
948035976
972201185
940044279
746266429
945747389
15078087
124364431
622938784
13430268
625590920
969770396
665090681
737890449
645680037
501680664
589439044
847520679
402950621
770466620
71149124
732163060
603876272
626328740
225388527
734364169
361789516
449555660
4048457
869236673
718031033
666948243
672203387
170667709
540620615
942962457
352158189
837349147
729587225
297109527
425371429
234821277
513467918
159853335
939010660
534558940
433860
684179199
204870502
613444249
149636313
415557721
531338257
823919644
470031775
446468467
684201117
689802706
316010011
533778402
941780365
524677698
263783507
485297939
630952008
851398767
142939401
306232349
713399970
252879604
54977608
91935557
422537279
710968032
745106223
609616648
645209225
878053345
462405260
290233421
719836911
610634569
450561718
862459681
541461560
733959160
861830524
866722892
569355903
857422150
598280008
988740394
834681862
215702159
462422141
699920296
942598830
938513207
191017930
951720051
821464481
292270885
221760509
381950614
855414731
38703424
684694488
916288430
778067572
37010758
652289953
787933936
940058591
380646402
914023836
379787825
330330888
678105940
854005888
235976265
540730531
681056364
438286056
430278267
271717536
371935342
451203881
928833533
159326187
219280656
614040525
887898276
590955295
782633034
679128613
165649936
991231681
792729525
802171628
305520191
870031654
346844152
13261342
791185720
11715447
57572294
440254670
462542706
998746003
610463866
600070034
66265547
149656707
63944514
898843994
374203502
674834041
332065191
801101290
619680680
359662213
376342459
288317762
995870913
650544266
284682881
515796638
406098835
274005114
677401770
66791599
621261073
261099006
45568523
718949211
560062936
67193062
546243255
413914522
762940654
402322950
71026089
669716638
644731035
537755151
958121437
348517703
228559792
762932261
886054476
439668662
581396790
508319751
88424636
752401804
226861647
817993118
954851957
521565381
828363943
385884279
414482323
25114135
729341854
874904945
238418604
323144059
425106808
511830973
659456117
209275346
524454217
820841735
701630252
325673552
445577326
248500395
763300556
220138763
809051383
857336716
312253914
212671259
770898839
218582878
509365862
6512958
42578286
559474030
243732001
529698629
280330110
3293230
825534996
203641596
402042014
296554031
354542804
593720439
328951099
203010949
573878220
37968166
272418467
842735310
686626449
604147747
624748490
809375820
923831602
104197307
687677811
64611562
599880548
224776034
803346374
99969353
81438761
809358621
619414050
7648052
333277853
70180790
132152326
468607520
416839744
869159
932217248
851407758
287615595
567206848
863100997
162836143
120567170
44888921
303806741
790897764
890178846
372121210
5567231
728840684
380117078
473551318
17322779
15986485
475455813
33926482
806927133
566911146
325487755
472918040
238310421
785797696
140694526
289647964
209210427
344647698
790982168
919184286
883473015
311891511
551287173
393405574
75971781
850121863
145922802
824701680
379304889
897384198
2363862
666900674
765833518
813213828
345105857
873293506
468174507
107268736
281428641
633159883
971516658
670402800
354187223
437982001
151304953
854626717
283799794
383529287
69543673
366683620
138064870
43090601
924309277
558675349
23992425
764908949
979505547
327091703
828182301
365793195
732903909
374528536
422469327
254189926
925337234
246832211
226505691
680321308
782715188
518202642
584114136
682634625
902511445
599056686
4729502
330973347
314126249
91060369
273725120
228033108
28666203
443262780
980584812
756081205
388632194
714057178
234607834
595945508
383841299
190511585
339074486
400098698
11452557
284779340
599237779
139307992
942240267
543315830
784889074
760500823
45787842
983089288
80839408
768783774
501098420
577438859
116987870
83193198
809414358
531168403
695116099
828142505
254573671
440048287
682835400
97564770
966286308
7594006
12176047
817696283
424505470
223301394
286342615
122049757
897301477
201784626
528978677
574661823
195746131
199612005
933977162
703858086
637820899
218925857
296450669
38698188
53993158
424393415
485815518
821872929
602921449
864591078
976103250
589257001
406542674
966712015
360074808
745750310
891375065
182596364
916367804
858553367
610928874
311606116
374488537
483937223
940573269
925306643
909264499
427333165
293616917
278626750
89907473
863400175
676856166
92847069
725852994
208866732
690213818
753990100
146524822
551054177
721187260
206641685
282956874
199027408
127785392
149795985
904569715
867374086
805754639
111169167
592270168
572437838
608392686
871903589
882185772
23838977
684800851
721210814
945339885
468700034
656698732
592186372
547474290
614803316
758651071
569558437
168246789
321876415
321368009
840464121
806199454
581290492
714321100
660185629
707511196
94061152
505752916
958901253
144016968
103454896
357497583
801615854
831371688
989080518
231550396
165253320
569867221
69476584
429530411
351005021
750509067
267478867
855730852
564988805
237543142
118721653
505229145
368036376
784499141
355517335
654219853
697585145
64026233
867269923
636346718
379910004
137243228
46304056
171142894
551877671
670290484
668530978
601763152
472234186
898616419
17292251
747568561
519296343
618763252
30638405
526661009
358685604
227031763
763637520
83659882
324534662
243329921
355805306
122052668
99861548
114843451
752741548
296136330
981354426
980530201
451388357
831386858
220256531
22416946
694697916
858838412
878340337
565585434
326798551
525336105
665992635
48207341
225495719
102293204
110728127
510093793
356165815
443711633
941756116
132139870
938301391
335906531
51032802
493726408
470386588
494188407
688631672
700857143
719140712
998770885
759340539
715869227
424762687
429768606
86005517
288839975
741052973
913483088
164186311
789287577
735532997
171924202
213713529
964807733
93610318
614609523
623667032
600496080
852013118
107817793
344343809
132212727
827624844
695609369
70218212
182452339
374658403
819574912
998037499
865080392
324396887
97385896
556346761
898691646
663846865
586981832
370460700
435018254
694133586
928586354
310170011
986306078
423356201
989228530
846789851
382081666
916796531
697449644
80003698
339468722
934219053
178308383
51962304
358955800
477983302
908972411
761669133
897507245
597656016
690900702
772362109
726665013
618575612
994285177
96313757
896381072
877281817
412505826
509551006
109973090
307485614
719096866
99670712
795165058
498630714
758800559
998030738
561260199
460752484
126156607
245291317
874927602
588553788
30345275
836357000
698907893
807507612
519403834
103981205
623118482
813856809
403629179
398428871
367881025
781761381
592381568
901472470
557449469
572065733
958417274
289420910
631717302
219257263
871594087
108121878
865731369
493896563
432743375
225544425
271822569
327327026
855544684
471599222
49700018
332606826
965657810
136139419
307711582
945676270
219872245
31564453
177605968
525080657
277087401
368499488
389277917
106570866
73742977
976254731
72689112
827777742
873530527
810286317
197453625
260482310
821946353
876021578
219385349
29982822
848166885
286548883
616185951
427014295
229115851
990299437
494310732
429623050
495239686
609564473
545138081
699197097
89840377
613945318
435950517
144774919
331211233
995303668
251082092
492502101
473691498
283646066
436503063
295975179
8709849
791434354
363717635
223863282
410053121
949221184
723996300
900072895
350145405
566224014
93012392
154343742
69549191
85723389
149716516
732792100
942484090
77320684
259219283
82936089
751904620
873787480
436790144
108842622
343404105
889360900
192219653
404759411
741742859
514884831
274976184
690820329
95919188
338012306
299096110
234046170
472217559
22654509
412648585
533071756
301333515
785761230
824786063
660297818
878422114
489403789
358558892
383299329
469309737
393155130
662236446
581368477
143085694
882039048
83943083
979626512
543945530
648727959
368531866
205293457
976147829
475040323
810602378
878610187
461531557
819944217
503737
23373879
994637477
391452439
572156086
390488243
951779013
349204174
975529336
167223611
180343766
995786373
641934454
633159994
800254886
259774143
595116718
817791003
951391200
323378559
1048627
657205521
518700343
875283080
845419471
501828828
483280428
687551142
683246771
513792811
688854989
780268237
332455721
296891489
801002629
640003535
664974039
286269547
418233271
381748572
434678120
843109718
70378508
313426332
179469207
54426635
951770878
452754540
271500901
421946769
626068862
331549632
392072175
38478182
825359872
345223089
211931069
494153173
108458997
987512135
388951646
261749874
431687990
419010473
185664957
163161031
415369794
259494028
80533718
500001267
624952025
555109531
864783739
685867304
323661077
135623898
45042384
691958154
265397460
345464574
348521258
769223322
25272722
988972781
491440098
799248932
836174941
765420382
611610591
503294257
811333931
747459319
976432729
637113681
858321710
307684268
274834293
366493837
174417887
799170161
791670779
466539389
192004332
947052441
450708268
361382333
167646709
538718713
925692482
892181255
261888023
787765582
694696284
858219445
265811241
231014122
524420043
46799697
674387821
7923877
440588713
505408953
134350388
795396930
376387882
825094220
530390157
469368832
315800116
877916012
922569964
180381791
222724106
459875954
802071014
174473344
15254579
559101905
313668632
462468944
117718732
27880681
981590148
886036124
87933040
235183326
556233103
347326100
369345377
974837884
939288391
913617
61428430
260510808
402714076
794297136
995237596
292475500
118781018
871008122
965455893
340627932
919192474
317608797
670436332
374678702
550117592
412393099
577339803
388489907
245417643
910829302
967982545
701160729
189412820
704660060
865599424
53985903
252457146
186692670
166494799
303307367
687151597
629383395
143315264
323897318
43199211
658298911
175065596
949645118
25475989
630246597
909542812
73607381
100893146
132135826
319490782
839728206
308302325
191780300
128764753
449960728
363548348
655355657
186374790
751666680
253783804
933946550
55785399
648196142
727787486
64100387
916548896
856248213
809560642
63647658
542504042
665043878
707889638
15725108
315524924
749939470
759340704
430663696
751353426
260847814
239005034
414633728
763118505
735587948
382712526
986842325
181485563
765675504
726650377
650354674
966707210
985094899
486298186
163781010
962986450
753546019
890373055
326011566
938638562
679588942
581468968
763272460
904070262
978676147
353904049
55251336
298950561
492641252
629331692
660636902
337246460
696094217
540673889
173086349
285329553
264715825
709828740
544960036
380823393
294179046
7294471
29715317
338149820
925639075
367747673
293152366
594897766
295208164
827626960
885948003
824588602
367829198
887805410
244607749
298808378
110763016
345276077
493231959
157420000
821605018
215325218
702871734
329137496
153250511
436004792
312289572
804323564
455717627
695473505
606667170
307986306
733342087
148162205
897262558
92567597
969496906
694358686
37839506
684894897
28244051
649910097
19474436
402152317
141652783
368747058
632640894
861346547
418923145
185306651
283687559
545406495
312483328
634834335
634782602
548710907
351219058
455040538
90123793
562524921
833532166
500099618
318758814
730878577
711829420
172430823
374490868
396638197
376857185
938742037
546369491
927336118
803959530
105589510
571644006
635512839
148979843
71052195
769402718
651678144
498537483
911494805
424980709
62883973
115557540
447852379
180105639
684181358
933942780
246112365
22779023
719806206
632622335
522658261
21285849
560574050
208660923
458484603
738250745
857147214
561298888
21777068
759764625
276901094
964650528
643875091
519369248
919310455
629107741
255663897
948180818
167456778
915731872
874946705
503351111
9984521
318414254
697973724
936899439
847935799
883669713
741811171
605793980
388980509
494328442
530257389
827029885
254806293
850634381
502879139
979258518
676570250
504080441
634482534
269304127
492201572
243352302
675479251
525707255
338101112
43684793
620899530
363977823
568718296
635976860
283682929
581653483
672827127
587940366
445195042
980263586
316997632
78999131
367997880
416728270
896469909
244317908
768810072
67255896
801498015
588331649
403566167
45657090
290973199
867337422
597289767
968181033
240640682
469015704
211715354
52570747
624695092
431269873
185577408
329599756
465764320
42421256
62693228
309974850
913079981
466286639
652276564
616090506
171825361
909567677
422535392
656862402
321220393
363433538
27464111
668533978
834784989
720522368
361744337
334101112
352022509
122140864
509289360
307519025
547685944
296543577
389306922
57605139
605698808
131070286
157279164
30612927
748147431
491785316
9514170
782091456
473725033
591494159
823895687
226535885
496711401
7974468
134484405
656379976
743327822
75481278
110170751
992881421
816681111
857067942
649554267
387116757
50650394
967167821
539635295
998769371
161562930
359522484
752628038
270932553
994974181
994288414
435913281
798511275
767943461
772536349
331019491
403362069
213528173
910214806
349761519
619349180
462456192
379839046
61535827
120180522
960903905
527386302
538489972
493853001
690769544
565448779
348892588
543526055
940138227
456761025
946317012
842017965
742743416
719824605
999143371
406327874
431402926
850649955
284859775
684415247
662736361
932303474
121222052
207058121
52598074
534294422
731239574
508259899
61886371
226975885
491584627
699888684
525534106
445836280
266056196
907756130
47743977
768706578
773575326
549624177
658251169
867083810
738302070
148069886
550577032
120163180
939284825
327123251
265313717
209622251
150096079
582337944
301598645
700819980
277121710
374179564
480399732
267033834
278802852
131190652
317473391
902318616
571562400
575730616
283906993
293478918
577555586
93677959
240100640
751123241
454503888
448544752
294542323
98117031
220100963
295739051
563808114
85176967
646073211
389226186
499995105
544138421
173457947
701365125
674166489
718327652
125385434
595027503
888814419
351784044
160627674
289887878
122585077
490615510
313183100
246634875
699918984
12400703
33161630
476019690
295304689
382627188
907222713
104714247
626894982
666141431
749850239
26018481
321987023
127265909
823105794
572559767
617856664
103018908
174703523
185903865
772148903
346499644
294629983
880397204
772408060
546835948
919776141
256127615
564856251
713615390
899208579
51172146
680590612
856241240
405996991
786197195
416704772
84854060
182660449
151591789
926783403
989955351
447637787
737905519
497051159
66097624
126049649
663109210
372160559
937406357
115997929
345634796
54307139
933386029
584021737
419152813
451092135
733638969
303477435
510317699
196250501
363813240
27507774
635391944
161220553
867392477
600606854
646997147
932878807
968497581
401771698
437631599
267113498
89799703
138802354
235697315
861204194
683171595
917414810
825686621
53593732
755375178
289211263
287567162
210921007
426279036
829926140
517765896
407573707
708516823
907195923
798069490
70905840
793107652
550096863
215441000
452794692
512230369
678937932
10294908
934359993
446693760
838607590
774723686
910217213
158369671
212525496
691530743
797833335
749687738
638730677
128490222
117874592
797353471
652316335
756594459
658711726
48190741
512553932
899057129
713897667
331695036
106595562
634168234
396328703
270067329
373595656
264482287
313383398
346407509
859610406
723467221
25059897
855120116
996668274
474433656
774530659
942142791
690766103
758443930
357653218
796389575
805473603
311190432
171984463
508639427
416132709
156052704
678778929
330371890
782074930
257084244
797993810
701815887
435377908
551720744
866586085
411337983
772184193
352299964
134424118
369007253
303724561
498683615
316465543
269267521
188105924
718579785
998131737
937740294
898759457
804375119
343026659
249465771
672650115
23062480
969758174
434404114
895865705
71788622
25534880
216818245
64358169
458405305
960793507
278131278
185010031
165689499
559698495
237625057
78156345
128602750
492714934
13426099
175147012
87056362
90643073
903836647
529477306
844978440
467718009
590257868
852013152
567655642
604259945
407906529
743614547
914579841
669258149
595302008
876279965
818919656
60780873
481360200
813867517
888050533
225154668
659380591
279928820
790032333
148390288
176743041
775348103
245108005
51901204
56789697
137399838
149586432
689750114
6426375
618763914
738147099
691179837
947938688
632674976
883563812
382557451
864292814
549664330
953943614
891661595
447091515
59975360
938113639
829894611
555825897
387634112
488057763
356286323
804583979
118687089
109582349
231365985
573211972
447000923
15069022
77815342
612153374
672238141
762382633
490005381
555088406
721868000
864798452
190638276
522409666
542274428
134185924
946466051
411433603
726207241
860274626
710190057
315122394
959732677
142902195
914729287
710539385
764556142
783883223
503708320
885673340
305304635
591660168
535781506
360054360
887404845
874642696
343194627
175189635
401870818
282496698
383679236
612212245
496349060
52271265
317457675
209668301
34177676
764975412
78642243
191931024
139664590
940746741
463165545
295088762
767666379
959869644
279689243
892442325
601351378
157877506
524377937
763946521
531436968
5363977
260011434
359735880
705813936
844361641
794404297
647332148
8756006
921747761
65410308
875131415
859451553
416257754
877040125
4568059
117808855
965162364
468164373
439548881
31867391
955035236
231330923
516030076
221269370
249421636
611209410
564423095
378500806
884602659
28073285
455865433
766996601
589335243
132527407
747760238
662447228
225884556
257698363
128805534
719080039
980089922
385073964
221676917
129396141
741323045
674174377
684956067
755159190
547582467
746994148
815582171
826617078
497058794
664663520
821283982
22127714
221005474
745502123
433758415
347682360
359933944
288371005
847077356
221560286
499056928
400597326
513731335
168191933
981826426
688953087
300931396
647116993
442028776
925625132
430565457
807670676
178698450
400630262
178982091
365093095
329234604
865193537
205466039
77529652
885590411
635460237
291960931
494630693
51380422
918576225
885308554
144196646
540401892
902625368
330715313
714092044
803555580
183112852
321941747
680682794
584612178
739734105
874205560
819510758
854951297
886906591
817279789
276820141
589677325
555391807
510600468
326533460
897991256
24748702
761286291
721045049
332931017
437909817
71944036
373459706
769058983
764014732
884010612
507031349
622175447
160155457
875155082
472837991
912837428
846405958
842305176
964598742
761123517
339307113
239647557
364474735
414149415
844421456
706548301
212808324
671722477
399592907
728640473
188891171
112097031
720684831
990084077
669140760
557474626
210688080
948893155
341458886
871785802
292019464
772675802
452521504
610143509
509195804
657462839
684170730
830156105
166569601
51892647
496070302
142522072
259968956
887339564
288789447
80221859
575785503
896673497
224064650
166532188
405852954
401406384
97794862
351801999
619421777
203568034
836180568
541510004
198600773
235741143
935177191
408168091
299248365
261220043
942564391
143211882
745003098
377491611
131321834
81722267
905931177
988022550
270962323
708058245
920111876
915814239
257106231
94266885
413158507
827841513
186698194
436860251
348002999
799391549
505636327
267809097
781925687
79152745
360184952
735118358
931888407
728003425
296760497
767486245
90518885
687969194
453266330
144268595
560162413
259603652
523043617
232125351
492084730
229139456
686132211
208815999
529228529
213602843
282207299
924801114
208884275
281197485
142369985
275455516
84971511
900407445
529694633
618478386
951767015
316554979
365040226
329790134
693444604
774625588
453594578
164229541
524870786
914001254
889547148
822005830
483692964
785190298
383893870
421266791
529091166
344583152
658295580
246299955
191251495
754440879
37383820
305769952
233751601
101282713
757009068
187914201
32854263
909122118
841828771
719979402
49473101
866185870
171329216
678147476
571402667
165448159
436029557
798069444
651345756
692885212
597141404
392252636
939008939
273032792
451116507
719963454
523596811
751679947
922059459
183111304
688739727
14240790
744234641
65456804
789427380
961873024
426927134
143655933
701600928
343993918
868098569
826445763
216300018
395155479
932841635
520326695
335983050
789191440
408594815
297655435
169034211
890630800
477100861
482499568
808467680
526699134
585095970
648625809
662431736
416712281
918798855
89058696
160120223
519513298
238439675
926451869
495033373
727166885
866424896
326621307
726532057
982438062
763692308
697601029
968674913
490385095
415939159
262225011
885809369
690887010
19065550
603587502
744392293
389372362
637075855
764917775
219486760
741907693
16230611
86363326
223050320
690265244
725229367
449648997
472248705
950121434
898565874
925855306
4766107
62707561
566607686
270117355
445666675
725187768
547450808
789226083
66253990
390974571
431186403
390872129
978417664
918027027
575665815
43882343
936825375
120794254
294010123
789842535
395665142
840917932
798126039
184358000
575715058
555188497
736744545
345070709
403808368
931891551
483811536
21193151
294349767
520589904
947595846
224908303
340841853
324066882
63164296
141706591
873778715
269225051
104584999
406209681
440618005
758136997
98718623
505865900
707386061
841487313
454500267
50130278
137802131
837909613
194961711
458082250
640062638
485175595
425709543
721851720
873596253
465211201
484935771
860740659
890495354
154683963
762572581
378813712
947251868
332966374
108305743
836500315
938051638
354389586
638982545
897078980
860543303
448632076
44316942
505396299
382060225
397496450
574949741
821042257
661139105
982545722
335664309
154969179
775453084
79806681
238930838
613794896
96891474
455734492
727310872
793981439
927366771
310230509
956001746
197963411
198944520
143512774
336561308
185182028
858309717
952577933
987188984
444179926
938290273
891643701
985626605
64240829
456799987
925493274
417062891
374179882
229674569
455891796
124181548
859125579
6267443
939901025
611913223
896741193
336030463
919136345
879741224
465075560
40663484
530748271
728629132
573328579
420153014
379780345
36643556
581005070
904595335
935728181
262124666
636578695
286016934
717763411
899536109
782339781
524716466
16998
655650658
896381680
471203969
32097243
768498593
164977040
861439127
841973571
431611862
102920719
788019912
520199762
550165645
56601879
703808610
899836466
86755945
352274404
390812490
159639599
379818505
631122906
966099630
667524718
131376233
575236718
490642161
933605641
401637311
424408601
195694704
196021154
282325494
513548362
976732256
951270469
400523379
992289771
716695594
571922312
505401279
873714957
717475698
632882949
38448128
533403321
803094925
723449747
870204473
842465983
907924298
137591350
722518106
39794170
310175483
297871188
878389704
974132832
322402567
72369012
425056951
687091270
371574646
438690247
270856941
130149966
740400499
543236308
117028661
567517438
850642195
317709432
51290017
944748272
407163526
972737071
282439311
960598796
897750388
929445969
298353629
283792360
26356213
759766798
265867229
941022908
665575269
193831503
855659637
43036286
954914586
478701326
57678614
541850776
277176154
954484770
663118091
804279275
384944003
426167751
626491722
3514143
294563454
574701606
65626198
374384248
695155813
337706534
771260825
858162084
763808217
970871803
460451886
98726604
64777158
934157139
965140448
997808668
805252379
153686017
762395950
983973705
569389061
520590833
430081062
117264079
430484762
672657303
469069170
939440926
733340507
910535505
867814825
136266606
109051843
571404959
593041858
156056420
661400369
347203191
780601150
504466492
625121821
595336183
976441696
260076709
89887297
170918025
278759145
317858143
70568699
79923153
231308072
433396945
576647928
581149458
916323523
960758714
118754521
810708741
262359316
418051832
70383355
364863837
273123827
676632229
832974358
716458334
670484819
211902012
451051568
441181695
294979897
933250845
158813697
153869108
744313816
771134456
932225350
985582323
273524964
619509530
802265692
535034126
438498960
672943749
52564232
442955737
301443064
89459749
136494548
918764661
436627897
273866806
677633649
255186388
457912747
776587852
14000387
354593690
108584090
832958586
21622051
690751922
431713066
447560691
631233552
618506930
901235154
436603697
45006651
296839548
874566752
400362328
610059684
65374551
399240081
324124455
30080783
790100933
665648682
444933974
462266122
316432478
902418019
446057535
421518957
847081786
882967400
190139615
885101397
772662681
14260803
241411533
768588634
741778032
920737634
942281059
485598376
598999934
55384399
401448332
546239375
231259148
21951286
435473690
621903437
711636232
570039451
785239701
803760320
59676525
697916025
155798050
741545221
693505681
398814603
954958323
22307640
965781748
987286837
335634067
614623608
11852805
993693673
318764880
533707582
333390728
501651359
807185614
111198579
43869725
965562496
389222180
722207176
125819409
741846652
87267115
534906309
160765131
508661087
999469060
843696006
946618689
976804674
605256467
788241497
618554409
39022107
136120380
554607652
412742968
577351416
119939846
359502569
236503851
757379676
787051181
918332373
377455216
904266453
70555123
20432754
887647835
541411486
728529149
28847694
938829333
473761923
882572822
60207362
779752793
562457122
329165005
677401654
320883161
34998242
248953846
828385448
624083560
824056236
16629716
34787301
952093121
144018904
136493004
159196538
308522324
173103531
310589691
701581174
73295330
857606380
732807406
856071827
870449845
789600631
165586543
655145941
241933649
125141194
905128897
947383553
895576801
569487270
581310773
860263150
614452734
768168730
186973141
306597912
164770937
606105366
950627672
307824511
123591673
941777632
740491222
186626608
996676433
796256059
717182470
142282236
330350660
333629913
393195958
838616771
359075127
455462835
344961590
456801622
896018680
503740528
27512354
789326936
790138136
987986038
107611331
607915033
786184644
256031486
986208877
535459263
24537083
402102079
783666343
388461535
649386790
265668512
287076848
536128755
932340733
650954012
649246834
149691931
74859428
539634481
728389144
117715330
793905285
122212476
889290543
775396332
578492992
667762320
320883180
252390598
37596417
343788715
754174737
363227452
110144852
719095161
206981091
833178239
936324430
112056568
460301500
607821455
669432823
555895341
152444369
594366310
58108373
959080385
892090623
720850535
765822232
729053687
22901349
679590341
48909289
332722900
504543387
626776425
80848636
801304968
518190636
167054390
406990240
512398917
239088276
194366854
97317838
61253590
993502600
745019537
953253441
864230416
622038161
785519023
31506556
67769343
256905482
682258617
853542978
474257114
668390163
852003887
751517592
504183865
24211211
263687408
290938491
833181979
138599038
993442320
840123856
618630707
644382489
134676957
442398426
617441901
641840617
302789597
498302498
830259003
761633159
478957818
781640361
404762439
183045585
650349165
35813987
781862772
291602692
177071090
745750587
279504393
483626514
458391360
56898972
497372790
755645279
751349998
48454469
583487731
751214480
731785279
862213939
7287333
756974149
365707273
104384642
531882874
709442915
797950201
193829537
787755351
496438663
119416075
907746785
143238702
96113255
695194423
517317189
821513227
437750673
593623959
38924107
372017155
677106421
93519623
514518693
939395499
431657994
366111576
469232307
588077251
273519983
657308219
166291195
453982690
862421146
989293333
36915642
213982385
9471229
872014658
923077758
607137546
68970558
301266514
206155239
779470196
191496607
551512934
80197223
747026725
139753512
674485
44490551
164447787
958947846
105051699
295224741
832368608
417475185
668255460
936598754
687722087
288719997
56986769
953214532
15087855
46582186
617509939
75710362
994526306
825834213
75834615
765803974
177577195
66570648
518082338
945669094
563256453
229451629
231811847
973342077
649936668
454759670
597778011
862527312
620274365
966024131
289746070
719409126
309696719
368476149
75722965
276346294
447280447
183533928
846342004
372638778
70354086
780881207
503464431
145242932
85674676
405233971
371066420
586779297
711499673
812999746
985883874
62217069
835830340
607548485
191928975
928791522
563680539
862786486
55117937
653811442
113470137
848060289
828530403
366234591
854329106
555549677
41318940
950219733
628700669
838786565
152731127
709288200
81989439
991356704
760283284
967468063
309655779
72210165
844352979
568300411
432358150
668442296
109751781
1899582
169665099
881737740
969084238
22543001
306196313
629529618
446351454
288104372
983243630
413704525
266161054
773164777
616095401
640061153
727771004
887886454
853442677
806647383
166251183
509958139
495401365
599595378
486613332
9064900
464837239
327606711
970592171
117558073
855755242
274713422
719478633
430827260
477463221
145425992
789112615
969864111
369312632
436935690
767732658
344016801
160043333
134994899
427057888
675991898
379840462
181282901
132992074
346049096
524517045
396911468
693840633
15395668
45941599
22947377
255722564
716950287
11059867
73362064
178691745
7066307
478150798
283593893
706321954
978980016
10255626
525042853
148697819
267924597
678110346
430854858
280549846
390510073
616472738
918843798
372242106
850314821
87894945
575293978
320217559
12768563
590010339
508955853
536952679
830112103
388431808
133219138
852511676
585933045
438320070
491292099
964315676
317121972
384453682
625306375
541704056
207185274
273992390
742605783
26957395
817415717
117173011
70477803
928151471
515572070
863611316
957245959
217382434
639113242
896170243
587977812
520729947
41796643
129558079
639577677
238185580
571640368
364287003
145708196
962028387
912579904
793049
913249822
558891909
420979089
944888778
272416492
656837340
79731312
601617567
784654510
876527498
960436057
113214864
322629092
725613373
90900274
409980381
93552469
761473440
153964959
91470844
747415863
587322130
119744924
377723078
577145363
657430148
511352565
327972242
983214230
171019590
156743170
463336743
979396979
496223036
101045692
87655830
891987238
343733767
596670770
584660497
716911836
228789126
36811583
255515803
629583469
774787006
900555185
870908946
319443042
949292680
712091513
82366677
833984414
660409477
780581800
966949722
573487445
331782903
240504103
600230603
682360473
137563748
762472599
362065832
79824672
662729523
122535178
435611626
658631740
771573008
866611214
497965817
152844113
347341203
279256623
593243802
67220498
698419132
319117279
990373774
992858633
171497870
669210012
856942893
423578947
653835286
671552809
6890650
893228238
268389584
962921841
6157341
121671142
264843700
434600722
775525758
407143631
660695020
737697202
240006033
559086303
60308522
412737879
766136426
447699339
307296210
853033437
174209799
551685245
748984002
334572965
742235431
370723337
298943495
667664296
218555760
492422577
162781670
737973872
129596222
516551023
116185512
777769647
462165913
812671740
31580605
930949974
449032294
479877026
281603032
661837592
942021448
359073037
872986379
118998195
56029964
939258121
321577596
25850285
9112336
619014613
373359444
540577599
643216579
784462640
81196533
458977502
821389136
110306353
52571232
361884527
223390286
390754932
210745780
764756596
771921096
812755369
693813998
549725038
938121376
82309879
798446181
343557179
191671477
413002281
702489891
545244426
665248058
188315839
990200788
855752064
965364904
669946677
222288623
530122804
541175182
79714384
855221699
854439516
691012065
392856255
485408434
510039833
988655341
52431686
252453439
730615381
597243626
620678461
973494514
293484545
559787733
548230710
744146639
249355101
28969339
235280467
853191504
647420674
341233890
405029402
71411939
54599383
329334938
911183490
213568696
662854898
178356545
330954729
793296765
149538059
528683863
646583087
805762877
521006933
333462138
149048854
805282315
405812478
18177590
539448545
523477741
218609513
934097692
938857663
877497104
492573496
163771701
799556747
719334258
332803267
933414634
966273742
660791732
164367686
628548368
312848270
387322967
974866151
39745941
911269190
226057891
440055753
802255614
168073293
645617252
767201372
508867713
61847610
755842130
445708360
643446614
183701225
775750524
555503581
831523863
292422026
94204899
179664783
655619395
274898253
737751487
745618994
400345606
252773875
300355830
697379713
745667502
323367875
247594877
973217609
344942657
760780692
75720210
525249342
876729060
915988554
546873774
281049590
407544268
410498519
234250948
297857257
800018253
402370594
919940678
228915269
470531957
647288525
441933808
810767694
106782148
21165244
135027832
515500951
774507551
962957995
627225090
536512585
386711293
337000845
2107171
8141447
111345175
413764762
816723056
602457689
574505341
610131488
172608064
298577168
111493648
950288976
544132762
277066613
808284561
158594939
840774464
123672370
728109837
392071995
405762330
602915983
538714525
415797513
31675704
327291302
958331523
669739795
416953613
42764038
729856001
172034934
374265614
752184496
664040741
943337292
480959635
892318538
567271939
47314031
621530211
455268552
5782381
655212970
632113962
421054955
224728316
496559066
562714481
828373061
44492924
403746722
132174383
61724542
840207007
273283916
915383870
48627066
595951773
151768886
206723293
97138861
551894139
129167845
855364567
723813748
360110426
737847936
916904951
785500830
122813192
922193571
390328050
846476944
69151981
916696085
473323642
152501473
48053754
983246027
342022225
459404672
700472667
367567290
790929041
154894135
346490645
493104882
786434323
82276949
218077275
883711593
159298420
710764576
225806054
208026886
187404691
99771419
253826347
781096368
77536541
871218580
892645109
3281055
508979516
893367510
685351128
899594489
110176996
207803050
862157754
249112048
490796717
963945015
195858299
376713627
95419343
931664
110353195
580044461
280858245
588655077
861567073
503772344
698811650
226922416
929718663
26003868
527740429
716390521
731809535
812148880
274637962
836046049
119827153
521547938
174512480
175014075
124553605
611902761
627478764
329812524
532971655
241531842
578353837
540844639
450634574
836870298
619963790
505382504
892664542
707555814
405327922
673639496
624757561
427774695
81862541
176582711
44187245
652730456
183509555
755824369
559171407
919675491
211748842
845414949
492936473
992102381
891657790
311611105
217173841
548499744
931931099
726597168
730381136
249705856
503143608
990287601
793585938
57041844
595919024
981114973
55746255
204813224
59724905
209490277
204522881
819433197
591047549
68687664
123224893
721518053
588490491
953045904
828356559
98584099
56197042
137420927
17611955
509245094
783559792
297926083
333278039
639988160
121931347
787720399
284811335
582664367
170904566
570289804
505900012
453588554
112169839
303371300
308174149
903331856
760979688
622392666
790575365
695212884
66035587
680571004
256176533
154934863
563890516
305963497
161511117
595184720
164521884
509054704
329909297
590653139
157572237
709759379
751172558
404523153
841544346
598353407
431892687
638265125
654895298
522350244
916300738
316783274
695737665
207599197
353660616
569842772
225578540
363782198
672877046
396177717
240007408
36226607
236951404
189486058
854593654
55996496
950715070
180279887
707529199
283462376
596996997
607662976
170359654
500677102
274099456
607543902
448460916
476624892
143156017
50131050
339534661
767064040
628136558
197912621
5530935
730766685
488939527
949063707
856729942
206324015
117978596
284354103
949570039
713070668
574298124
90422606
533564528
23815801
59946515
112067731
163448710
443278098
768053397
283264428
853608190
533835374
257768039
720051636
780279896
52944705
405954922
573456648
834294546
147715970
213093660
815530787
330481001
974678995
455695956
437940964
800449214
182640772
359827261
782924844
989926308
498198063
913280797
203805369
80860633
771706186
476673389
599253872
780676043
891833279
69168108
503473774
274583582
910769136
677390277
541764208
220517293
202112839
107850212
698089448
985293007
237812786
798398548
228408997
300857485
938853541
100078471
503609731
922712649
262232026
507448753
5106561
557298859
12350933
588358405
787882110
971005060
423258957
575428454
46136067
843212056
741048831
218151186
450469956
536709936
47272503
864619984
639842117
719890687
19946919
796298545
822874836
191000492
831773804
249988265
931193821
948715346
892421640
989126183
610552546
192630263
297060223
926765642
986850069
450275054
817439966
684284694
169072532
108409836
169732354
503653983
701694940
719001302
145280877
816815358
985463656
462498466
214089782
658546785
962918783
523630829
272134550
58256172
898126425
731882383
963343575
910916107
902250329
519803006
408212428
195710746
707063914
556892277
485220835
180004518
777164310
689477251
385408033
12886850
765201551
75109217
259029957
713554716
916802283
589939666
657959735
880075383
514143688
35542687
976976730
239233467
909109888
192466617
638238828
586987328
376545094
891952496
778112724
748483699
730953915
487632829
116405282
739354478
816857490
729603276
339470710
489685115
73736002
359019071
891169913
230477734
493878623
545159885
398866713
66941822
978121257
375423863
848757260
244532331
74120850
880628145
38671779
262630316
530741632
204100240
101349830
863817017
353121459
705993060
714906596
465161069
641468712
181511073
703954288
567152939
624939150
834794018
4049749
377489257
236755765
758473272
653045779
846296803
930442926
257860709
521124818
88328606
899558792
537268169
366330894
363716812
334212880
312307545
976119880
905628393
322576885
76394863
942081597
139919553
280510587
348830184
234969150
348580926
258700498
17861971
43840183
419567349
671433209
351797379
782287727
357207516
483590622
328000747
653065834
943821272
802936347
912217958
220032018
630308547
295067508
130615994
928369589
910366811
681559462
804123169
249852940
776713824
600027834
887070624
738873288
326062331
850678937
306275644
56318298
439256217
474012402
856789386
881182561
798418986
144596
948445534
591581310
337399304
804489714
403967586
225781458
263977303
140136573
305488960
364661471
104675534
905735605
187766643
255061629
867669624
129767682
104733010
612470907
28448228
847904241
635838945
276558075
306351254
402471134
979143668
154807304
424400482
977625238
214265512
845238519
357224793
251676514
330630125
48809645
794656293
520096744
521487653
182807793
401126835
380572319
318091876
776868514
367827765
264316800
709652682
73791246
256379472
119049622
22302793
370658378
308966187
830822344
66425588
893457346
71934217
957948870
650689128
20407508
483671737
829462130
607657993
64385880
765199373
141169171
859541059
638004440
244459574
785616781
553428175
389241366
741544342
884111526
772068837
660249234
642425030
243371525
668141317
957568731
907137958
339250646
847607633
173352439
442554191
886885658
216961603
17366198
573506239
808597004
378961494
949172397
642939534
512258718
684317848
950225080
669728747
641325184
250151797
529721918
153712941
193143718
225988611
854020489
781388657
82503878
800366039
817928919
974579565
149157840
354710009
498734684
228660071
869195950
898883175
209635581
943821275
265983605
64882319
563755204
513720723
829317045
557445917
691120924
667473886
468925455
890936195
848290292
95785486
164510341
985210399
626584744
978220244
822869808
804848068
792040138
598100111
146144901
812345376
886764395
667605651
361020047
522203598
586191117
807571342
212364886
860585935
121806477
333160400
175322188
780301633
931702059
978532578
698318172
883509997
900259804
616138304
369821444
413592720
268893447
260911030
685153450
154760155
918955320
200513448
628847360
805986058
971109389
181225441
248497703
151975348
861008045
870366054
805160602
180713874
269257976
501003870
80687454
554540516
770739831
830417342
359987545
289841499
21224127
922149981
782982712
285572824
127478608
151392939
970804120
573631107
946667362
43553108
730903056
943586333
479609281
73861249
583009666
599022697
260333736
667722934
209113505
785216307
873928121
636786440
18652082
905563973
839397689
302333877
493846281
687500046
651427440
886333695
357733744
496731469
752358826
908861286
292888614
527857011
182423621
995387889
77668999
94755676
69147532
588556580
866160739
761733779
665100576
595701637
473236612
886883001
546065431
797047493
614031405
531938966
173826847
851374046
181426938
368623454
710084282
988017132
314147257
332903903
547174650
177992903
165068469
882916035
697433665
377205115
432350
243833929
126228717
229797275
961646751
909394578
343278830
401811573
64792405
118988060
511817595
386457811
752971758
745732661
873475336
151946061
804876799
964058821
180292322
724911149
381327559
166076192
427685653
392901548
108386414
306704257
98098258
425691660
683388941
231494353
678696967
549839690
261416156
361188577
535390171
705099194
82134174
936671199
411359428
200526000
58409909
583246
444901215
288267967
895278351
466952325
487254994
3572798
49690107
96668259
95536931
276219516
131767395
540854572
21823907
621933360
673278787
114093974
930526829
276761144
880680548
309007738
744402195
30572534
767631338
711913428
291787087
816353293
630141315
796225552
455525013
660934697
526447130
629149487
155522038
934542820
747243195
920848824
984504055
438276194
257357260
710549617
903805541
752179575
710031775
276157720
113507897
434135107
413070651
601180274
118324340
463114763
159019738
813674319
929687857
83225501
361195715
54935076
142575787
83396893
93713073
40288554
13258226
467424239
346601912
109044689
858781749
417059938
520368496
390523646
413146392
673236471
832314363
762434029
72033436
470840060
814740544
636930562
188233887
868389321
108112340
32379431
877297902
919732229
724437809
893815786
746306953
165446649
225019870
310827629
475372136
425172938
824574485
277617158
113802790
734796703
848950699
220454013
755887408
804364605
251920875
268706229
30585939
833157788
110869530
315806649
684258155
60317364
91534866
167354506
324353045
779900270
97917691
391132453
452603756
669965312
424570720
385320705
742182365
679412644
728325769
473500068
586056824
83473760
580878329
167328168
372225143
607955807
267457714
677002790
528933494
443223180
812903970
910325471
825377991
214256784
488526385
987517150
827467096
332297807
559372233
599536282
893100664
36120294
828158739
315132321
861472386
723350792
489179719
717917719
564294568
178679064
151975746
903575365
336697711
959042434
194154425
827893930
1609363
655399049
252556345
762395924
983367708
705017062
409554601
863993681
881235101
380282943
523696548
252083956
91998210
837866977
813391545
829524997
929716879
790350942
383817416
679168501
145202114
140961872
4146989
653119074
660631719
424744820
985150928
611377876
358987420
153478326
406776989
681822726
963427174
967052944
141862748
216132130
916287387
571419695
113168310
875868670
195974071
546945115
470930445
649860210
394810699
56180539
16508250
720542481
813958021
119044369
124536837
313371067
639411228
229967545
161884478
219687895
730953115
103247541
140925479
89149868
550300519
934238364
206224725
694705804
361696405
966407062
409380989
406401931
485236792
225101497
8384465
491072387
609389235
413363083
18451105
83580733
631657629
688827753
137092296
204695074
722425739
976941439
931306274
743536724
333240489
90254624
514269856
284710735
915370394
468526320
810019537
169493755
340758910
666219312
609870537
36644057
240768864
524404230
371435859
663619452
180881405
137187844
620751396
277513457
550034214
100436861
891306315
636058004
559029068
267902154
127247398
973109042
23946984
589762444
584778745
110602117
450917053
164154328
804962638
302359184
979363325
91905384
431089752
999832363
854129991
201407045
492398480
66114587
332743016
946232410
664147682
910918693
773704714
969042721
70413713
164669277
404065222
518871460
343634349
959676650
556322051
553527847
797101868
558710992
61589368
445693822
334491378
696247558
964988926
626731989
942501649
691282450
65785367
408577144
395265164
827028039
456434437
937351140
782392856
547352458
955584063
459575231
915877780
467346246
86772655
959398089
767742478
357641672
967750239
975065912
561433903
614421413
307754527
721616140
896315640
981833675
979668705
780454831
879342058
489033907
464962996
913836885
396693603
684123030
707006740
409610093
864772951
947519016
970609146
25442748
801100997
839745572
258619241
660426800
434597522
878892875
758096889
65846925
423210155
546467887
37479647
59986389
762635544
87349754
87225931
39417341
506981112
836869096
970832615
162943166
445364450
902338415
349530701
165578967
740361649
533571330
387930271
455924795
979819049
297135645
919431916
179206732
770820254
608526194
109275922
558724272
416825339
611942781
767410490
929554058
881080855
139394645
853244616
778724320
211906251
626889663
949301568
573718894
904745718
698900513
910147046
969298131
103515352
419402965
256624711
829689251
781932530
705309335
350787719
463655136
732337013
236013736
618286090
366360585
342853681
542930089
310579276
908511145
4169082
407463834
906183725
228085691
628966728
709424399
61747611
119633916
864049830
19871114
661568880
867928611
594231344
712816597
222548597
112641082
733004648
678620471
992711425
676356485
45677784
200703744
648337537
64468707
752204410
831917342
345652889
456529818
428495682
485321777
543398830
50241271
390245361
136544276
724573183
193816762
980125283
253962211
914396053
824565721
3837267
931455147
906108666
750839339
994528550
41184525
798939974
13335222
990444110
296055574
598033400
431533674
548491389
930515213
644128994
581618409
945378737
707512644
553872884
271678987
545251816
645231014
565826022
912565692
452725862
577529357
466424721
394279762
499602335
264469379
899201805
120549291
750467859
359170287
456422258
4480846
228021303
721955837
25207124
417968443
149097486
294859493
344220197
841365024
587067746
933682420
917665187
456660979
950539176
506578738
469306334
268350084
891894199
804040415
751405419
378964038
658347808
325522310
769857631
185565482
92269015
775978624
322312930
523579612
991294131
417187981
860150656
378235037
977165655
87045319
347958707
850850564
842361661
64520054
553348079
150656592
37333633
781069240
977841016
17810712
676307735
815899438
704728458
904164644
710241248
667359153
417202449
921660659
14513687
484582346
514977289
147692808
539671087
443318456
766154295
537733346
456072160
553763598
358213772
631297582
109349223
95244167
406794054
954124596
653075849
643919944
989355511
892800305
45893162
624874570
831123499
234064162
621204745
37689476
175228242
38744198
238689978
814806292
86603930
638781324
25707145
872617791
419398452
69574851
942376827
991296043
192483914
288429365
472914865
557148891
950973610
753724453
938705150
360928494
599729685
436835046
560299776
443441343
955459756
570652665
386656668
177675822
310421247
988757805
278367585
117646446
781379970
155932291
511833882
281298578
404479597
157397328
698935998
431192070
971814617
581388993
958123601
479550987
510012469
325379073
447872647
199768037
606775114
577541440
606646201
454216398
289594818
269163403
918731061
608667758
32761541
815093603
703190592
288266962
204770230
898809698
47030330
511215545
57558924
998859477
684258340
284170713
692977064
326823999
61442678
821741535
714669834
215085123
609018923
650687696
994970717
877753992
709064622
933668652
630299129
266155097
734658112
730826614
101454644
941264534
680688600
772590824
941828977
10332773
833509316
457488283
984970434
573623897
286049826
637287353
982326667
635815106
234895464
218422272
833885553
97747920
795580444
70264711
668491638
681666675
580097252
557796149
422358668
717582041
828940670
202124581
835322584
158710988
380818588
989066376
124770572
121484677
138268878
951569718
3031379
641766995
225649566
989904177
255792203
512627851
944718628
964501161
549684696
304247564
508041531
880376653
504739975
997502955
269300541
653693172
48995092
997324099
60500093
464222569
555295959
6697773
703330430
90409998
240359876
739438673
569288400
871162382
353157818
215764776
632217410
349705836
208120206
463422286
317863354
25338410
8593639
311002498
290651382
262203165
237074529
180332107
108644830
744365028
431100474
609041257
172510
955148033
978905281
288108197
956567209
635667517
353277168
841765602
436019194
567227929
929195387
765773062
236466229
235572287
666548938
93291575
958861203
34530274
179091461
879030020
418446571
102495232
225902055
776111141
711603216
676461798
264144378
870559340
569096690
6378647
937318845
278384828
471339352
526047917
410018306
951061353
229706176
627490129
207874099
176067314
979117477
854381290
427762138
183353193
770904205
887570867
90795788
614711580
752975008
157479556
513264572
837257791
840612418
37260942
821584048
221877560
135538440
423572758
202553127
446468023
947956074
258945019
477783718
444224953
76567791
190339303
499581694
745705458
371961884
699927117
645773573
425561838
857632615
238279730
789393846
894528881
87707553
617533695
651917712
339846724
983776090
10919063
572655396
644923298
240299663
677996122
581581821
425245455
498037699
945215569
434446061
943214610
218666963
89432664
886942331
539233460
96308287
460292807
270355972
401004114
985340334
182111068
914834625
855914044
612394411
620575822
441832818
969987374
149442432
215144275
649926399
188404972
545505531
680348927
508219465
513052913
195785808
891166827
553085049
785478742
475296921
785227297
234418764
64315309
752316474
856559834
727568920
14078238
211688199
571748853
691614721
713968677
362526437
940470019
555664159
652091247
287363811
318865385
212926589
938267610
597709880
284732357
397598941
759763869
264471353
679276799
419573688
586423605
238689356
136789473
580965708
669734828
646551158
943479845
212874853
827845310
633957387
236073240
846916970
553396968
114133501
131699157
47702260
142868142
39522343
22049194
524029981
981910597
692841504
961917403
288852381
179646122
934031948
248509940
578033957
763999139
741154023
430110543
798923172
764423253
422294699
116315494
783921408
560186874
811331269
434921487
648101029
470214495
928575431
640643946
969952195
816949632
481088282
158407090
889690940
553717713
724323333
182949568
388303925
380286352
269603591
699589661
219614857
173949324
702417813
856843014
643376159
752743635
17492249
550068032
261330829
113389181
408940913
941481383
201314226
241292415
712723814
618134348
108442018
176841929
929656352
383280473
758216952
613396822
667742842
744399952
16949870
800658482
916140545
778567100
822200705
85241266
180902695
330048020
236573169
318781100
650118612
752062865
473817380
427337188
537728132
9637975
866964922
297723961
613382456
313903606
119883700
961127933
87393001
634279455
803619852
369272546
360897076
378646099
492741156
314785013
490121779
959961490
22988518
731643130
523798152
861652348
813612802
479184544
471493712
810407023
393276052
269367063
703629755
955272149
900615971
475206221
254453158
865060260
696548351
80077939
879223077
322374268
936958624
522055387
925500772
622469237
953745309
708892977
503583684
15862072
472352412
543076789
694667747
719363832
498562584
704794630
418093787
956006167
170869553
289827311
299170933
479260358
193001630
603433350
351835456
647298935
937868901
887032925
166815603
302057974
184339277
869768052
600469748
532172036
128538788
912487401
24926160
907641627
973909681
323349953
201308347
127493475
903978620
487361347
27574061
193158671
1771284
654811621
515223910
330115780
621566717
536085258
515844736
821684733
760308317
270627143
423227593
779397699
561381061
657317454
517435655
273936572
205426250
403358969
55182491
821979504
831778896
802844481
245906550
873750834
924878146
25704639
15922206
393193480
994006242
504928305
465849600
775614815
266640769
179181870
534805215
988784290
153156444
753191589
191297610
595977248
88931759
949063593
194759875
89226919
564322862
757148863
483419421
853191550
15884813
759674103
83570397
328432751
25660920
714076439
988730474
526930125
11980479
40427911
448946071
586789557
400698087
591325592
947942452
534560983
296963174
264214501
262038566
580142843
378159373
926104595
87042114
17062105
776086918
302718017
529540982
509013050
273305090
528779763
708480557
222532938
143319583
368819716
347025420
903401121
364509467
349774212
266892705
907748264
513926836
616198496
708076954
12269269
245686049
790993619
160532261
967301913
707795889
764520195
895212384
833246736
642889662
717629099
151802078
910602002
204921578
500913494
214365691
480405018
33340794
718870820
811600798
962076239
449348348
914447463
377529017
136622940
442684465
841366752
383074413
718542141
745821973
650730359
285005257
441650678
618979955
849039668
39460670
233830969
563701602
987896809
521738970
655814331
84316666
529344828
36439346
97496007
576576588
308014307
550524274
884538166
177509764
221936287
746931175
76568258
141386156
281002237
791182020
119548077
965757031
236125828
368199020
50682395
758665774
378785311
650533530
139428413
517815792
583169420
244729925
887340395
76791469
508524800
654369431
130336595
702785528
794629336
600471477
284426946
933783832
538686315
110714752
318623706
549822301
285958487
559646284
505192181
163428550
885956650
163430912
567964974
207805262
993704747
84477401
990414283
774587469
809400040
83447146
413983554
781915035
979041232
244182480
650015347
506472497
880410292
663584049
689032470
997939871
321984548
647414484
744137591
84581410
247952717
306054329
846417740
451683020
374411526
524710591
552460419
660288474
353493120
985516456
707763119
93229157
126292754
775926321
129334752
118938442
528404984
675613753
299173221
286873743
458276835
536926439
736341868
735806162
26749807
157133597
70589560
70744163
777313891
943205688
799825200
884964328
461944941
50817319
895270771
607830355
155591217
667659290
465610154
490007104
371575705
60080996
613359677
114630173
223643867
742390875
101562257
598041043
621686999
848810268
656201264
462991739
141741419
129694867
618080735
389554184
721264602
66569383
986070848
725797429
606083875
687770383
148049140
333985001
559258320
87394067
649252441
850258395
473996784
882551431
360987828
297052659
385657104
297363353
415777903
677523141
106162113
556949244
439630275
413018886
600365808
56379094
953645503
269311897
361411223
903060896
707882393
648429661
408668530
849513976
666665576
488942692
775812455
905226970
263838840
954671174
374215784
680789261
657792328
554903881
658280660
978188198
902924372
694534756
650348162
514417633
969797375
288127512
372113808
626886002
179834223
927036399
411766121
510924720
526240865
345881790
699765240
475394087
326400614
602534827
459829737
414908287
623529091
930543663
679660925
345926585
519216452
756092978
606354351
311012042
772947811
661644838
714154496
584579024
154441409
368568828
331700163
178943265
548744774
408668224
528338561
309328952
373930382
82421784
991502533
327959676
823221490
903458181
808562965
507750844
57369636
935040362
856862605
323062072
92131002
329565419
843529857
2691057
314153291
976536550
156337769
236620419
945719519
494114887
918901278
113240825
854954375
42310407
30354551
620903187
558202863
734523997
236822502
693826045
284107341
97846727
670120210
498057962
529871505
965206888
703957180
211607172
22904380
433518411
557131533
199840599
436617714
741158791
207048397
278736893
228828870
554366111
269492226
650501116
307499763
173744341
23487627
582337299
160288373
933108061
450574601
977994422
937916895
733720383
995860993
34655603
216774569
768568427
981319973
105372744
63815027
842690171
659081545
740719799
474881959
279909474
869755232
697931859
132288729
845896068
399494589
613732880
62183954
139691100
607320241
363012465
397487885
69501649
984671814
261080018
165962572
346035277
880996801
209365828
399956172
738013771
281908153
290258734
582880524
304262025
299049142
537663021
337769660
183230245
574022756
165676853
630357894
557168112
495779376
69304448
261584947
631325048
263025391
717496944
996290351
335932697
191624726
411051323
530492155
715492755
332706507
483391794
584307147
563996157
162128763
52990113
234614562
400706237
476841692
426737655
993849551
82179088
410860408
663229996
862778697
194725136
479349179
991374413
439969085
946228974
341985045
957114645
371628613
915149708
458682799
250213541
556432202
254862872
674337581
870887434
80858938
400562588
184317695
639019638
352282189
563767039
777901151
874169806
221982719
505559928
805951612
85001526
574711462
389600672
100651721
579147683
17383274
510306274
116202521
441107939
52197534
648598841
993238646
59549670
338333588
265018656
662564875
954916822
538010386
300675499
277629162
693395618
410412206
681473995
975814024
163446176
335394516
399019435
553826291
914549010
177961433
244991133
726813908
305592227
460143523
382022614
124692886
408534256
102852684
994463817
309376465
816887584
945572174
990096261
386763255
133646639
460142251
203848500
756774530
616167095
706497163
165702504
465066221
238429266
28148757
902520774
582644644
152814914
368821659
30073111
898552132
269590915
374739353
825344833
659334478
42936326
56217514
352232367
901946751
619087984
544442993
268056331
75153878
600461659
129654276
239145517
387272189
437283141
788307894
705782912
13291859
843402535
504495111
96826826
804854729
78771875
710507946
848099027
185832065
240296935
436345096
429878724
464452323
909951071
660675082
753181780
226683189
159619714
489091865
688214486
695810586
233789525
407840164
427343046
215575582
869182607
528117363
827932787
99881542
684561007
397753609
969930078
117338712
184083668
69541904
253413631
410184141
947780875
859850972
261227805
212981029
701924499
3961709
472874675
702141190
319955069
100485061
625727012
485203576
381883421
700240585
642412740
59949160
178306752
957218366
726448981
632252535
640889552
49156039
74125035
78907975
541091348
47174115
547678762
565252121
930696354
73139070
164134696
97107124
383935710
983312999
84234075
48918429
375148483
636931762
512282636
990264514
319502733
182805703
661829958
204332187
913172532
676500085
944647230
48498265
367049913
591250315
251183814
998328183
972204198
99706285
718262310
848209639
609511255
778761722
60138214
109158432
751067792
911796426
551262572
246347325
469816525
366098051
720357248
425612883
196755896
52603027
621096078
306243586
470172141
244384844
342246720
710129578
466963766
145162671
900280808
668262630
734805658
496050569
613002772
553433615
747348912
532347488
760137312
285235766
303289761
594925347
153712261
957117950
142242648
235779052
212482340
202499289
862904099
226519776
413421111
25149599
708616814
354254069
777974327
834743994
659120045
809243562
111221492
441949078
199928504
454087464
615181243
412572067
879306244
492197163
929782088
500640165
972704284
918162284
762345690
319335245
629990249
381136776
799589626
810665710
551987665
369257197
142813733
460769313
869668017
973631311
254874846
226467185
520820823
64529630
816899949
511528820
737951164
825334112
245020607
210746058
879263797
426624422
438443763
569635365
304694186
537868548
404248181
59469064
539910441
187808204
322025122
5723897
889084648
295076925
69436047
342251702
188118248
792453324
824138414
40609117
668061654
702221890
113107391
283915967
854215445
805061285
107754181
769554351
33676192
155467267
371082558
607184586
577365803
983736874
995790363
237328307
203941674
38476708
402109493
96485217
146960241
313864579
59614677
351087337
175824181
184137435
437658481
856650301
5729738
805662480
41471806
422572684
761466728
582388641
693563358
803752992
869180191
360868513
659381672
468656582
274642604
681511238
897423576
856696890
807118211
487375570
843819164
555428182
802419919
400313416
315629908
498290204
224746149
161173532
995358659
341805598
243119231
871246141
856164080
56759246
13805409
245605375
762591705
373546477
44025897
141170495
252491894
152210238
320570226
308931222
433167016
574231109
384806647
328003548
731458579
222584814
100544113
512663726
58770333
549381691
209350834
422762660
579766917
909709451
953246675
64809290
946302037
937803004
778113214
98688526
167077078
700927711
480314082
553330850
945143364
298224437
762048072
127416936
284122832
244202291
803288991
916371131
828212123
888932055
99161793
250474200
165926633
674348659
841014213
727579915
114972705
54733901
344132154
608904796
301699331
379995384
892368322
573684254
888185877
685217273
866627081
569511243
669411501
148840994
64823966
393453289
799363870
937765675
264719683
834702979
139903896
870471809
55511292
883311340
420355909
934662640
781366627
186783325
298284726
802635129
445768915
310112759
949155897
578759473
489219770
107730343
24428905
903391140
178537472
325685039
583945136
268994926
899567171
36287192
653168666
31181510
364050412
162035519
566702072
598861299
987695679
893786991
808335162
637452168
262499400
980542399
22561990
994079401
97071951
980845149
878692746
237782862
431788675
537242655
561886324
537640141
283310642
673718175
397056299
851366739
846213705
81923472
462068493
862950741
83953713
567295793
330608388
942918801
880795021
454996275
459296226
683716145
998976334
817132311
648368115
912363955
860635849
272470234
152449992
298661969
385151410
452255433
888066551
106055477
610931892
953410750
102205868
529840970
136585028
577389875
429387583
985425426
670667829
873280023
328240905
152094993
296348729
415585240
386194346
199277677
236492954
501395131
558687275
97598123
101685040
273406895
904763170
550225685
975125028
225699088
108860374
179047845
367310538
400107239
161717035
745089624
541470559
175701599
646794322
604079250
438764049
585376314
602652997
327881470
866186535
509084811
888631695
917247280
813394700
233242554
800204790
922045180
154939137
927540802
148062967
208921650
146538398
305621024
562834295
797013295
815884117
116411731
628758824
283200551
510847703
896105633
658182895
590311337
477688364
24554383
50290745
136198711
22189977
884456645
569656664
108798577
356802283
278109722
854852578
262301101
227838093
95663388
759073207
458303900
120928215
214657906
832803574
966278099
836914165
821995619
418582935
684575737
866257288
526952428
539192774
678314581
380207795
761305112
358495444
172517312
479985418
809606545
857379712
773518147
106709616
328299500
159384433
642284841
578504641
780891454
772389124
988214591
922230092
38543730
15281342
569737902
381466118
476637049
201800037
398904868
634453730
244106452
290583371
118166449
786580504
28637111
159762061
909548857
765799281
953653653
741463877
514719161
618979484
882653258
354936211
146554137
90430410
625294059
776836843
511548396
584048997
546141809
671553709
794982335
231923997
546089398
412381322
190549561
912501959
536259242
933573922
165104752
755285352
293594247
241946981
220272992
813710994
739442085
885442715
338194066
289974212
500462145
109511512
555638578
452356829
800344543
315579504
20357937
821575869
662654595
906286347
135233875
713310188
361760639
203234543
728074599
113211701
48134945
546402653
977286767
968033519
907299169
675496043
582090515
309401319
452356075
216762172
938186873
58828350
514556824
487421545
486029528
380439620
887225801
30420659
923945863
720335762
792729433
459675853
703796980
961000930
215577790
926768152
315703112
128691464
549115346
552573172
890059222
361921065
5696863
944505626
474394137
320296739
263541749
367815949
446032480
972289125
873194858
188615767
767068428
43972770
70893320
809496052
508637530
592212787
265838585
14052089
178080521
864552677
554766758
789627431
390970709
193382074
728699916
356367089
788928573
148446602
365266548
111351877
300250492
180086232
521546615
164060286
47548721
78600391
914832840
926464148
421650241
17736508
77515052
740250682
175030696
82726121
789605171
242419744
611999646
710609527
26488187
656351577
491767721
99464548
582631320
904535772
86063943
875051298
173854935
730324300
622490117
542057412
683572026
623980838
504732306
171002320
303951309
581876106
308057915
612076082
29847605
584969934
202665648
979989285
952678725
51729064
5246662
67357377
771548671
434872022
724137861
484762934
711819325
453877959
979799628
261755756
879882914
261811447
157981193
123482733
417066840
561759874
182560524
153892306
727733244
680399044
779163229
186018250
996235374
415597607
739043099
246961187
589142503
959490261
52253955
411714438
18900237
95293127
264090182
365266665
656985418
796882558
424181460
8163461
310304201
936261649
234757890
261151545
170163372
79825359
567908676
64128536
555857630
75123297
644312475
861939276
697717438
782651384
912019938
845376042
302676711
961825044
986233214
975889162
781193296
448445076
201543624
196489828
1255507
109886764
656084644
317250180
650635201
314836652
358499159
383212233
486200574
40570698
840202669
175177033
942806289
480291420
69727749
219855163
918424026
327512377
411745390
704670313
990099435
716623041
99926492
299480984
475472913
768352807
679234138
424091567
567153690
644617850
817821246
721505141
2318161
710077092
398479830
499511045
133882034
521841364
155765929
923418399
302359855
563284119
103131783
866157001
647894837
947642544
74738802
149308178
589236835
338107786
714696117
14398393
4203639
796924604
535269856
30910425
46322391
408057283
942602682
589939675
331515907
779876012
335634468
719052098
866869002
56355556
687323564
793733483
248100859
17575669
15703596
741418755
269867033
674295951
541283300
71652216
71961874
918762050
426236551
163700937
731188038
917829755
470600648
978266814
326917415
417416831
309230865
324739178
633897418
145348440
991404258
887056810
965178568
462195879
537708895
200817892
540405708
726097680
415105816
833945292
87731758
181875466
59227459
904893766
384221742
678658466
184919603
37711101
319379149
137567985
390903864
981572026
233823232
678408067
122519340
359331773
117219004
416297254
211171724
366049433
4898794
217635119
313855767
940721470
276836784
148629722
802369947
418508016
468724513
955302139
835883051
980641425
867152652
597081428
233505059
38532599
457268511
596320130
391883648
268051959
649961314
720384180
461172597
265997165
705382938
73642036
594603443
510722590
490406095
517335409
617716176
501060988
441114911
930736835
773352095
752912258
443707757
891096651
582467375
56602742
320608463
549895142
219140672
182027189
780155430
844832528
464196980
978690617
650242652
240980239
683362936
230541504
962308086
281176358
388327521
740858330
334540774
959773431
896321244
495308876
783653200
401101175
231561666
273401309
951346284
747995743
618352974
440064922
557696228
25992094
892464194
415580103
138814559
704906439
135239651
841303893
218128281
91040448
389218349
430253158
40295782
284019470
577780591
912705687
684954845
265578417
891555746
170614810
772952929
27196662
482315370
467015492
649035945
987613354
719937936
410437946
935287524
826961242
931666994
437567709
325303258
272237309
569247915
752454600
345776227
456620158
664577907
965892904
42959923
695958975
310929747
661556015
463624740
727860600
365281398
606269632
519102013
909484475
686574343
292376549
493917973
11595629
726780844
118695128
656695737
629738254
554705173
889467271
34895390
767678920
923395396
497086880
890234054
969410367
462646838
229178032
523146835
867295632
691598331
682625353
521109167
874322333
239935743
828258753
95099267
854230670
973825117
161252345
45976421
952381183
935576603
60377905
128359423
934475818
976983369
539307521
45823998
79571335
790668799
700521680
850724530
53008156
730870446
19997366
697989212
268741550
404176329
248180971
280895608
709706795
958837138
845805560
762575890
560679359
959412822
972239640
740785024
519283273
455629365
511942187
731704564
310766290
737696798
38618046
750909898
211241193
113956146
562435181
780801088
66969934
320422848
529955758
277685613
953689307
28250963
311271367
511310172
109521963
230179084
895158224
242762859
988709253
856640562
84628915
667483825
389580768
467560583
863628623
167416335
386463524
895327971
308977730
392599584
257996177
528938987
415533905
322125712
699342695
678191474
752863421
402279954
271213469
691228510
731696216
187321893
602017323
451930810
464938407
61246417
233136487
533997988
972773942
54960714
941662939
449391674
540462371
768669574
264092884
302766079
137056684
633870128
522630541
294926286
370435282
754479339
138364025
908890620
608372784
562360822
932289943
872909684
717265477
979397110
67662813
74119195
521841591
376489515
261947840
599996785
311475174
258628180
113380180
304970775
810116351
201978279
214553221
993194413
511836000
542917658
962006524
243811377
269707402
385836799
973822484
343550237
792960871
106771217
802197335
745675984
315845217
516711076
323931117
62691444
747014214
707016540
533541497
112589404
513505492
551959205
181171344
787367836
368042041
997641958
52461826
270894503
430278382
88702311
983638499
154950541
970903725
372360626
726261498
149962262
543900219
207488766
507736208
490166060
147163889
427238103
716587328
127712287
367330594
189510643
145229663
547209179
373127687
609480924
13839459
222643206
662786767
818525089
732754358
464870195
77024365
169139442
182551419
520092945
334072799
65246221
576000759
911894275
300205664
63187390
74146418
453364928
687821581
953333605
402600673
815796124
36407142
491966103
972086551
956086768
655931972
626175273
391813194
662134206
251714075
824027538
879120156
224660075
91385367
693305855
341472392
227657848
861984342
542221899
885387971
826991153
226927724
125933809
840341224
34093256
205277742
39575466
714780635
555524425
870038183
465096210
694580467
47281811
325449380
184839907
890071477
186502368
628668107
31658379
182988262
309171266
712711297
782722439
824532595
721664281
630617747
62929474
31469259
325554674
146545750
859782214
281069423
345542895
168571715
542986231
69699658
263311108
408727218
312309408
372058073
318444143
202607460
707552869
23160355
453075070
312979649
94342953
687142570
155735863
834535559
755505581
994105032
177743194
684787750
2004796
677803542
776219698
157570148
949439367
560537388
369341354
223553366
556173987
744852841
338084260
429537202
783885701
397185120
119509551
474875525
17672587
124833294
876119808
948147193
648345408
462812726
292950641
981483891
249260309
902918789
347338157
737560753
154247514
928896180
972186575
593390053
522532505
813441499
466624781
56599623
14812941
504765701
544651652
512612218
935545302
681955885
778013983
378267611
585396756
761709912
324179847
875135527
540534766
693834718
108464020
26326317
875511550
738481345
921936435
757817933
886807342
588289057
361009470
753942199
965516553
525469278
156379980
230196164
334439229
427179838
823444916
451561579
724997675
756219616
862959863
883579451
258764511
776212899
523749524
904914193
445199155
553783348
683723417
820112979
383836661
686026245
279936442
836201241
373786918
174496969
74728723
41295012
177594663
915192755
644421793
949939301
712805258
696587337
247019405
638564260
363829490
541534947
749414204
960127650
932186836
634068306
556189937
37127254
761172382
903423495
720865242
376239747
406252293
522859843
911524946
16409118
441662786
735686341
734234234
970017656
386171801
408746439
995194420
194140474
396643192
714223004
951562450
345557595
209262210
377988465
880819046
309222642
353711679
302837355
528611798
602570229
369599002
152653846
449694867
30575030
68705016
700729726
849591180
341741912
787432121
465628502
316840014
806660955
891767160
550452250
362848993
772004678
206690451
536302580
439487804
8495866
518372822
301344417
905479165
479024413
987705126
337067047
601759099
592269906
55967981
531711783
375951370
349379085
765148469
987115248
219114380
498701141
36184783
387041533
921524408
582659966
728904927
195864180
791420864
23144158
384663631
57012477
314776715
370265038
3230761
149791191
164887470
965509966
604436790
692426687
11934393
690262552
973061458
217245257
452185005
822819811
558981020
382565444
97806035
211023256
127258628
767393790
171809749
442402563
631954661
51941635
63197568
22508868
814369614
705190475
666290832
436901734
219744660
774507581
159564777
311341871
612392463
61247588
966573862
279262909
48360463
617278315
356736806
799879891
426161479
446358620
528271121
294431369
648469141
614732416
517767838
19083707
991170120
41355652
415377558
219046236
608415947
595058530
817613431
686283730
425068695
294908552
608936344
924421312
774473960
208625241
910831293
757960712
772860854
305192047
991649342
815215977
611274446
343195150
598190466
199517268
391462239
794942968
911058702
35381123
52660756
604791127
683458920
526293724
971602837
957386802
326775496
932269714
11907307
317293464
51502641
870440309
878345036
345089193
248768669
903804208
644643904
848165861
930441107
32720217
28936484
123074836
363842476
215648930
811713035
928375432
217788821
238594890
450964
488996586
254761554
739113412
609968992
198428315
247173821
147932789
949979136
699815188
328731200
577330874
489249438
602967656
512644719
619748597
397279996
463235106
552417796
944482493
126494530
790221554
701748814
83798936
563987299
65195476
777117376
792604685
364936065
265694918
832280503
987060707
420028758
1061978
194164899
131459686
840480664
169854608
446910191
643756146
433900221
640365317
444873866
529644273
597526563
364045133
317812223
980432575
351643294
808540293
829266624
969284087
213482154
279284482
742055533
65132229
598095426
253726210
406529694
432993633
428115143
858812488
194342519
335071507
666890566
797366884
116989663
506547552
312436008
309145251
524248061
679591622
507299651
887535528
601772812
310528069
228607348
91314728
51699580
620392111
427545077
943917819
69680967
672210532
337388611
610237652
164778375
446667579
939168949
27364713
701686361
159734305
175662149
385571347
289555470
573187804
563141043
966904114
790276395
878192713
895624725
196193189
128749973
216404554
208481554
917613233
929577393
578832112
656816790
583784458
748319725
309289857
387295676
479628263
283749234
582035136
817753570
627263057
433807303
370346065
470213900
819929358
770918948
766339602
995777733
154638482
769696565
371699175
159726123
709401755
257382835
891029627
22227117
51712361
890499244
380217014
556037313
649160320
970288025
601143231
8755683
633668478
425799336
988229470
823215030
934213725
2107410
7086865
680023614
337630994
539617013
671998006
59081172
433406861
627310104
332541284
581173078
473058208
824383900
392866268
324784468
718623775
838506047
46044840
559651340
333527564
854556364
287710474
1262245
949814101
201209371
478861717
523420868
202841640
131531116
872448838
177229008
182244170
148420934
123539100
674293401
248611930
723433171
814309168
568222714
387264758
947013159
926524184
847111521
15663473
71976598
619826303
296018909
705320578
158653739
776504908
55124486
736128186
76786142
57050332
79230420
579321917
835826588
166550589
736297065
230090358
902734120
942799984
849333766
366770390
613541383
8796002
525561049
577842404
452878334
632153859
74783443
944402377
4673745
159776197
761005559
95910551
185991453
966896369
468035281
204034509
429308508
131867363
556238992
876874415
850914545
226306591
666562924
447922861
940297941
540839445
478920143
792754363
306329281
413180593
213775895
122986763
392781084
901349592
610776504
613153373
616387463
267025273
479628827
368134780
839974644
743139232
831099138
670828203
562371087
565958600
348040717
474407191
965624212
138486057
82300338
884266811
162221108
281623437
195758978
13747684
800013567
85912091
164471022
387710826
54474118
626064199
981309486
568428588
851471523
122489918
239005117
249469190
69238778
749431452
765977306
313705560
442850394
325126509
204224781
241490250
644458792
745084004
43200689
842233395
60275659
111519596
854620210
999696428
246782954
19643933
493038723
265903210
660387287
788674613
873767711
65160621
956844149
435202282
828113084
722881341
809275582
346938703
645064980
697693347
431986749
495427080
837370543
817109310
529970140
167380138
118313432
773269011
566176101
817952742
658876562
100944354
565022603
755131672
832488940
72158933
765897243
874022749
459692333
549878320
345619036
472261889
773049878
287136678
453634760
461288012
440383324
694535976
223290686
691463269
554764726
960540119
968905700
691697888
511300678
602414599
838004674
501003707
585156996
127657385
435886868
336794268
864989840
967171862
321416147
689317008
619645415
454585031
887154981
176245544
500999602
51010314
502088444
803959682
128698725
993471218
790978789
817806582
487761081
826988760
442381869
199883526
101161754
760857254
628625430
147418963
554873507
595976335
933999050
735314885
148996594
955716102
260230626
462430668
189592307
578938296
767280540
360505380
336320458
635736428
549404607
343361040
910421328
855051604
778684928
888572022
540704693
20749244
158784559
40309347
897069715
224709300
574982161
127980933
193026817
190187795
922514546
744067955
290157202
514742089
981198823
775063046
480448674
659012262
947989892
660087730
970151965
961983498
116956185
879060266
527071157
789006918
562068044
326304907
831960159
341502654
194788098
343302516
289700459
981092769
703212556
168904177
544580907
789582867
5431119
558102395
959312281
223635442
239159933
320330668
637957262
255174194
274294654
657518001
580598182
344531319
98058345
982697923
965259992
651231731
169770339
163436173
342674486
377838769
766254767
922479972
412026370
424696747
769376383
578013294
425723409
845461435
920578504
815150689
885148352
256587445
916879743
231792600
832070034
143031181
50212321
279513558
390942701
161806235
7373107
221762733
945786551
701432818
623800316
493156371
39520404
710747491
460527623
961910377
355042045
607180377
388055330
954743417
322944699
526028779
971457403
22770273
959086500
767330294
42764821
633592025
734492894
929259388
86186202
185493998
679071192
71717132
921354658
51797032
379005740
36566023
922256101
68505584
157650304
339798307
663456332
219401062
137736476
545439983
470067527
261561204
838075372
422917504
687087360
559968860
864887994
828475397
33496867
906595874
724481858
775837960
247094070
672790852
599484702
942380520
885057254
439771944
770615589
672778472
969431167
451894703
554749753
859263527
45762177
402338184
68508955
738091514
733880671
749210353
328530970
692463472
197188714
494526309
167249361
89437936
979151618
321024809
37977797
130328322
837863325
562291868
717438484
573022759
450644532
350108385
120653763
263177730
492566492
402604028
562068657
205288629
250080983
300289587
245323444
541457155
968199573
74147602
569421563
90619959
962254385
121781444
944410271
40391597
790646887
835362191
437591209
208478701
367952325
81168817
390853046
157772262
670460441
501960342
875405850
55073757
955182066
45234792
36064731
349004445
836935715
844510316
232459636
200703510
344641111
239005341
466608099
681394669
447336602
314931924
670160794
329241125
326135802
644970379
865627401
221730903
129375838
61726121
186030801
6742945
165806187
799846431
831329377
302611773
419112841
359164716
573477283
775691307
873089657
347843985
458542658
648741222
91903472
142257777
202833052
59433402
321826003
814389919
468946396
103192809
640727506
727841262
211702254
50137472
506432415
817810703
374318112
794066148
184647780
873660620
459728036
838403914
429833010
173476974
960076868
278052288
734427440
85314889
989731251
646898633
73610243
427508725
565488670
721220934
792723545
626513656
613902302
763990973
69272363
788563161
548530700
917656207
994172631
376649558
520966211
631958886
623595012
48791734
559625971
7704010
488096388
291346022
292597075
157275821
152321822
894225604
854303053
56954284
436371652
536126752
211330949
443004962
88627141
67150893
644595539
402194004
102588710
869807486
895742
669222696
494393993
462284494
678418859
904939822
240241993
961990637
393641267
399837726
465336969
198899434
321991849
699262699
527426098
29404650
959732354
410464455
336941376
186726114
215299184
979201171
990725736
106684960
287134991
304565578
68341869
789511160
347515164
796454763
922647237
181686908
785341648
531573710
332190884
642956988
406611931
475170018
536089587
481552157
566652362
277269011
398784695
549085223
746866063
295741755
661047213
73095115
355237338
688250156
404677219
663918902
786199199
35389339
776833720
948026257
195706750
541441229
392859337
315478042
398516624
754574907
440903095
124384230
754547791
204039121
122971027
781965495
893284846
388406384
628216394
906703513
300645859
886606802
965386509
31666501
563076838
352584828
412820306
640641226
855809364
468510717
525964888
646240085
966343977
71019570
952419817
203792204
394295819
212295411
826539258
575498578
25430635
837696557
87323195
579732104
944410109
256128187
781366117
370465212
520214173
918264578
981093311
158889973
450191805
546325179
892986744
853577687
650483731
191508243
596664593
200061325
265692051
748843585
663601941
16809403
724202042
529726543
632558775
390657316
254117781
745340269
754699685
493042806
692133373
8628063
711422915
555747245
203221979
893942808
944193000
831182556
659149478
69499592
406773165
405400951
808566310
475549771
389726482
497619012
982254519
355026911
451821147
194168028
973991299
697112630
282452465
105899860
368151281
62615037
721680815
197081462
650426351
181178082
416127146
439686221
605266805
686747285
420669264
203180654
151622621
541983259
684938591
789080681
986092537
332928800
643732876
699318699
421135962
298124674
589844458
622410153
421027139
591017963
426743935
355829149
453702624
584110493
144607439
598327497
191476774
428821205
343927489
312714153
852257246
294389223
7470819
602327594
700771366
600179746
75737570
804167212
497372708
589634597
57233487
345906590
774762616
897060695
283924150
745342510
932555960
364244330
636358093
406273098
194430564
24243536
332024001
781021644
40210459
840925803
574836833
924430075
616973111
123034834
621416113
264140969
365972549
606572311
351965883
925031878
291864904
779820383
650518218
309131776
36030496
707172547
34397727
18771461
258142070
236435462
528603030
260995731
285533456
50019538
149050598
687017449
223976789
703639279
344402821
299075426
831452278
356778885
137593111
152886346
637677758
390225791
776643790
714119262
160052917
300194929
488134824
151464199
622165562
880274324
676196687
803581241
492966094
568077000
309569969
296812113
101869815
717586739
437829059
175297485
181664291
168857779
678422378
5458906
986265244
113934217
746234743
752772836
587604925
849330763
817941298
688779262
918680899
447392666
179914976
147623417
199029045
631922457
353667432
418146000
130093622
667681566
60788585
526079021
461381643
851194484
252938034
613115163
912160056
937191280
861646836
270593789
51472188
142870969
927639761
940477768
162280976
35187985
500220604
938626925
655178632
991324461
712689759
112129847
383790524
647379476
435575596
527130593
836065582
202302114
927500336
765921030
638624408
79190798
721267177
728549732
756297258
147664468
961664342
953508364
220685197
844936472
503385233
707111362
848844243
447233739
838473369
624064843
187813555
709102683
755851561
19907998
529301114
234596888
503735734
60641688
452218367
576694739
934210214
737774055
433823972
211785261
603016515
693455406
811039918
154955291
969539548
275651088
839349014
624868722
459269931
295181087
498026362
449263332
129042688
172645634
834661726
295548306
992871379
307795363
893131050
152352518
43879500
868718950
635233382
859603287
66544523
161218643
782956311
576990226
315206985
484663024
668656667
157648565
462879057
632967600
452559520
642894466
230957020
899842600
661922010
906359290
187140455
710583415
998856418
768518780
289653839
244350243
756579872
230505902
812007127
900080257
239035734
930251769
438914707
873819796
13729694
473765918
187392662
2172834
326666421
57113565
69164828
434980797
849873371
632406478
771598857
652293499
718991327
244075368
240118686
78326625
421423837
281880282
723483348
844823870
617655556
661892269
521666246
112713435
884736047
366366387
693648322
437228987
159217643
379297462
856004648
525743365
912539120
180026822
770882722
392260267
782472588
809254936
734378336
439898134
132259656
77857440
54189874
451530588
346525157
544923359
876759245
261114720
657970348
992254157
397707762
467656069
51262332
914956762
791900083
917488750
552724463
744718599
98457559
169378101
887347757
795309907
665732992
772112969
414610324
758356191
709625487
299781537
338237856
71858159
835881424
759841070
117347713
394909464
371387231
903289023
869613926
333502939
88779782
64955244
107881872
976137395
320137740
350846980
922817086
39543058
227677838
111638106
465433532
209642775
775318075
468381135
893318836
149039366
392719741
233159991
256445269
887171914
697594419
162832035
66326749
232571693
733597442
494889464
808172028
643456649
995645051
777534712
989937217
890025277
336145123
321161021
844538865
887370967
101842076
187098710
683165160
32148413
32178462
53579564
968057832
774464667
523559105
136982154
801940908
774534992
531360440
160579119
193412436
711414291
879827802
245587171
12201155
42214715
354826365
251450684
338098516
641262351
838582081
864442405
274353940
834016643
325716970
833589079
775078642
412696810
622285023
199105827
715516574
390140793
65347718
934521167
727319249
617211194
884762090
870287797
566235454
154369892
687868221
377301798
624033411
881310589
566804335
746945022
626548702
250342233
585869916
888825988
503559262
620441434
739712480
358170197
531484018
589685378
808087904
25817660
286547330
850623505
557752159
673571434
426441636
142833570
723320719
835383918
117474129
75586305
452399441
558202980
760852867
882801400
336696428
567441405
13077884
944924133
777596936
214369325
764157524
245036255
131323836
610339414
533737155
361256034
587742127
169141287
353897349
618209439
619336217
29501823
887322556
178881797
837046661
354262487
732733958
163885261
114496508
460217842
627461942
981230243
933944432
917341203
897525222
339685303
569671669
765786138
666854132
628526945
931634896
797037331
304547988
845248634
927491190
333040309
388802705
971643642
345911529
434844187
670869219
441945703
31001333
402108097
420748149
170570933
733415465
825515556
890810526
901177888
173435472
20643223
306019462
28053821
340172933
6994215
426063946
891898950
99096612
111267907
30036825
685710367
509759492
38825177
601408177
357412151
120744997
697962659
153701794
300166481
647983327
397440270
321599219
965115600
570595944
816324389
606536698
584571015
462371493
291592145
474153421
28149179
272513815
44449442
593710772
281882930
684200616
461000799
287784483
210500730
181271645
970215768
837889613
547160034
150779543
957265141
638872624
216163335
710557107
378017904
723737729
32668979
213759477
864820274
95669176
196533484
102368433
938874693
920399338
516618947
531317585
137036490
554021644
497031795
407659083
885660145
295096912
532695804
251416908
529915031
446362841
382973268
156426090
400459441
782854592
622196797
678907449
534782507
266783042
150457428
488493859
585771803
984913207
780066155
800155224
839260747
300862167
189838582
876182544
414527534
216681669
702454040
612960780
310454600
293283332
920345170
867831520
44670773
608192301
261209302
127063689
397823759
595146268
908974669
852419886
352814352
84460394
382795445
917594225
574351130
884333476
72008836
245069367
644852851
599607098
644717030
933105525
974445996
203637493
38829326
506202834
145997527
524699933
128268460
287546289
641453207
565985848
294660965
569102182
567067683
27394113
689483027
477219517
933719499
563069209
651526372
194421819
305550661
406134465
118580637
109935281
338834844
717246970
282547055
679344277
480984196
17296361
730441969
436320901
814025207
262118857
192437125
265480025
606644576
920651352
262177214
288473190
668023171
877259912
776150064
541643257
379560053
878630875
369255768
620027156
667550169
637774479
464507607
879397360
876244666
397308754
290693471
562114216
385761413
885575295
911323985
246562120
446830290
644242395
538897311
195360332
371636165
339121850
415944358
177855996
956866173
773819186
356588869
848542176
285984248
93615309
609268736
237639776
630840667
625785177
176340526
360906080
147939176
8088856
595334334
352084118
768187476
402769280
933718384
624303800
764218847
200189875
495357322
914239806
392203800
165723040
124586413
401752728
495108207
724943123
316431369
316473698
842572577
466948046
299687791
113557903
95006167
921712566
538811659
372257478
690775022
117076641
42247673
580520940
383422411
772172614
986160641
73186012
642741069
784343913
770977479
963668787
397261838
104007857
278636038
804717730
400735240
224048599
481214401
190176131
659585678
396021683
446191048
451089267
865115076
902934936
208548046
26030841
321378142
942274908
653208784
39707741
43646651
977025223
61681187
530451171
937918696
906994582
522771431
407591485
322674853
961400690
245277607
601717818
520465499
557642769
755533632
741149613
336436406
692559401
409424330
480765119
917711262
389141216
555201174
496295959
744809659
647212623
724451493
539053051
214732006
880869191
703546656
393284405
572996085
911214216
435670464
184421799
581206357
244917604
130723146
708255607
10563756
984000640
615530371
215921776
870457446
95195349
267099361
231186706
681242598
711136672
112450155
454025236
747733333
127137218
716249560
712486389
95050397
235089548
432069810
830323795
795889693
755908646
118797192
436029786
137527722
103189224
218041079
454207380
48024295
476710633
778700386
961088765
170623495
824628638
648424074
596681828
464996864
950948181
703276186
775293490
534548472
722348392
212807276
413782003
252790195
716149218
130324073
828975441
194790957
684433295
267221735
722508143
243546086
476123125
294775160
140598393
465664972
868652037
969435906
671867266
884460419
191309876
300787562
114759173
850047872
570290031
340151411
669804351
961435855
100334458
842917065
697830363
574273947
431995197
825476234
875117356
618381185
813515486
662533273
677441736
572839096
701141288
180518024
283342421
970494878
115093795
585822199
154761203
537102741
547307452
715219835
180583215
950767868
657985556
681832612
431404627
133525474
281713316
175720761
277988790
135980902
415183892
652817696
465909664
373889912
462431445
53650902
840607184
493292871
810267502
499457842
289742346
567328270
691274323
10845590
766253896
35157446
689045321
138717828
546214278
339332991
893350168
624300516
471925980
959587540
705366407
823851191
392599469
753158042
662141256
389177197
377299299
5800777
999924651
595996818
714915675
163783704
433413759
729839543
72912895
308941438
963989766
90592893
586757173
375367818
773802922
625933209
946527896
21812628
769692312
291715831
322307660
18386105
699856749
953145096
117131626
716770387
230334203
584621031
954296734
853321275
859158343
968999847
149879265
409332092
908639913
755794416
275271317
46089010
324755108
348407043
190735977
218740477
374444026
549879826
703391314
660067899
986355184
869343482
665077990
231044279
326157888
971764614
199876816
909726962
720175029
89165837
22511755
164135507
825054200
422488262
431860715
19187306
301913476
47259363
167676511
251420991
432981651
900633328
982000549
694005854
78399848
835752203
758556119
27479952
652253631
81169408
11298443
335459132
692458270
6383677
815635598
219922309
1084305
693081655
112953325
538800744
28221190
35401751
943988627
291072810
628532767
636141090
926945066
989276635
711798609
339362341
461199189
767772865
745802739
295250476
868877301
983688878
600856807
997292622
616234186
393415180
740619922
897569955
418634279
985951181
302811795
450630086
496655891
466121713
770926904
51259685
682089960
437283053
887926719
907361323
958409217
819209117
951912169
247677160
265675826
247881765
584355396
820523392
138660096
184114958
15142162
84544631
30320676
261120393
618013482
250719914
248926596
341070714
870792533
776536323
561321362
637233171
611873366
801678369
911285618
167634935
309516705
832016257
218803866
374128459
154055593
314337312
453875562
127872027
673011100
951816482
497256089
719870593
916909427
481876430
426777185
377200200
422936290
92441374
696376563
393213285
372407353
671929646
797306794
19439807
169281738
460489929
98359924
814895041
50110421
763845587
693254944
289358950
748509030
767817176
213429392
868827747
356156314
501083397
839165052
117088365
626315979
428409841
596813747
518079982
514198178
195353641
55606464
710999045
708503964
554150621
301672853
285787194
33924458
854962234
333491034
535044986
882707511
933787572
871312548
343773374
685928283
927716331
831031161
261104229
662668030
748951877
272696544
969419374
78447116
786896460
207599264
980898172
708836586
62406827
976952506
615960394
421443583
430861488
828310833
880937760
13399418
672724636
577436906
749868326
998478856
693989984
112693849
512780077
146416687
341173514
909070391
668101886
847240966
338424286
21729313
461362677
617657779
9570931
437355035
215149774
795127270
254857942
561842004
521579480
931052609
412680096
868292190
597222345
711225834
372382602
397305564
821714423
779206830
281874649
163383109
433315282
969051950
857011167
999783665
62029224
459725516
766224610
670464621
444815942
356400889
950800072
529630501
618392275
462592201
828753915
600548589
8907904
859615626
444951294
124688563
673443527
447356834
889742098
468658497
108518935
927149825
240029631
729625363
331635255
257908523
602303702
876520256
413087683
190967842
130291200
949255831
392570488
37952718
686676568
181794347
962637891
965828198
444610171
971999506
380408560
331855910
272571852
816781914
457261823
634880977
461595941
125483575
716076140
270799321
346019767
745059847
588108150
818077143
607322507
141181715
540925280
578240892
331499022
931028250
211637360
576123892
451705554
499097528
784477117
803692178
319054931
831882264
450346708
217994554
167246006
447989966
564274885
487316010
301343336
824838860
911867646
513561262
663157683
482097157
950622229
324671614
947184543
980553379
640597457
912767193
316706245
323185907
379411751
538990279
438195941
688025821
300708372
826495556
876931589
919657221
185336227
872101348
318171131
985137165
522618824
51776366
242660819
317898539
851282778
731858217
523598231
395599781
992083906
394787389
668130538
755351379
175106219
623622475
246902576
473333669
976180099
881289580
195010749
109311805
765777497
395902779
66685737
197259987
455729413
413336635
9307770
102358148
438305240
558111176
622159996
696047465
530866974
609973076
400215111
52114489
766530499
353246074
960859128
534799777
56244234
552202252
702995412
138261468
873156720
178492102
720357664
117952725
412258589
584360095
766590477
679476891
526679758
603812873
967761485
36673715
213316663
612081941
663856043
275029166
763197300
8763908
876321773
422834162
941972535
340809798
830798721
429979674
493164261
89868266
234155401
738138932
613358117
284121209
838170769
871043838
278605722
239943339
725488043
355741364
42102103
929480830
210390172
609615571
324239613
569544135
957407661
180732007
613593663
38703389
560517665
229889307
607716069
605631877
69722840
126756843
142499089
67352866
648945372
381713209
117928577
441489411
942842679
170245823
792361446
479183562
876497785
977104705
100778574
823098701
876247280
682968075
716228531
215738533
281590914
474496634
385197007
582989082
488006782
893089363
396823521
145497289
128917343
470719665
643408426
64629554
709059958
677832744
282886353
795730365
534448281
561704856
139723671
39851197
888685109
243490922
737271841
312326062
404443607
363498784
891050933
347223125
870691453
582942834
64724643
487123134
470505891
725473359
326533482
752241766
218542217
788869832
137435813
301594966
137300921
954182330
399812930
402200012
278122762
526892033
508073508
454946942
226646930
980216151
888588466
266143002
401239389
26393087
657053655
759723947
181987518
875800695
6172552
13084413
152396743
759261224
282561281
346768028
16652027
200142494
135595861
966822192
192163281
504404460
443341122
747196223
386041797
891211881
593158699
365911559
656797684
846349066
150539146
207046046
315240839
371125860
581258036
884785213
138559543
396511495
987312840
83020676
501352309
655853784
31202433
765157585
741707138
577202117
702673781
724213916
315620165
782913019
144286783
209658348
544023830
855654989
536505643
979815465
243996277
973481045
478626560
64702390
555100461
57610972
223576045
47110356
620421420
777834893
944342831
573440914
902772439
535881557
37437163
15232996
791329694
162288586
835305354
620415533
927920119
464097516
888244145
290282402
82137703
925507561
799869055
499497677
941665614
709797559
482120059
113936070
727469287
414895015
750969386
206235730
130558587
100950553
507162797
207391725
932219389
585783497
533617127
911641222
269654090
560284159
605672817
536996864
802023808
213126298
770995467
943067353
611047940
12851648
552593707
84291701
680503034
751622380
926890766
927507182
487471496
138737901
141898033
906655780
415777687
746073160
50574575
701967218
648425813
841004909
219648067
542072688
519278629
742264623
848408158
126975436
356850075
13071955
62979701
791968124
216228108
589406515
186010546
786755429
454860617
578661778
413799
795049435
46570221
629660609
512323749
976994748
263825763
573929589
908169065
464770087
330265896
332089639
282557255
84807341
368650674
268212162
364525760
508464918
242078013
949423026
421622783
267587840
327246582
449540121
307611414
530821476
54107632
436799920
608530603
801651423
623644817
533421261
678625751
552072169
691320047
767669059
264973392
576487234
587665748
856217880
88747198
609505801
868653691
458361404
812591784
255181535
487205210
360838531
522628113
227749949
324558579
123309215
658178441
734211986
344933574
150096382
427949832
457837237
879186944
996599679
870796860
245722333
827627740
370957762
159826263
357450784
659345481
336584274
851470366
729303871
807271257
527631042
480747485
497629653
734794367
862352714
842313705
559781553
985139912
496511591
741819859
897119490
819518433
96341158
315482491
322582293
550991779
989566125
899921861
810018254
836166481
462391945
831957887
687686840
35435622
642147972
837158268
864202951
913957965
670016340
169603862
847608028
992508151
390169122
490609660
35517268
266144054
639316285
996938402
459832290
592887749
375632615
648257174
669035126
446005747
597897566
809436696
973815427
356304495
929712442
34195477
49763308
483668233
741699850
354266217
313225527
765771078
239207985
755785115
508033546
574527434
496526767
485763748
209756330
197606068
270139885
148690522
342908167
753249437
188773236
321100714
775774279
516470534
222000705
642729867
199704456
525795616
794276884
908947248
321479096
874362115
648272838
872091954
246338655
991289247
396274291
496551211
579718946
749701708
445665691
836880247
912466396
752189040
405965777
19295781
497188270
701306829
207094653
848982954
554168053
49201014
6943816
533468235
657793506
986888164
633562565
357272546
716591797
626036399
384968546
25823660
930333221
102021953
86216084
524358762
657551116
78692112
373300217
711528520
674979937
65130506
382001496
788133947
249504563
113792242
558790640
983340924
381701555
526204905
400537099
239008243
218319480
311288703
190019770
731943412
656853464
153374130
354810877
147186754
341322890
454610499
27689960
859063035
142054217
527535658
861266905
781986202
502783456
141866802
901182396
960666641
848565575
595485171
844569481
697004768
288530750
774237254
703370350
728611893
513195673
226813370
242669600
108751537
958876901
900721776
385557729
250423492
427310021
6702787
392209567
857082814
645895539
945486812
609370188
639288223
513777015
697731379
260702455
224359678
533221082
601216730
458712608
209860016
176708923
539864979
544733093
717303120
130961521
431860953
636485705
735025860
56577558
712530208
846647173
667778444
543184826
644789185
698064491
314740693
481910562
151253547
860136678
876961117
733205339
331330580
516982967
46615360
525443339
873619738
269136487
542061505
755411150
895044823
848051288
248787950
368116995
516829062
809640059
169062264
738846756
877619238
939789691
456288053
467117576
755720027
100608643
966574094
853287518
228931828
672940875
97633421
528591309
742897058
57147927
300600595
99585750
416020654
640589172
833020773
826991558
692160338
296579584
526917307
635894615
217311640
336128374
530754875
873092170
486613934
742351529
439562323
543182149
14749279
204779636
908518252
994634423
393959823
614604579
633990863
833532326
688089623
943596456
46053149
158642945
773389196
23879524
474789656
837310681
396946946
395118953
588338955
468615133
28612955
313331501
30108675
445816933
80117060
484425659
666872574
338139896
921642256
737352510
539470567
406539780
210038139
37115922
456548856
45908384
890040593
13811591
660019470
38225246
733912951
320540585
385190543
898670661
710591373
922450294
731086360
76267022
55967855
239861873
675679494
473296736
832547874
591265687
356200013
308028863
905402856
42790465
299626478
248964669
857802637
303101824
112787096
165487364
980208482
986997438
88288604
590785958
764590349
54389481
514221612
708661966
863359884
453252541
758292074
730402485
744324006
938664131
227208833
984011631
956988922
497415862
785455019
997651505
291046005
983828112
256794814
2957958
714646589
799300944
473961823
712915859
383679342
960226698
239506214
500687397
534683148
39184455
604793569
974507791
969735163
46332423
677891884
513029574
611048197
287216630
765815761
895360542
388256371
840680798
579627541
681999197
504291194
388463376
325288406
943374779
223717052
236955296
330273469
230905203
949586305
544604656
418844373
711835457
803501954
840408720
758443119
804343189
911641024
676620350
126776075
649706690
272942573
318908718
440669720
469505527
152781521
609714745
941947514
359470620
106632482
90887122
597527817
355624020
227186058
670785378
796660274
252039527
63661675
350902418
52769237
433378998
907447449
374930388
760533606
436213127
60102358
781723990
699743715
445660054
490440810
595586212
729873439
480846710
33653692
298540379
246719000
949921704
526479914
489284311
17109322
226020161
178242452
224431213
692412685
777292992
637090180
868181922
276961740
510698425
22473608
352968053
894262179
76295409
21220082
24320285
203936258
243034852
48653244
438168969
462641743
934921631
218388532
927964284
112218609
201452210
679474309
858763645
879088905
520356951
585382899
528514528
562819638
978042908
796650743
392901130
579409463
232218565
306836821
672402717
418689669
939858810
577885638
528921584
930320586
832564774
885703952
548699435
479790063
949898619
943402559
910135355
666047436
462894446
40668620
382341136
872477986
60244640
287010179
44683059
590732027
861872813
242571195
206401661
109639756
985641672
280477433
167847148
261760636
724758808
386659514
797240335
544667094
978873951
250304169
472345132
800403661
775405225
735433825
550880925
887029450
192047724
484363552
987169546
400895041
932422065
379964372
821107828
577139668
565017472
94149186
892543640
634139766
838965642
73545984
847420507
431780019
838800461
626670133
532385916
639727610
670954423
340996496
432749515
851115412
782231568
765677960
727014320
100870367
319886452
376798301
388921230
562046945
710633835
406698165
195963324
161543610
218591551
550470256
533686966
592197327
158558475
422339907
550891142
446344289
946777401
948918332
578423243
17945470
334025952
118283585
680856920
17631720
791889597
646096613
781364378
886996981
114253037
264354465
793259062
938126781
913454446
580679795
117514341
951350835
835357773
929503362
185177339
477198876
338702722
33756996
637102579
191082184
785834691
175590153
362412948
301455620
844970077
722669837
452823510
138356949
60098126
361395459
292667303
533398658
296219407
200762805
317635780
616136456
727847153
975032839
274028975
136408390
607679471
859179602
712292922
211961951
658003655
971297477
802915905
929227245
79032131
287927906
129467521
93137972
807432967
902730241
628929197
20573661
442076137
516379231
688795363
271157577
197879502
802883880
45013467
271646709
368177094
851402275
206961426
194798530
905270502
829932306
764497193
103348531
592949824
184816861
738710644
723922472
145408755
475779834
963205501
857806075
913738945
508661003
670908007
313389365
760246053
512585669
88191464
614409419
537922006
949081231
804368790
102239652
816519226
756640535
704066808
777484982
928737304
786742498
852070165
124093654
171754846
526769875
397123151
90216310
929619538
422507360
483583636
212429033
57093082
979310646
173806636
528423620
3317093
385428734
34861090
204516346
746554824
430380486
497439702
341288469
774620751
150565153
667122305
374847241
3779199
945310311
957454447
325368689
254905409
298077399
936995364
175823826
502608669
677746994
121471101
327420149
457248230
999854515
692491768
812731442
408314279
863235952
750303206
886230080
990770536
94046551
468993248
91919048
832823085
621917817
788448310
224285833
626758229
885517433
239539251
334623710
566432410
928704696
368317212
215877565
917907528
563583313
18495702
610511758
783158470
114492934
74665301
842472863
394690845
772476451
494785481
284155739
188824245
548521419
350073902
207432080
232468154
185685425
663066603
647282585
643980514
155424623
893815281
654793038
624718156
846531368
151052875
861614043
257164690
138162691
175821708
411510856
787202177
994946892
560287681
287132052
294303343
686923374
389746247
999371643
409486500
417277238
250716759
76327893
168614249
901405304
578308335
434882144
646851716
587398259
713400303
515684286
517824245
261346310
178555241
457609958
404668540
914733377
38268407
95157131
954155777
85894551
977376945
8492614
663241135
470064646
236795502
527335518
917721112
616146010
450214201
927418636
43172812
765330111
211457695
225053358
440650899
194423321
23497171
482781308
941692812
865862627
858283058
53492354
918927224
944622464
158119541
59006525
877894741
508859162
59583915
914747496
27979728
427005582
297092992
985186254
898248365
646735078
243741011
146764244
60160449
91723637
346840494
192990994
53269946
880441870
857765545
347964259
684490278
399402150
642381100
845228703
677615941
589729799
461834322
366523391
966923194
36575439
595890186
483414496
159851079
125947497
827404658
682754217
931595035
134482633
864427485
471846682
935515480
85747186
911712807
393606601
686817830
162552807
448015087
463265171
443415073
545359499
881911172
496835543
890036152
442426011
50763545
917498779
837546033
834026761
672119072
732257028
402413197
809016174
497821947
279669585
234525567
803413313
790544496
956137570
881373815
431562376
200571733
943169789
327451351
161902930
923823532
801508228
49577859
807339292
361543398
604420114
667164984
177209106
716569706
719395220
644720138
254000434
803703348
185573444
921776931
813231063
700140093
868556069
671459150
471646087
120153777
478106319
821304113
301222906
723856342
834700376
246896709
524436378
64306968
422587232
204452426
351307241
691001371
40614000
252430756
37617918
505052902
27953433
986111459
97900162
299793564
645267929
485586044
381681542
274133095
460065898
390137514
869179816
653139241
535392787
160454115
64590242
178937744
388858051
138594335
694485293
253341739
244714711
681772393
345257517
641625748
826208285
493356307
671832987
854491495
236484329
212228915
320484642
504378103
606460996
421667557
768999865
779485398
201725414
301969776
176902111
69856294
236169286
878704899
961766009
157598540
988740505
653079040
508463255
161157371
105988131
590107121
432212972
221758778
212050300
962714796
795792249
252514734
489399089
958680310
319575328
232717320
767214001
338984493
310405279
787439989
794211267
715850674
704569869
971272174
890728745
903862687
542874619
300699514
316804833
746896752
205576302
605047319
203641421
198049036
144686660
426256779
424393188
349108414
249437880
941566877
204711333
911897673
722394591
727196602
628956167
521968948
26366091
204738648
975781359
278794419
712403181
552868825
725509597
918300456
725238786
328716963
384631741
113037873
939656141
343226516
157019336
995222426
916824807
675432140
150153799
733382453
556637531
684459776
733056307
150051576
905089061
198559031
596140617
450678128
892866994
327136664
187736567
565828546
753739811
669240325
443767387
624029177
148162348
163437369
853814349
612691448
45241612
611185649
812216282
896038558
295684431
816684002
623734936
305999704
263966921
839484942
124903968
224869554
215246230
15014231
568045406
250835303
998083351
609678779
494921470
343105668
627312120
671275139
779129123
99427009
197289688
749217034
618599474
331653074
611389200
407572279
708948676
563071194
219481035
679477156
943261063
829956250
989294092
722321815
185714248
909174534
562975197
566463525
622638082
910295835
937880786
365011377
549417820
97249685
313908189
338217453
800356924
923171761
614378482
533901391
908205727
966417466
282558610
425428668
630077029
704359385
34500937
392418342
448194896
413106510
417091093
182922393
99644543
472683753
64764975
643418653
983808778
744046280
525872895
754880047
582726975
618640646
766612603
945171593
828979549
127969801
27201708
819969676
790694038
132884273
504876479
63897810
422139528
835763033
452824210
397939336
559813517
573583138
296958144
824377216
495594965
19727473
560627429
744658786
604567065
79669929
86020197
516719281
25056501
182585034
970522415
170683787
646577902
339852513
509027818
606044588
915344103
369109155
386350563
41952390
931393156
146139851
765413300
10447600
845270033
7808989
66565750
59154088
692590392
775249528
336254894
475712414
797027149
444292306
256529916
288161640
335550066
627994495
237002073
460456963
424666364
63993775
659144801
485281887
671044432
386451344
573815136
391400235
707868562
411404008
369848501
145933306
496026638
653893927
850088990
628892746
180822904
326388032
131729030
618857260
128174250
484558239
144763245
990529734
162488060
932104415
899218526
506596494
114938947
236381093
794264433
764455345
625635722
340320405
497000054
112662221
453189387
663534418
132897362
933578326
859974787
445694921
450581590
91168216
30676044
954859344
798113889
444250048
783723740
987210178
691270415
249776827
701311646
385975845
507361075
391898379
531182505
808772120
224147181
198254668
835383268
725119235
366670103
45048866
970852738
399317559
724164507
670748837
161034638
868647564
980392897
80939492
88907081
891486283
82181441
146434131
219769545
794492196
18606611
122710899
274320180
908934287
917421644
416216066
856217117
884005617
929341218
168596639
988777842
497103168
587025247
79904695
32910721
806647674
847174789
678870452
175976421
320516557
646507499
215518107
637131455
454141792
102278549
221452471
453457784
904474949
526099598
823590967
928432331
240316129
967221348
845242833
197029791
868231345
868694326
146686016
842665011
943696040
403274174
946931081
31640425
155324001
613413273
179675400
995826842
301586968
799228854
99473574
894024098
152258538
177996259
284032309
476799236
286503107
61428850
650051913
622790681
860315271
565665735
472931435
282218450
498854049
847049811
599120239
175843331
675168439
601620307
912817870
881060654
259729738
666082140
567846769
80676863
731079948
863113734
111067307
591083001
443855837
749627233
136409818
60460408
782162489
303102489
136701124
730920734
653798369
15785915
979929023
355645690
803544604
200747039
258807653
952685487
202138052
511599095
464763754
929569845
22947307
611055609
990902456
30325029
429564710
688462509
872104995
630045981
424585008
507276734
173494773
241495358
48965832
505401002
922352591
327226319
483758384
8122096
636241490
727458181
408364565
267875171
369562771
228135821
69236445
801477985
737274490
864653629
15174849
743758535
35295282
526163375
981940636
432260405
386846185
40559328
869183035
820196793
288206233
935856707
953978737
806698556
815377545
241647905
753721184
198376207
631807578
232356779
748289164
187794081
348386919
323284881
180756844
952325028
682295103
419342860
561035067
936955467
967952639
635267910
619252989
274977249
748356195
294477440
704500911
683409777
421452363
268114669
207538926
309703234
878508690
505863116
170704332
261579177
253310809
2220735
693544284
902452570
523999288
64273029
419225176
347112390
462150182
972177362
66887480
19640782
935018651
454685650
742758940
363225588
521872620
87946024
956593000
3688934
105889434
158688018
216893536
869737654
220226125
342229762
9334306
52010709
48491098
154493580
120892163
454702213
779851294
798689751
98647485
715474132
866373890
141424654
453453896
283545179
472838950
620482860
644076017
698039105
934552361
984479347
789942335
100953990
933849697
968274388
334800816
751050163
883917571
359833762
691971591
87312099
999594201
441289852
820633174
599248102
469026954
240900016
583381400
163025356
515179827
580957670
903541366
277359808
711710573
462580512
885917263
466816063
273661954
437446561
174359280
342975384
29847502
745892668
325552180
421600039
886163564
289480103
787604711
816478741
784478577
883879563
377888490
768657939
518175214
391173075
459974444
460022864
912220934
494291412
416322725
786310912
475856675
63149187
386412177
964337816
266268646
852880916
960631984
897676521
367318802
349222915
482746656
708360394
823096655
191699331
114946954
621878295
58522725
917387447
326817914
584580084
158799038
288900597
117736170
818031712
774377218
650373231
911212905
36458754
402809984
801039720
159491580
194755428
86872481
372519208
413387505
754765295
758476980
461017324
174213726
858069925
448054771
229002939
182979059
738116275
894314732
693238036
873728481
97934794
763210399
196071417
106634022
964473185
270328643
685081581
744550316
168691981
216809823
210931228
46478340
138453699
199921856
221937904
822033080
937633357
335942103
364253742
140135620
952147385
53519473
484024898
228944257
771847782
263091092
54675602
719930321
529663537
288616706
217685627
522757680
764585475
866317981
504324440
8259261
476404456
391401200
56932823
829654382
781088208
313803921
430037101
270345595
116140460
420329726
238609865
110222968
980648274
47691111
317704195
126738024
277406651
740765086
772312952
323497589
539542348
584064781
353312470
217656343
58075800
994411593
512606125
319097272
733879930
534201001
618612732
559405594
93620209
44197303
524475938
881205840
365777187
611782346
184816653
206534162
889956821
954531841
668851152
185303785
202667059
115194786
465418901
4413701
283691216
160585825
702968535
269807484
926387916
829019304
546035289
163065366
177343739
632332502
470496880
428060029
460615093
168828677
600640351
908262375
959163742
478718964
838427804
185595561
341047227
442355254
258279097
739774300
32069649
375799860
585685834
16966675
330197262
125959635
118280921
816267912
218808282
79829714
403253867
780489719
720535714
127254161
711954274
607598855
449043694
382894396
689680033
436745093
661233745
393664670
196545843
467464867
733023848
928306546
132427486
956098281
334323053
973628830
404715497
576722105
638206107
196845283
705044321
989555496
254639779
885352115
498887666
215576402
731478820
619453476
278561142
430742820
419840793
351866334
730325937
884960568
148658047
895765379
319256856
21264401
550226919
304018599
354754480
959057836
967686394
674112341
931065179
532042710
983775130
158879658
117184458
177472262
434487417
218147549
761887234
78036174
718335734
708286275
797460526
842185571
641256937
356570682
925422058
666193607
499235903
47102492
336299464
733851941
584922065
519303253
730186647
596898794
134553169
262704913
888292203
824903865
345561677
198198052
576351853
35786485
632129706
816171088
593456056
832873168
833186265
979211197
286178622
702810263
476499364
159947457
72853166
665611157
465384729
95393669
426275842
49161415
249292942
756203110
472788363
788319721
805715019
328908477
860842175
989389778
242982783
758387565
819111692
362421438
817781377
751546828
672101554
334779479
534185841
107042474
28649753
817418777
139699595
204943446
450928575
683295765
628971919
719322996
653254448
74537836
177814654
208693383
955364060
23115013
430435045
665823425
411411362
161991882
318328244
971418755
349868245
700773541
36498515
447876715
537253552
321052489
229194112
959203791
571617797
172257666
928568320
184631045
666750534
126970455
542113692
1130337
112561367
358971948
513648669
786445087
546435526
214886059
555047981
462781322
377625421
2937004
441215570
679899622
546950552
594628375
814452906
342390576
914545896
25304717
493190698
776504495
695056783
195059983
570185502
875950839
564062051
131122068
775063438
122164782
826671643
238371232
896612514
373891445
192484422
678949100
821438571
676198611
569099850
443131158
466205427
691798147
58856252
579377709
266790705
24766679
232568277
540393026
849064818
816552489
602072194
348568353
15263372
247549821
109579101
823303686
733609625
104325984
609888509
393968865
536551308
337873401
728202276
350555790
717990860
679583774
326204285
160144249
924714572
552362770
479357263
473465749
9140171
919147758
275230871
337933887
473352156
414026984
392333601
196398479
496841753
535642079
61282555
278932632
515405233
572314911
310530526
870251242
795499626
541217075
104626142
286552165
714493025
9741237
154427681
490590040
849072266
336462944
861064647
403667418
931991742
817720328
420698421
664770751
717890189
967662905
662224874
70544539
617094788
217441765
947284555
608685440
656848245
623004602
605179693
706315160
26861256
517957754
446381649
765406012
976993969
97789662
127556605
261899817
480595027
754687235
613498821
377842907
528833492
106545700
73121517
935112486
309863227
653227072
275281551
771251337
620883627
442419188
678802291
192041299
869507451
321661780
446741218
742104289
781019947
272055516
563807473
661719578
348211716
940346163
560932872
871044140
542574879
794736783
91030190
273647475
896697010
621016104
202063398
192958290
272942934
562743471
312426310
78351652
366404618
838486364
971990915
574888995
560753427
373211514
318128001
222570258
247295933
119061847
701226027
612838307
862359284
685892117
334057257
253458207
509046277
394024400
631148365
639469586
955188410
7747587
514507641
834672168
29453651
907429631
496419996
411630664
645461687
124220914
387046563
479595056
930500867
266385303
887848550
87530583
856017243
230547436
771303124
764387738
15249326
536873380
553455208
491354321
822811200
821944976
52562818
791542198
386476238
330868394
11376343
27099649
136083846
787406568
422569775
600308327
188394336
18524797
555551901
531595434
95245066
21757662
586811
310067825
2881431
810933602
301647650
923641588
51699937
864680645
629592939
589165626
958828221
231423925
182520192
640949668
915896452
342971401
728262324
493054631
225988956
368080542
736638139
595508899
217811265
395654021
587252488
499410615
221443388
389762030
77730207
644995431
863978381
90595523
576937088
946817058
698420465
201449155
507888918
290592493
522066061
330323650
35221043
539380457
994067316
324937636
669171537
765243896
741173390
964078789
610987315
105224199
110267204
708042335
251213864
544321141
482459983
700280378
848325590
919376518
552078193
292477188
917102619
806769790
217213469
199698913
353386669
45466051
94574878
142118177
933018331
552343895
420809995
949255861
314004987
29284927
546571183
649699380
917244597
323621087
604313844
798671160
960478781
423609574
719656360
350556135
991688254
685586778
297585472
302745348
834765679
984037551
751027241
908194960
300595952
719668224
296105474
726884433
64424635
69378468
675044379
560082877
403877620
538839901
624784183
366865906
183795237
129234763
86362535
24606236
775622551
275824464
472975800
888691841
523799572
223500120
866416342
150889265
493216286
794104882
527803035
973124723
270947637
960509055
573529326
335655215
367069422
478012626
445621399
511277325
980425075
192423995
356026678
684583214
194669226
368802316
420767325
857692426
85947622
927142667
82552783
776616384
880239732
884186285
451361133
689830500
470514777
567660991
975580052
503187713
815053562
719978484
48127112
464103456
526460012
177320820
463996817
659297944
400570018
666467696
859442807
444627760
767998341
822965422
836727665
87342784
111910994
266921999
432018838
703490425
920734736
969654091
137636540
116663458
826000033
153962737
260322740
196277721
831411557
462321691
380926291
96057900
103411491
862009620
994588321
102055112
272438033
343381662
527761749
57326121
25151134
836386275
110264017
100984457
696415972
893578053
912973307
170086271
810370717
818811934
975733417
544282632
723986724
638929159
996879322
151013885
182610201
466785954
213653115
983487387
539444115
579046120
629270830
261398463
277799845
668018469
259732145
864774036
311799830
292104748
557927593
473788395
877077518
522419411
81679514
77093743
33050909
927877159
461924611
807411588
380290368
340612413
680189052
124264552
247965065
429745589
383647268
145640071
504109835
562301581
304108304
569346325
23071603
248772951
959184980
776736458
702543532
690977155
953753500
529978078
303125925
92210281
528488705
835172228
669155934
746222015
562644479
87034653
637808405
458541930
824961325
891861110
453702196
166561878
887779486
645388191
202243078
826467312
484691771
921319569
524410890
691300591
22475056
709409408
264916860
265671209
450314210
652107045
785652755
764430134
988594428
573359860
218771896
938678821
579905527
481480254
403494557
709550916
555561433
180957475
330021604
561055805
767518304
213515618
507615961
907704015
957148060
894725557
260423602
702995837
372683939
694022432
503730764
24721213
877985087
495658926
930915977
614346773
232590632
531287887
10490613
914313794
571798544
38080207
554627954
850213298
182583117
19643405
554559945
819632043
43116371
810088952
911989896
221790746
852156742
473297804
940044340
244207123
383007287
269873848
86202946
695840538
807788578
306451897
502228045
733888688
78552422
156840061
712732988
434708692
912142096
652843409
667785395
475664321
591675992
120901798
964152952
441071116
105809110
903333791
103121361
874275335
506883834
675204556
676130705
285189417
709592806
752410314
554429569
558529847
896082089
408507723
828351291
808405990
923870519
869527022
738223554
124364959
605233451
134662443
883462037
303640077
341351511
291604998
87273656
415365811
715261244
111674408
537763546
287133014
58760841
333403115
296325115
432257048
736460927
251479076
225761122
557897236
26762145
965171794
797538600
111909775
203714717
238638712
903092041
832433653
903652521
18918977
186541436
345403705
644604551
616886574
705859099
578826069
681480080
596697648
550797893
138891953
705071158
857873249
82495861
530240670
377535857
792868766
987446436
543056239
960085299
136099646
551169249
608175791
4892696
515353878
479807597
632335344
509950860
280870016
441417612
418704806
235162820
669736537
530036180
973475497
282334843
969059034
187988517
881209085
628263446
988063961
387596271
168699563
633315729
382440508
532515293
973409926
23990649
868515861
361187346
924140693
993305165
3104813
494158897
336352214
598165285
143732425
294444755
257857672
832448244
932573679
401309611
115129872
597890344
644125288
183997733
627345656
810314091
104211030
196565810
312091981
587515193
201914727
663634825
97896069
902624817
413889096
341759149
441725816
4080767
15013792
707590254
813032759
350760495
242085893
112736459
792615511
803523542
264837629
78457266
531677101
373467690
313061247
866012602
362016643
956192786
716771390
961283487
950011399
225182535
318098235
974709353
612460793
797509617
689994992
991624559
385052809
503846656
494124427
968248299
897340543
65594072
220294146
119821287
331277318
396648480
824712121
734445758
354045628
241135941
204652544
351376690
146379037
455339367
342761941
520973738
344029278
453465488
240847880
345922959
37269974
748710583
232092717
126008174
365837836
20919477
854492446
376777300
973428169
570773584
809302181
935346569
760834934
593131777
210652249
558190270
979418095
223252542
352811606
445979694
21835146
323518378
60846661
939357050
58420961
210922105
23952476
167680819
495996376
265057413
859161641
850040796
513977283
51147768
728754089
894665819
879392658
583486475
783993296
885156183
636079496
97108627
156063035
993440757
445505312
66945101
504998235
134049048
241850551
507029092
615233511
767555264
927122858
474073485
762924102
53933572
3872457
177149575
435962365
849479815
712171697
647329045
982835376
102467462
393444480
530772458
480388273
991662044
972884368
345973940
305965826
776829373
698954196
201292863
75909599
110110509
786744607
124573846
352819143
883893883
920133484
457751907
929868018
293116945
61822260
807794014
679881972
221666736
205493427
196070435
393206950
19905782
152315348
323147529
641371705
910057558
139825911
32727009
637031927
610645091
746707752
741434097
882016438
64599317
312709400
382850348
896823434
901746434
227841392
963975754
243666231
706998427
753307168
383266576
707024852
445647820
724289347
318037856
195548170
661004251
299168674
276388626
831493301
113320486
527517597
20588639
887436341
865492569
863901566
43374601
270376548
717714330
200147794
230599589
948944951
668971788
162416292
577515443
503644427
21819700
450899559
761353278
740885149
684083361
635201881
248429049
783679212
392643004
233607401
137016300
929638863
350783920
759676644
851903004
799704461
430332452
215378657
597122477
349158339
255879024
877244274
830840447
38229848
4331524
84400183
225963785
225966822
297708296
519412313
748881281
13113431
696796484
211577003
191568752
859731493
933252503
476492669
997823328
272261861
62923922
951201078
453443805
937666139
256545204
690336852
190492605
946994927
68081487
120540574
767181776
438862499
742759619
852852252
434952773
860647277
794318346
461261385
279938181
565712380
182318620
985344533
531877030
262632385
478966878
129954332
854813050
999968197
221858541
771288344
744005583
238104994
642954781
34257330
755531458
807388727
291612373
882338821
28753071
516651861
137055363
514396811
820435386
913654929
605798839
750858757
850052014
768733111
942866143
159528804
157061679
904996583
383988655
833629860
140586164
17237733
349268255
466729942
10275904
132034483
930005688
973817504
393005343
862934465
956288325
913118503
386774851
167560756
449732155
907510456
500799103
684634140
809361023
491366658
942647404
175764670
893296594
104921649
249851316
801529974
541667144
799535875
682365698
848676104
250955977
102646490
339231897
819630423
801058698
733925675
500311810
653113642
276099902
121902670
636029636
566051178
536859463
856119530
734891933
318277797
121270780
443112906
699991898
175112202
209576851
534118972
379103654
161572717
475896489
709578392
594671899
824054492
591865605
631451237
940209937
941638693
287108092
335949981
771441129
199310759
277464307
272793354
639188740
269160438
825596623
669542159
803402065
661310192
20382465
911751457
80452407
481161377
572961344
159879705
893361697
336700589
467150435
912545014
425651509
606288980
521291125
958169252
57148556
140124371
943959328
122018861
750235956
1904985
924328284
158438396
911405838
428857916
526002970
767370210
444834895
723644382
422476166
763039234
230534147
94004678
416511276
955562462
586288758
441510976
697327221
748751543
7018078
101664431
90122686
568794197
640933220
654177394
968631810
596254341
658381000
842316042
863580752
495281240
900530061
30187844
637408606
625518345
514303702
317164929
312954947
502766004
569212504
781956859
592466096
743641798
986016941
753154385
727787515
548104433
182443984
903401131
719603304
83430133
197999536
133906398
993259714
592688237
476589349
986014559
986253213
508933399
738179975
964885114
174801208
225992473
158635769
246886
644582567
686567878
517125184
534624496
697445738
692117345
912556782
451565753
385755332
135165916
406939515
667705322
46950376
397053466
152634386
944904707
627214369
870337522
551755497
416962646
895028213
815964312
35486831
614712071
400626901
749596956
909423067
539484938
737544157
8590695
643767242
281088661
6722892
132114947
769664705
188377452
586271562
422326649
853876912
299097802
952795879
584635627
6438052
358985203
240770973
98520897
546002734
239139141
374446822
7671273
271149536
717202566
714139062
135484784
128285296
953764060
227387040
550469076
170031618
549386618
573489614
41066041
627673944
209691118
755906937
341539406
127561486
364040818
497722000
156302139
420108235
307064454
411672000
602027997
278345616
217789444
12180831
4523134
148302053
542145306
263410284
790431341
403439741
143795618
273882187
518974443
740932377
771406985
317804279
886815031
584355839
597106393
545838391
673679843
83611693
501951686
589156938
950816589
490515572
181336274
541181430
275190275
171804507
751510420
265732734
767025746
376249000
800158257
884672637
18166850
442366640
248493471
404153
296904725
315735677
910870453
545720204
560681928
496150447
822176942
598954113
228927938
708312455
84975361
724017278
141910764
622518874
953262863
640945257
288573275
999257038
45661264
740117092
398961458
554366503
856669208
187562712
825120077
721036066
397225318
339304514
932801601
579222200
648897350
895267737
739314828
700183182
45055944
396602296
624970944
361266924
229831550
63277846
876178406
671424360
786186563
815509323
276714832
436551520
859024934
24768459
456857835
299584369
474154026
797742239
462821018
878446888
467117133
669316834
151150173
350647450
529111198
489523090
384575350
53887868
782750879
661170792
616666872
775454355
488030649
814990848
475920814
216383115
686167265
138964047
411219154
390012050
134606301
783740683
360963461
508132521
33417040
912863685
866601603
336346729
972848454
169358097
875782721
824247325
245452408
210449653
166540207
974311496
920161111
83299770
92708266
360564240
517381389
140085375
515686162
27082430
890886591
147122224
399275339
695369793
657285189
118356347
253524412
137429678
387746111
904291981
275976690
180698677
632613749
584116878
784251596
252779181
880173769
47295465
343144527
285660344
14528678
161821994
155103966
82201753
619400216
258514988
866029224
503724760
474059494
792375447
129544234
637277960
554876179
257659498
113845350
606829754
627534424
140338923
604756747
959521056
762308699
408005338
367138766
552081067
206078087
565667390
797400038
725739705
785008920
998534853
747648306
670911930
361217148
307054203
78885660
470541181
453350381
48058573
241962849
126968138
234771424
246249895
603855778
537772259
837122255
347726680
349879382
576808986
864337406
37508365
828530889
263946100
218168505
141950443
370550143
614717700
321117529
44489773
797219945
470516188
356367655
273549503
867376249
57982553
620853186
934661320
15159430
279588140
455994999
96871713
198979980
973382940
61739118
493406204
815780936
658200522
738534892
17369114
223622162
457228262
936967156
18035929
175877075
121958557
491757510
621748834
295336459
178608289
876512580
781812756
960330267
880124078
352972816
664704520
982424150
49850134
777949578
765444799
127229984
124359286
739031759
430156243
876790401
667099924
63470895
785568354
290222309
403577420
239900676
334838444
525905507
195104386
794429901
350722490
387625651
766442927
674201326
874143018
919328011
296535757
193291667
123200090
673923357
861500379
49662544
664213944
44387461
552216415
605354147
2621727
567884425
571226127
973390350
217814206
152659599
860130837
555391636
494447961
236286171
804566926
469749385
807996121
28238506
100464946
758857236
150293854
344019427
230758986
378502355
610029237
637049400
3090729
369007141
727287022
292869718
514433275
561614999
411196941
869039692
848037058
411465768
715821862
761844423
54272917
251848574
758131546
302302061
183379619
553453386
229679777
995362128
480464827
510675749
860437566
186028300
250941613
581691914
771713974
519004543
600851360
544152524
268905469
405576354
651127754
934970713
745141213
121639169
471021598
614352142
214649674
45776433
179797735
960598803
711970958
259522125
743893461
101733646
915820427
733698912
812096097
518311103
649431572
149613371
451911220
842196197
254200234
685269043
819489701
117112712
108811956
239009549
729601979
473455066
298614934
338903349
137910883
169181071
943046113
756168811
461008675
287109740
474518372
176469219
218354638
936465696
461539914
625175409
527512216
311388205
128543941
490255816
199660314
519511279
649390619
392138767
894163093
649191500
297458123
70032538
620796056
273005375
963121185
329231854
706593577
355670527
207536867
957522682
331151888
292102970
515212249
495792082
257432262
216416540
71400159
390574294
919813369
480872302
269474747
734344241
36703567
969975186
816695024
694239831
689057331
772399111
616648972
579562976
851872819
559018193
196715902
119315074
884314928
398511476
46011497
613781137
281533008
811659389
614236379
274863434
598816752
241195582
885440241
139380410
292513147
34435321
834473504
895234297
48245822
599403622
604391143
584582779
810890239
960072161
564527545
980367506
114301313
5595344
680169563
142845220
12892785
609319330
437553043
426731968
571161057
981474108
218802803
305209888
994912730
216301243
366314992
717194290
723103457
855054356
292274164
412112493
802272421
504194608
873555094
137915664
24648215
741502453
801794583
179004283
19217516
367454124
355099902
407956415
207240546
563605223
707371067
330525869
830449644
471795434
964477965
654501617
952376963
181881421
702054845
531395023
732286304
719602795
65345924
385596994
64563526
614702818
683274342
204428135
327444828
654103055
457006654
696573752
934376918
530127066
747422463
367919015
248068830
208795875
747268684
522497462
744537316
890490670
94708746
677605262
142768574
59140376
324674367
223864091
208473464
964372801
520400954
832561608
697426648
967301804
240214169
553251331
850058048
222025688
289890968
889909953
627842950
97654075
914171334
35906047
237246953
837912789
371248654
509276242
992705316
185563337
810223275
62129174
578931998
350963016
526210740
152152027
774225331
687802204
347366320
57760145
311968309
395294900
324990563
422495468
494381915
622023120
663035890
280634825
665410327
792629953
85643418
329636768
58314480
733208239
963696877
709610047
491898845
198051349
488158590
166538387
883077166
511284012
802497668
112416157
922614635
20028072
781243371
345529522
993990968
151868236
653723905
456141257
351021859
683057588
953685685
917428884
863024115
952662267
232648181
896267026
949504171
731180108
811626267
42033167
607634647
520241191
237030821
188059281
308415204
798989990
272099371
66766769
457049306
274850564
432018090
870145409
264628455
200701519
247589105
13494800
670124472
804966176
88975004
61670987
989224380
179310783
1499318
683354647
732219874
10562623
658742014
822210107
523697529
17744012
964106567
54960225
938768442
622739457
888118007
289137011
904336204
717239465
121608718
574923137
335847055
418266316
416855170
497021884
288768071
594515269
39041413
45261620
419447750
167429361
936017482
679991287
594351305
351747378
188778400
128672546
590306937
745717636
516731718
234697578
235273007
945461556
670227287
803328631
817574178
125176039
138492450
462713737
502714528
121458875
648923244
968473491
618615933
649405062
546056935
65624537
765381432
388474534
596738609
639835972
904065207
371702880
677006233
720273867
977835399
901908717
99038900
136134629
656856835
124383587
418476785
383188169
380122273
412553039
558719977
29517901
708088059
873114668
735274256
38155535
549958299
752123745
999724887
911881365
143773657
172383216
577424951
140697578
387568552
734965002
621023766
800347979
925884615
165919848
436589602
123918425
32663196
503094400
970742112
104779346
126231376
794461209
47881412
449140148
88520295
95799207
256715629
496392819
774120580
733583445
466926040
779831653
436960963
451713
498894145
533870491
617367382
907868557
404292307
153408699
40833020
932000045
106547762
114574360
531012531
989547262
878216251
521883881
171035784
202189953
769052862
476644861
12999163
44936019
312969063
150178903
555860452
618313105
273516377
70066576
344114134
769872897
552283661
141439665
975333095
175907653
646427366
477261414
858196056
161149768
955400415
648133332
215346004
140371703
932084346
575854479
798310468
492507979
115534906
80552240
979806271
966691422
625426580
313895258
377550075
219925576
109959182
797341774
519977285
934344005
43872613
49639514
908863178
47116417
42583594
985651630
567746101
459502339
53727836
53117765
547248167
852914175
876220642
227605284
133791177
114117292
171770063
896916133
176954425
931464752
74507574
482722734
794234941
869483547
655083758
123677598
824308947
733386131
809949201
424345973
213791578
848843447
669873038
42467447
395469983
105942816
408749260
161870740
913804694
392930179
592157762
817232518
644296627
439717252
535950361
396555138
614567423
765188165
454442616
500843118
124821330
732200888
674531414
144588562
169517863
632929688
127997761
823367194
651543365
522868360
907377894
14912123
229158206
745872815
980796881
595367414
904021722
4330251
37086578
679060928
67471254
409267137
934199257
215551220
937836565
593356342
478397961
693379104
887059450
288139663
135115781
201337253
624200398
52986319
674908608
198128179
248978023
849604299
338483673
319108764
806026773
601545321
647374700
823881993
330774266
776731483
638022058
427735052
276139520
852635625
407381739
477682752
237443678
546582050
491116014
223164878
981923548
362108735
479500568
787876764
342288747
149239987
17604461
964227446
418896279
120426803
508444175
458438335
770557924
398050359
120010708
164154852
284783855
69105155
329399774
181600334
13028769
486692960
654488253
885291911
656995895
855045308
233486559
49642857
974398141
32653106
133036704
388145935
341165171
284854102
190409504
994399161
965128878
436256926
410078579
294498609
499221786
104074440
124258535
357909160
220596772
314827704
511513204
226647942
182207527
648183712
737601244
760207362
805431817
51492762
672691576
103180878
467903555
86736253
731440715
915287112
707682462
230441300
233802012
163469560
104035235
574989700
173797501
887682897
857784470
818351524
93949604
326309961
438308209
475908378
934644209
544909490
323002515
500187655
203919917
390282649
787607492
900764327
295321736
25808928
274345663
804702751
851554349
956260501
453706679
534071087
710182191
196457791
125649565
966983124
89776657
213506991
380738039
281985219
563162987
347492987
66421963
959706672
896095186
764555892
772122217
943213701
23615756
20819106
393169967
414531225
499640255
638561568
812691931
311388453
873714178
402678136
659512245
463297211
826522421
694139682
816504162
494799828
673425393
446003546
418576467
360572566
972818019
20265530
603424587
642412964
807122713
810145141
553924686
319890435
572731439
54252782
892468607
170653091
298634857
57736399
339777011
557925165
806995020
650861512
537116475
557835607
37761889
575100238
533335059
494674646
51563760
270144632
66848778
376280518
762516967
654561373
125731422
981920559
271977913
972891235
435485759
184751805
407251131
137215769
553358774
696428247
884819179
373322880
942802048
442892041
244689784
690687639
785601810
12874753
424026159
722266574
920105368
134029739
269001208
816672294
635246270
598744693
891567323
186286376
777639324
544284966
233651811
660539869
268654918
26020665
637242990
111001376
254027192
352932042
98987892
784751424
320655191
202829180
853917493
617658720
710764497
454844291
755239829
757593583
729384671
443110565
958656344
275321178
363512886
46745211
255947678
116600319
563934728
81242134
30844319
386402039
974937215
697965916
258927970
506802885
851391920
589495043
415989799
661363032
519167720
209419368
618515250
476911415
829304386
122746624
899467843
762269232
249155138
185501759
2337412
451027370
563343353
348003035
501702775
433014826
382590605
433868487
181681463
119508914
890231905
606355099
555482906
231466786
579030715
183942092
961298654
84158678
229813025
290007407
990103443
265421241
173912000
950471197
260359232
376917968
748437750
617539568
763483789
942051427
948039652
788319280
480680728
506485285
256735157
229862890
418363175
180176931
535918344
920651323
909850789
367289666
524681865
273515976
436978557
832897655
567609485
205897043
995145794
336508742
204225115
377133155
315548832
719966196
164587170
857423839
39587087
206548179
769035968
959577360
287239052
523764902
569767234
421298143
857911413
460014023
516812251
632316961
128029224
517087172
239481470
81331232
178684963
834402877
305050431
318623745
446809441
806326928
146414134
174066509
427465584
204960334
722375331
935253219
798418109
755583915
270133787
142885933
398451296
37942659
749324216
574065885
416338731
848075967
578621652
367647512
424271747
486823423
43300059
8693769
96095488
206136282
208785044
936450635
638668836
170195066
582981936
937293572
910516663
264061876
466904672
991581266
581990359
171784434
237628954
63525420
949400301
757803878
27796756
217350562
526810164
74978837
445832065
160149839
204839760
293887467
728076415
255442881
377930426
82811249
469877449
251993756
107058873
858579048
943530182
241263787
551681689
130674535
2115072
390988042
457851968
135127536
281069755
567629352
381699486
797647549
745646039
848046316
917832090
306687827
874462929
105159407
252827190
315286382
224561075
79187875
852839806
797220959
491519776
190350314
12032009
727583173
912018760
300444507
532571959
18058169
545558396
166587206
429366137
626658995
925456239
351475221
192557963
293534468
63750463
992443546
114741958
948196469
376468861
510404103
340885068
488423883
25240186
681873403
579761269
378379506
475072175
150044870
473121672
756444746
555597493
849931143
188916916
177771513
493035477
700693281
459208307
257782036
166423656
562200324
81539634
480977865
987949042
159640631
520573956
80889290
747641559
105685456
691977371
49531323
314726803
719480348
986470966
921836832
768430649
570147616
621129064
717366290
266715547
324072039
75412798
985705958
639066553
587274339
818612816
921414390
480667874
640639357
629072618
816794995
562196072
947655068
100010433
855850412
80847005
529057887
417126249
953639797
66972830
202427476
351166799
206372590
318161936
211154711
230645138
951967085
645814799
315483976
363821773
869940548
988398923
328519915
706577491
748988659
183145150
760313003
579932073
372336625
403536346
115974641
753643983
629656345
45510324
672780899
72643254
545730020
619052832
547269907
713053132
773744173
505992498
931418387
171116965
268822198
703317882
162601764
827947239
640372625
153382358
572522136
230816022
360759137
920274648
497036994
337293961
452304422
908447794
573673448
789106843
754078420
1631299
639351813
188395031
760815674
828171647
727586328
388888320
993578107
202601621
36044347
158354201
722822798
460786264
258449400
448247906
946018259
422657007
733631082
270472527
915351339
420361265
876777781
137018819
289570264
390414905
163779081
56183023
444112724
190092320
156442874
610448393
681167217
748057504
78790889
498130009
850625558
905996400
203473199
847406171
450452723
925069000
858561403
317045360
944701837
983834920
914134391
104367661
444824277
65299004
429294139
669246256
746442047
933486749
596096174
925229000
111187200
895743160
574033042
528405962
533120780
343941903
265875562
690030680
48823816
900893999
161498200
547932285
91600872
895631987
630182074
907408403
852000496
683175724
463653146
648380784
95535874
77649930
521352210
214720153
709907031
169795841
278939405
570652270
105629289
632176044
975610953
710342051
581612122
152268912
57713842
811757380
322684945
676614282
814612913
18674800
871039153
117225670
269588610
431712290
510377016
177818536
194960794
987548442
59166356
751338386
344836259
956519425
155187839
960516959
729043157
858437795
521801743
141946485
78465318
220431729
972946974
630565290
977402900
612743804
373385098
607625058
392031114
82367443
394296895
817077950
830338340
571650406
443035976
87534283
314993396
68316302
733475477
957957715
344804166
30672386
569302346
110943570
729400878
106904559
145252179
558878490
280345618
603549279
865086662
432103175
456904088
993007302
648029453
370304015
353180225
854389119
387304135
198358914
991760252
425291421
697217912
264374345
557063245
731924191
366914018
80331347
200785767
2866219
88036684
666017974
871555259
278829097
822605699
136878680
616462411
970708276
731497582
634483639
403698099
977394958
257719674
733038149
147359745
219534069
98049370
798579674
94072161
538895615
660715052
908648607
604547134
392707199
141922804
142545175
839608713
601736967
195852622
563881490
486229243
770006044
295368340
56351330
830673815
384706031
74136281
711100266
927369371
822605558
356854171
423976104
795467415
381621586
519872530
486295271
741605453
737902211
719637759
632307571
453695324
568687172
111952587
90895747
371807593
790396006
371941699
237095707
940982178
966073733
654152305
755657559
325489799
890677825
668132777
949341730
252460637
824787351
237803354
928359537
154760464
90698032
797517492
915843341
295508236
319541042
707030591
462906305
685586535
119634491
895877158
474007343
902190624
987500991
237425829
57985891
270341466
831276743
708125808
635250156
539196250
829794509
891689969
552306485
636228465
228431146
315090701
942960169
196886713
314556319
786463142
237672830
468278920
135313898
788527567
533153712
395291136
144960616
691769300
823718272
522374585
197193882
508210554
30186307
19895520
163879595
602653195
229644408
955616410
398170902
208399316
599934455
393998300
314841836
900534716
191907958
650196613
576958156
654230113
581929240
365665149
378967107
492972066
798447033
419746190
651890856
529411340
186667476
621301910
520325258
155911918
991888851
642381332
208348867
964251550
214198286
939661661
478155556
602334601
9617966
522310783
385062717
257215409
573968440
229292233
467689039
389894792
619823553
634779742
880854375
93926954
187110108
894912253
697671326
721976024
643927409
280404988
459542316
370878022
15407930
7320012
301712882
523651860
144868931
134918984
17392367
295855848
621576067
513236307
488720289
640152926
361893001
434782343
342529426
475819586
532304720
963751614
179669369
51541861
351176662
740444148
420556839
800595600
635016176
644938988
582961215
853127080
687816924
614680522
558513384
327868699
66188394
129480578
507642935
367541275
216728276
290582300
834451725
763354556
627093288
816530356
480152424
520685237
397893970
79680417
969510263
511189604
396474469
719140061
309660042
190543094
692639470
397850434
302021720
652102157
469505392
142894310
511797245
238634544
238368442
403799825
638136292
693508336
719343591
938981486
281053849
809144397
426499663
442227339
815354096
705333738
226634304
144418677
786273559
191551450
389926317
22770077
166333675
479430134
300212670
783491867
318102893
217121441
572888295
303204275
403916127
624368192
775513920
274333064
768638925
898152269
663488765
618960434
725454685
784651477
310220580
43682082
416478393
396607332
544146279
806531510
398043691
302623061
801449493
574002200
5367794
480216193
208481915
607137238
711344307
787986290
555470276
571825464
1974238
853207354
34895549
677022632
338313765
771806301
451829748
620946615
896030632
482777120
685402253
64302888
653302440
720202616
683336718
586892930
109067444
623352642
401735883
573425711
16659850
773256009
951812007
221245206
624873475
288161591
59319008
851287759
103656890
959106686
996753201
771872049
149977151
950550159
95668115
949197701
381866586
599694692
935850052
50291093
45999254
552644025
608856600
693103684
109530476
777438684
910592926
20085257
253395654
985268016
463775249
638622398
227596682
364291369
703452478
667037124
302172024
519743393
514626511
817391409
329135483
536946019
51835982
791379244
646577607
963058277
201603783
133644599
901237208
86898099
757966132
736612749
384812570
236938053
514178333
911062001
868332860
293037590
201941515
814266158
241573681
182464795
205672106
20062421
212258957
67658807
843436583
170833522
84811935
97587104
749569899
494411420
342580764
82560320
62722507
629009992
350001134
967094647
93742402
25709805
598035259
621037974
771016454
506744678
709300797
468888655
501991202
546317226
521957648
769493338
743257683
115282532
988181037
329863556
379341563
200544645
346888267
63798312
193859633
378424482
633404990
851017187
410061258
931417622
300340804
91769319
333436563
426363525
443849386
196720053
966215951
560297344
56698893
668967463
97126528
771548817
353711089
372283106
990317723
884882713
713526086
739509824
677127146
92562025
551018734
454611937
830209561
587358612
285122776
522762759
123470329
157384454
48486305
371965217
272659283
418846038
726752395
92933308
28286708
44538492
549971332
123675593
637841431
363511777
465991319
526039526
432135078
428851946
384625507
6315325
654139833
28532827
918371354
415574610
380906601
861039250
362167290
879477178
241000245
720042368
170336252
814748151
182033628
451175969
79922188
230927323
139791676
920248392
108951098
221465505
857636841
589671548
564041483
414747686
552929994
684113542
121639677
303961613
378975864
224083493
901548303
194951538
582765818
53553943
813821633
778383101
661140947
561883208
3647790
421708474
411861561
748004483
552925185
609810234
617687515
992104361
898759722
313683409
440265873
67074759
439889386
630536194
970745335
315587976
206282074
254633168
670944085
565158001
624306300
4941829
648432043
896161125
822172263
879923216
389801232
547222826
586603175
377161595
666577323
776234113
726152061
117177289
152004918
951048680
76466816
151992210
674715376
455467824
353174346
185687283
862457286
407273112
560276741
807794147
472516270
190475842
699254933
204276725
200988445
672601577
635124418
285071881
482341731
873138142
64228693
2460524
12823331
223679135
923312715
804628766
812601944
86708402
190090744
818454690
681143985
56377092
420480581
552901546
496320358
483995326
688925635
548709486
168559310
962428552
777036047
778931839
18306994
546484536
267222072
168023931
303722732
610400604
533154357
914852581
591618489
505570115
98424094
764792439
500292785
640699844
290680884
451666843
870700344
457991056
386835832
49138224
440885212
411291501
634098541
953466155
728172372
163134789
646494002
725533568
692274933
383357466
251547086
435234774
612717000
6930892
753003730
220388418
357517773
105094786
399819588
218817575
696839687
113811901
116016967
218731758
578875314
792687692
294254758
509162107
167850398
212809565
630665240
693373180
384942984
713277644
364150019
554313418
516193878
392514296
543516044
166639953
483900625
664708140
562726347
533457555
778863215
862831362
245501937
212891022
83199536
737657284
513569218
526216710
994038287
239020768
564709052
701480468
417361779
352485296
256877641
258088684
642466635
896746332
107201308
472195221
903899542
651509865
819669574
205398662
387030203
272749948
237843671
267724770
970784546
36538960
320324522
442773169
390184410
141825585
914620347
542005705
810575525
821212566
453038598
815476314
912639889
264984526
853063055
716186361
543684711
309301855
582840446
35539685
530914660
454213193
421431194
744013971
471116246
458091272
221857187
456633389
145892119
472983900
258336927
689884413
340746797
795732376
202568332
431898779
175956676
304108749
70993284
191860688
945127807
547460861
738188319
683153104
803477004
162040733
148699212
316765572
648428567
442486775
896272736
34315702
912300411
36481108
260907527
875241380
240357892
724755458
977368865
152365822
488368115
784847994
361381175
872247355
818076513
37484403
678268510
612274372
554083356
633208522
650515693
496655296
887776678
293225005
974228448
482122868
941413346
347204677
166277132
443227187
328996322
492592089
98475717
736002664
630848409
83689955
822119483
510502732
849142745
277119195
205554339
566657066
635466946
17344254
540882802
498945570
673199834
551583847
754688196
402787712
309771803
384071319
376971591
558893685
992630665
116901320
523446106
78198788
684569404
103928858
516185818
798599071
518111872
747748196
818289352
96518616
410153905
297071701
614596898
862172340
536941369
629219139
683067196
363790022
714060579
194497168
16598543
314712393
273459682
915955497
731750033
3214499
425958594
149965811
380620220
793634447
755092912
147906892
612726311
912916023
188465248
88512015
245506832
553470846
329489688
442742334
44984826
134546196
944490088
684556771
412368141
676580892
503842487
257113587
17789186
271682764
952891269
825523904
898249020
806090676
69097785
864280649
369396816
573077517
154802714
550287307
481478089
856279123
946972836
831717464
29820736
236916988
663730526
919487235
710558425
817994289
489145272
989855631
419282624
837980022
575515647
440710731
839235816
996919036
960574313
17652825
45333403
63214491
620035716
586544400
82588762
959871463
117705427
353999173
667526717
988812750
183679618
279548939
246184735
144964226
957120498
992064922
443259914
869210371
555028038
801359191
936352996
168827262
26349505
842037227
315432054
600668766
88112262
796298268
340270290
93234346
837423636
384161676
161658234
152082114
148173924
291425425
392654911
610687269
226449589
741741434
597448484
522315882
893555497
304571753
125571773
95636831
464159759
238055812
806835074
362794689
206448517
984168373
704532842
925684007
949249725
522081812
629640901
687246
870688877
173591877
296662937
45438354
437960463
963995421
799731325
351095596
917257134
54574421
132488201
578626227
462818362
561414964
79234235
996368539
835543759
146392291
277604997
573222429
637775222
601587480
632194029
74736639
406677310
97342920
767959224
525860448
970660830
35500022
189993745
114108516
8550985
586004567
541179633
277872285
668489551
891539737
578492806
105476583
681623355
407692094
221865688
638195825
169011169
821508485
35032158
695090096
148109986
557478003
419524063
922467060
716216893
304425352
481231169
208193226
111881839
107220234
851883359
983762340
212667541
53493264
362763767
914138149
379412355
558156679
134743293
72546119
256757371
999367269
745450817
802698516
872368872
818581683
409160244
319006894
138787621
71378379
644591105
150550561
338320792
724761993
767796340
133182684
174086188
479315159
130054576
990261822
944565909
169376704
569880526
336592523
722229095
153216943
465107047
571729716
698068521
293456383
458641839
187973886
445877205
444478804
736831132
452785380
88710714
397069157
308287337
678585558
402329815
96236495
456852246
588669924
327661123
126074749
468998927
472332414
604947914
138050192
486406145
705457163
245164530
308317816
461115845
656380777
882224326
319825499
677024645
473848989
699876941
548309856
425489784
130665542
894768440
206662006
279531406
668220288
908684088
488015024
863968193
6529400
384375838
351310633
971370290
251390870
815288617
379386298
613258100
533592808
98513185
504978396
928778154
172481680
348852658
207357032
622722100
624405873
797878045
145549612
424427405
757690573
115983244
162687601
994321227
62296917
440591849
983163588
925440819
284892454
340274853
840171637
394639686
848615093
141984397
46739868
268541908
950194415
247433262
204615228
821668558
987659923
972518391
524041085
428202186
346702925
901922641
311040749
45747505
41528365
748444045
621224052
643740286
930765365
544354705
808442445
675579726
907361536
368934747
982914256
989924925
138728700
451655864
612397347
760492552
644929873
253588491
219127871
776024722
161844078
264440069
790584462
98466103
302261613
8046276
253920194
75955947
445391801
643683779
983612600
59207332
280216570
249102587
429796355
291154885
88229745
657324223
822671803
608813576
666231822
498302871
705958850
90147759
809766170
542331725
88985749
249051564
707462336
63120764
697592542
801004597
59190565
561742626
172417127
710776368
88757889
225631186
895736166
121494687
980581425
620135158
123023471
48130291
932381163
649733784
351161978
555068509
965400960
373182514
801335354
945517291
101640942
449101644
371152428
723689973
115016613
486987858
95523021
930255925
278910938
462093136
75559509
181793247
857143540
585685387
349371982
924254384
510885948
305930363
157856033
192350150
491690946
407784709
172205996
184300756
166276504
820737294
46525906
987962381
266657927
293631755
809334164
341299471
420520680
740277396
524113778
577257486
836629360
881550333
399816225
686150659
795521464
967102416
518095366
244676918
618237159
297560583
702700989
666506235
974656798
583124745
207308193
107606229
626680127
543585717
366818290
177786274
198543993
723051699
319992992
367196691
703425793
326568471
780971893
442912352
734084878
318620362
209679333
659514466
225650207
177145891
920553909
420919951
322665387
21785359
50252704
959590172
556536917
932640434
168971942
296515211
298293596
603485009
945722977
101695273
494525678
140100734
859937510
654768187
257004622
588242403
60320923
202266895
14584773
536461735
892075741
120365209
884949613
230248547
321553351
89803084
998814683
599622605
780713356
731541573
684220633
684764646
901346649
319612319
909116141
455929540
85152809
883781283
392840374
63218429
453238352
9489696
520419247
599407111
890563831
953369115
861905829
451256974
2497774
256164918
168937931
405414002
878039250
125488133
580348396
823682922
624960946
219668952
724873571
362454959
955305155
43147213
516748267
801141517
509792766
827267030
962970809
512824845
874342936
493787718
994635531
543811625
256382705
270321838
319177831
440530985
866838889
209618937
245130807
482941374
510855539
667842506
243895575
936029622
275675693
256587333
46018349
644835449
174558372
323732239
56628559
856363926
49080604
833638687
396507443
747171167
477008021
958585811
585027157
657029671
147524829
379849483
180455875
403431604
189172230
935432353
419848123
956647352
238959552
718781120
789736607
309892960
105817810
98266617
9091689
967805195
185740283
65770605
385959438
480635613
493986910
336761250
751789361
177608060
589683361
145582012
502963244
148531259
390132312
592891086
106780316
357593302
557467426
802274837
747494367
246915787
356748049
633138904
672906260
117580151
768079225
63551414
361454897
774055803
693366763
404615079
203359301
91756514
703367374
737812828
547477528
170374000
749914334
386595514
841208560
913045453
475018934
79341364
25258596
699460537
859553923
794897685
966723496
732051926
349217701
56954445
184219028
51549447
37412097
187499898
89913315
894251419
102805879
40619242
652485955
400322741
706818783
717567258
236597264
180056519
975566117
670111607
457369313
717595563
711891271
939317767
247959121
138193974
600606084
529954125
725864426
971044092
308199291
461105181
619216067
405033770
184949839
716678906
769024893
783100100
819336326
984748677
486208507
116327507
859076833
375968508
289755526
870028197
271726113
978614281
596041486
487411299
956007090
877243327
687883455
402145260
35964517
29164142
72964533
994891218
985324135
574132132
894442586
25890031
23110820
907605018
835212284
752565125
535872909
652815991
341518799
133999581
51844085
402519447
262699146
765323333
376090200
741260210
501392512
404091601
968392971
602593961
6037955
36847105
485593370
995630931
398976506
166909893
261101692
21929482
809032215
854731496
316900570
361315855
580348361
422501122
667091173
539344744
593693337
718928364
868786914
589097281
866504775
389930264
110731590
183178688
56660962
726114954
523861673
809093895
592650631
128225460
213084123
294930666
10821723
366608211
955919673
173783488
873340380
688902788
726797656
942437902
514261377
457854608
335693605
994293329
617718173
288497189
345391166
858703162
615002276
917655888
336716571
167034612
566920746
890903753
969000900
811990187
311808604
29986681
241870798
804836279
156705818
251015394
658811217
831858354
365353619
579875341
753062340
415007448
318931754
994015049
149244021
619437828
5466447
926432175
903371695
328825357
307253620
266492236
306128098
366019618
234677057
199097747
658241524
780228557
780186816
792745222
268083445
416004948
817921449
977727018
258483922
894736271
122558110
75171668
912864995
455254203
555456629
252099939
492867890
523929539
312181875
47667811
454383520
172482657
315100564
744092253
880652052
953669180
780622657
593414750
338580280
578817570
394086609
42702009
689237617
249790782
425310787
53639801
912878262
577744868
723445301
819651691
67101290
947963032
371197877
605016597
698701613
580282569
587253990
897516654
332852567
670124873
260755015
591398095
117492251
143379406
164333845
823443776
893419629
198198086
268149070
757539244
295386983
21649966
620694519
874409493
838815550
178443420
236296245
492590971
663850994
678280855
433937359
851032952
7733956
791239444
60485552
623196365
795701948
991739758
688536986
101023033
326097046
380493742
249346181
71022590
944398814
887744430
807335891
541068027
420364916
874342081
265547572
29046842
329425331
64587594
582347593
496459988
413062128
120180092
468377607
327088426
849711740
452166948
475742732
549309041
156631885
143487026
915013220
322958182
401694353
604600205
670060356
198082863
33704145
595123474
481518752
251716733
764052551
206853743
239499353
316723963
480663495
592918249
833314796
437016189
434621560
710885357
683609231
699365945
796810696
962208385
785637165
445747385
275390976
592363682
755977706
127635959
92287133
380917654
566509774
622617173
196651443
208659752
797227843
468627503
476032777
35236438
708503163
343958056
367155783
916443601
561591219
731512299
315229774
65547262
40944694
76616216
540500735
907283583
553858769
804624296
999337488
697708439
468594471
841157690
846407395
313325857
450106455
249323406
567747407
674591354
57718110
884191993
230123472
271343475
865570416
613980810
54667295
138974570
475311365
887193024
965879827
181679302
822625142
795951864
83289915
735322080
46729266
113967388
125219377
133042636
482089112
1788683
477236083
201331954
825046304
332233761
573917371
7269208
304974420
277075475
963617395
786027129
425973385
971677402
983571563
709663431
839039669
701980446
352795731
704533119
452732739
194574500
588220788
916247287
178494788
747166845
821322595
876687940
191858670
68922193
141319706
376306843
459491795
907533263
821704887
163212375
230758575
620323682
371525802
555951010
724624493
836987752
283381630
679087692
290963973
547640104
282584844
948335581
193364702
874896101
224414301
889530750
770146324
892892682
447100143
289468302
356797702
596165924
896910528
759607423
338698653
332259350
357799472
784723736
134569006
287354842
256811056
504805478
39227816
77094210
921006225
609667014
199390212
622161238
535274191
854881790
136340463
133978310
630596206
213151284
293891839
281614956
936677183
747085421
486468827
637821181
955465126
605582463
479477027
77051338
919240943
522974280
747912309
986318929
566198494
509964454
953743752
513455610
346803309
242305897
942399039
906071318
236449266
338624394
259016419
614621674
584061856
244372177
436806087
325628338
598415874
246549180
927653061
367974125
951585268
670354565
493132010
726130505
610563909
219359858
777691878
785315992
564748287
991101349
367886128
386795238
822047230
212743311
832176159
889038193
330170520
384499968
23675573
532761911
195695361
891662541
220721154
824685595
77999742
970328764
544262012
744730566
163582892
272727082
365171426
118149457
779113973
612099125
958829915
797413222
677307596
408816423
386445136
452944528
656117688
753842087
214417837
61398406
994125049
278253122
163961663
718276636
986004746
120366644
951792482
372468285
753970690
304684681
798203689
226722181
492584425
238943348
630408251
796459460
34895982
481463002
121413306
852725923
760456723
981864947
91263758
822767301
789553223
938079536
545783509
978330145
656379810
615278563
884109266
496894178
821607312
450851057
488668325
282323399
83156129
22595313
303782269
439627301
169300220
518042953
711965803
48854580
299059954
907466842
917502923
26937042
129533216
442726222
799592581
96664943
493513475
306792244
236318294
34118446
163767810
682058282
507341650
993578434
917534440
225251384
857378132
953601288
76083974
799673845
949188237
736727252
64573254
798994815
412244407
177372947
435578937
512934892
839440803
482716007
761751288
828743208
163898070
586171618
495584706
422331030
513199362
939360107
67122895
666604161
737872447
745584552
370526372
785932644
452656241
537824427
304692459
440143249
584641912
318094251
56500746
730847505
880797462
776910985
138519854
585387675
914861513
336790802
348995651
503743058
574643733
528944066
139235428
60072069
470881611
703014187
776684079
327540731
307690425
104641999
250410411
143436671
526909495
187196462
30260102
723362770
994666480
848146736
599003534
924370433
547209945
622922158
370756817
419866115
739594667
429987079
486986356
620817730
263108962
706432512
419898949
162946141
16097629
674098320
605366238
855937932
783509880
573164996
313949169
491415905
184013463
352299883
707675251
566194278
661920510
446573887
724438998
229101230
297894448
472017761
293905114
350611857
74269216
864972904
179935120
886243390
750168973
119307012
395043617
528191006
453580794
94758712
511810687
774790284
493097094
192449535
375149172
619235647
147801744
26913597
333633079
765236267
65981110
927090834
931292658
666016444
807274637
256177525
418175617
386668612
148874249
602557473
830590537
894974675
857347085
251180846
636564340
566726470
989514139
205153925
300832047
464813399
452757212
467645223
30214151
923488447
894047436
654556927
746209033
500900497
942511620
38277632
9162076
361275941
432068663
635847729
732891986
529594069
540181760
407728542
957096188
236017257
49811811
923247906
243802581
51164839
308679796
20844031
773299967
347539857
512165206
588851388
180959864
632213978
746081726
324077082
532163793
969595946
787384073
587981725
841733000
840651987
422392767
752366455
175182696
152536099
342309026
436719022
140441039
373861987
367167479
637806723
254380854
937377280
298670086
85546716
626659985
493861535
678753489
771447349
564350360
990618714
862329053
185227797
208308387
923399254
103095590
432927886
434841433
922265598
846172062
176039573
825172469
734732075
319314586
154343299
720369027
630611766
519761868
484771241
353034057
67606189
707328683
959513164
817806571
685103742
861530174
238660666
701905172
6104039
659524768
736310816
225651687
608058017
388182360
215711696
684785368
461978809
249647695
655549720
709314381
927029833
855864270
59900848
739846033
456009998
811347904
701100269
142600986
913229749
376065276
526734461
447250820
911795235
992382855
811967406
348243995
429566305
586428007
807594802
565352286
223806554
621746977
483939988
251936459
526674656
267161163
633954842
36326236
185683156
187067646
343921634
219942420
81610637
272527849
132180417
364772687
980691658
354878482
450225402
19051335
971003880
626440138
186849769
933031190
420101888
602685258
588515909
917618717
171334322
987593658
856231247
885852233
663640695
511152210
965609687
860791899
328929658
135886887
859131626
628159325
753097012
937813879
609930058
253592230
510966496
905835998
355916120
909701025
798244866
709288488
516122
483176731
816393929
656038130
411362535
759115768
63271511
54813290
75833784
545575715
562807365
388128691
212282220
854076847
445846869
155125773
858622899
928311794
255329903
299246538
62076677
565367288
688270146
878162704
842717214
761978946
151648522
567137913
475098847
282721355
478206036
243185768
123085698
34735664
531216678
86814607
545026184
508797065
600518339
815258051
688834508
413572796
260250730
451773545
564525758
528734760
492538627
82753257
559642914
663024319
554731321
206059183
992678713
929073020
665594604
354123690
78033081
175162436
135074987
612746038
174464943
722397881
988541726
7191773
228460149
258685362
370437082
378682383
475252340
207862079
166479495
561260249
658213340
780687472
847174073
40230544
607006677
147924693
641218263
921827815
295769247
222529668
738125397
232691244
468794375
675126289
701657403
798318421
951561026
85330493
663630501
924710477
629640627
494822935
18580319
657483253
462361297
884406955
489175900
566065333
734679323
858991646
717686279
22245231
682947385
225768180
543166005
573084924
93664743
276949003
370767173
672390421
475108236
957176578
651111919
378439620
922661838
290246846
403705455
712982991
191060202
34798403
907356685
574644644
237906704
464338878
149577200
981078250
501179059
568493981
820470146
659346876
266715512
176292050
386814620
250631823
353297979
917485057
462719733
574916757
367376883
268157189
981448990
851738572
119511595
497011039
199424791
301054485
336487327
431395613
379925296
730705705
985387417
966785923
695263601
727535752
803590452
153140124
723230759
849055949
348728177
809787112
256337369
748575744
839722728
747734447
900919496
661102632
181738549
628656656
503841600
622187156
51591215
78945198
699513132
324903352
333815451
79461627
762023878
343712497
330260891
629101944
194732983
736976238
952431529
506935431
584442314
257281008
850430728
113307680
30003539
351059678
861230633
854724122
498665752
32510437
119803635
428836511
669363012
711034606
170740723
211930517
411067507
66473301
761953177
506298563
287579332
182720506
624220472
839245357
443329491
430160691
986036103
202710697
291136890
162534884
125166556
84854083
27545398
946643467
205555167
686212961
492907466
202458100
260969239
671123201
938798114
370496737
931287924
355549601
581898095
206607170
223523671
830277532
327455948
155561124
160964542
602272535
297646247
873947447
239288558
14459471
601932908
845761427
727040422
338529043
938923654
318567968
342073751
77074795
613917141
857191850
629658882
595914039
816401870
157603770
416801446
586152152
588059181
868650928
812467306
942075173
759751636
445905324
18858971
167709700
570309269
240924091
305909639
255503088
740428554
133005914
86281639
121014015
849543457
658978952
211383963
65821453
636761894
237200166
933768008
814582384
581721459
90433228
268342581
419051952
659063234
332489562
425898288
22422647
849180998
980407851
547802668
804158433
614434637
775568942
95704072
339901073
192198898
257547597
671985037
588351698
525025136
568816920
357692398
75673089
745145447
142746558
348456061
64277157
396755802
976088038
651731120
126670411
439956564
350149125
792802444
773873662
132397599
461784346
597683336
745338651
602280807
994806495
586526112
950739075
531868378
725441201
247986580
590124217
208847524
959477958
549755697
944815635
656531072
510796542
726777660
177443856
176179220
818222099
192440056
809090444
962359804
333987093
681167894
778918924
242407560
997927588
281696112
622202902
992633017
731455476
340510765
134962362
2945550
452579426
197640032
71753889
790423960
915946850
77588813
200798712
884127182
663757691
285434007
688941361
922953370
108915468
847703938
331470091
556238142
213894976
621793510
923298112
805307849
23461719
28189478
947515240
233895779
373636522
998910854
220743066
860463071
452852988
66603995
41502727
69426581
283023965
801279523
361737224
451514070
315381980
544754732
464733576
108847907
399228022
589675012
571271951
660906898
655901481
804071395
202562128
590299516
301779884
8564839
448224468
450323233
726281916
327048833
70841766
272205
978933994
179290829
355185985
968937367
177602331
420038461
258921947
447700334
384979290
238153185
98314794
902438491
529962292
96137090
945208708
863499729
532570649
25083230
554627523
888967545
790168437
949130020
218398
73737144
37148104
14708629
326598464
765504232
821740338
41043749
684512621
104064445
424277148
403534728
583441521
870433674
889954585
278956509
517390719
247856019
322954563
173599519
688512289
608138330
134603518
911608324
387160388
818545604
759497579
402378114
573593464
577954829
478924189
955535255
849800493
320645739
125200493
115200059
198046284
511996629
183872216
916210336
748634913
741687360
566918798
657952452
436779529
838053232
198500285
484576803
882471017
35472228
425896396
464734092
577543941
329690735
927369450
80762599
48795447
221996478
896583098
961588440
306068983
780243890
553005803
622249187
915118413
113489994
537034464
321397889
602778951
38657337
60178454
15925473
36568617
125851700
837366374
102758388
93665880
270187189
354435402
79481238
207379949
883413121
746004674
534681368
907274259
678003986
675691316
631176922
269054086
247366828
407653529
20702933
799978672
32913284
964771230
679107736
269898894
561606347
848055043
928651011
380191819
863622704
677463598
175912701
303514963
273681608
925497738
14709948
659134730
733329684
285052986
182414217
903754724
678782793
771557604
55521141
326757340
212740958
568295653
464295475
691340531
106709152
131143526
994952922
935498336
469926750
445361402
639874831
702101393
928787165
797672381
999835747
30681142
288661311
517693365
77092601
84878326
779366216
183518207
907202562
466475911
372148874
489533330
520638673
928645685
706229686
838745267
180294756
444606765
297083346
20783807
125338357
513143915
844903737
665643237
576712631
448336825
364724672
425074634
305063483
609250914
257115474
914909503
724812108
582233524
532855706
474206944
933271446
913965852
251291927
992191952
412099384
417274201
356058594
475646725
712838055
59232472
947472179
498348172
696327659
409388562
339460256
924160983
666113905
976711317
999791337
902793408
940850599
302641348
793720902
222370596
132300973
87602352
292775296
961831611
753467864
111100254
488917555
424765226
941555547
527038058
533378071
168643323
972500195
616341263
175365408
890616727
630319245
457574941
820023562
212739043
477925812
720648622
312994562
98374135
330293015
222653416
189097025
411880701
371218018
545333893
805934572
917066326
6012996
295898713
441455088
581939756
976747721
3580176
6307007
981287598
789618930
958425024
406564316
925055250
914430388
654521144
436567522
394698359
613726376
726805221
27634737
74980840
635739941
353100554
545316560
967830002
937946960
237545514
808160970
591647118
579948389
937898771
937412873
255818294
730220841
552544603
115986978
511775433
393332199
75291310
415481603
38779312
536858663
733345890
884944065
419317568
857081187
727037168
156386717
617819476
233934970
627139117
824942800
722568647
172468319
437961977
662492117
844265403
201104593
888013888
647220291
695918185
858008291
723166129
519836755
611507784
688916084
313023707
906080124
925722358
372514904
734180948
863176836
397501701
193518450
179280880
935577546
413751365
255005519
947339256
901201320
106638425
662830961
829998021
567628444
107209997
492789154
435528894
22850836
932399392
955190539
984139820
463359823
457749798
560869218
526130324
728305929
965144282
702680419
837030315
407190046
271246369
839932412
794871972
80250908
166655848
136199144
322628326
854647944
725869737
547495810
752876734
742200629
211431320
437135433
731349398
240205136
509356155
471306548
20883734
172922098
688427181
868859806
925255121
335210612
786510918
322797518
792894785
592843607
360714462
603371519
271765417
603182474
869237355
960133433
896578676
866047502
673662852
390145490
318933370
436149603
591694771
63395412
243792331
738924789
798596500
76639588
626769017
951348495
674409242
635487644
745590989
894074346
926792387
728180817
998016125
593141185
475834858
556669258
543953816
753937980
977899574
717902391
689883092
117859718
139884185
865831530
763913565
244715123
239838031
296344774
428980598
384327635
133150438
110926419
692058414
961850258
249936749
908487553
487268047
52197249
788713621
169416191
720724967
826726917
358881335
151761286
594850935
725581908
605902990
257025422
374046926
68949360
765086227
346401812
255627328
859570453
155463195
112573348
194981547
312582574
34386303
355860250
590331862
279313968
560740591
416429563
863207480
682361575
240320681
152329585
117242217
47338306
23441420
102338791
116165003
707433400
205685274
572735455
440806764
213210437
55062874
814424341
153545356
632266391
133726728
605320624
445975052
426182169
210069362
994706195
465162368
618844586
894083790
69868574
410122665
11795692
427860099
16137208
829468520
46097447
810659414
537132247
363794521
491533691
138981424
515643472
784876445
166496138
477076273
594087334
762702407
821185488
450498761
590267171
117475894
529130963
81216194
784964930
60351451
307499484
881933363
244436038
628751980
521742425
699652496
241528653
466180867
364885635
641754520
886227654
708196483
598320080
389836341
103492915
285736336
351825745
821836445
919227803
24294074
949104831
83262636
590268249
81111429
140977043
452911099
960661348
716465293
605589822
564888516
20838180
221238687
830274892
555557745
288599219
388065244
262756311
234763536
270276844
610909810
369756462
234563249
65580354
852150114
224154916
478023096
537336694
656918846
349581235
998020467
263093495
58344359
966349843
865023024
383924059
1298092
283644794
76146895
387932250
545766129
341312696
177310898
755084070
807616043
24692198
214878710
236541734
956488393
647322487
782755229
64035715
978195339
984328299
67419692
334859868
818207716
559459821
53758575
515465408
809026915
967577976
287529050
862368718
126727258
388775899
5186611
93438601
384882073
470012084
102278087
98169304
612365981
868967647
837726337
437106939
577550799
471125815
216106469
462011070
546312616
264827428
200026809
210731812
659685536
196624945
120780125
82022856
338718644
502292976
949696684
102863627
19749261
450743696
439722300
745748303
741433624
101440835
985078363
761150539
392636174
195246286
739734457
886442221
759993920
65298617
614155621
803501080
321484139
713716286
977706671
886949246
710278730
535696982
940145913
800951754
853449341
598548305
827693771
420056157
563714696
399195905
885652626
618412515
149647869
899210043
454570657
45674679
358565585
863231801
797171474
555770814
777293182
57199252
400019656
644782457
497746581
235226471
840298418
181703550
622248085
737156975
222293950
912287779
335640708
592970173
899042153
269946652
332920618
788176104
965670837
996672092
550658007
986382756
735365164
793208035
803485155
120775440
442516481
462892834
795631576
564305898
700017054
994144742
122003236
962765786
114608216
761188619
6818609
669232147
370658158
134791797
111575892
664029797
268768065
130981161
289542678
571144071
272744792
951201435
705002667
220573657
918104724
982271715
868719068
426085228
844144905
654196788
189463530
906524899
578642241
134239779
510329782
53567160
198233465
171533605
277272981
508560688
679733094
706163550
263329025
371873002
850949813
562888000
197945017
220150232
771391772
944615877
640282395
637391395
183177459
872115401
863152185
682312771
836649101
296056264
58325212
342315034
267365763
262492369
478174280
826565308
721662817
996274186
281906379
588602345
598737550
629332142
354473556
479646077
246937148
834949019
283163794
269577071
170291738
586682439
277045840
608898853
579388232
627440033
547872175
376020641
873244692
220301392
467896076
901042297
917684859
636263782
880223081
763100635
524838217
590756427
108346833
670410271
995201654
817797803
279017374
848827961
385623725
198631454
615426190
497865995
235707997
55739437
808696972
974854227
589948451
129441424
327424487
182655654
662158982
419484252
833613124
854286373
365499866
759594920
866540255
848649687
790187014
639656646
17967236
866406129
417142365
826583849
208409757
350597988
210004296
341822890
64527877
769361847
17544514
971718698
152951249
108911936
540944208
581597280
189456071
109066011
411277624
979122074
366712029
474397396
625342827
822399898
228852906
931744730
101279972
158773974
726197802
763931376
402561239
217457334
485710027
65517758
31076466
759738288
189112972
479294495
389767377
232723842
908097043
581154104
991975552
168749656
199667542
865756684
573991584
423260608
795832481
940800594
278615306
435698608
92401698
28749812
681522868
546937693
398430692
686578508
302249929
235943893
802262392
603927718
161864831
331297597
133719758
782764413
385136801
242967362
133694628
170338905
215592566
207627420
68954098
535496025
699519960
346113654
37037031
703901152
7302439
304150151
56557431
732480418
810552168
545925033
535578259
625324374
339319143
671169136
696887396
731774829
504085439
980766610
162410983
25684644
603540123
949922850
988963340
626520141
137817929
323310357
103032324
399473682
336281629
428177631
930594286
436873409
652938536
473405007
864161175
369493043
801240731
997330615
93244931
379683270
844657737
669222428
476817962
295069407
741798345
749126797
820402990
605354029
452862449
314958432
626201160
199228418
412171524
358620273
582800745
647655292
185287243
289181044
986743315
572044241
788035138
196203304
412760723
995115967
725375504
130662027
314581314
656033616
82693443
785842286
267750268
226122674
59477113
459541505
509825577
956639728
128494530
450696615
482728317
95743333
441652242
792218145
139039171
283957485
747166304
235790137
72974871
489819922
124265970
986335554
755483393
762601951
258019109
675105654
583237773
873536543
458234475
724648698
894993017
569339833
692661759
249475340
569365638
843310965
799008722
267835990
250061151
646717270
840711492
678393801
456088699
872202861
836497078
852609311
619565283
962603219
654103657
370620579
227227767
457990095
991509947
614675267
643964278
134862414
20881733
775254864
505447541
619619756
597377427
560642140
631428876
726095775
317343855
151451665
758058936
174466476
908735788
597689769
549216883
180758274
724429317
562419745
220371390
473797802
731591408
709218419
493616038
443217255
259143359
846720508
381497497
651703723
214237807
717703931
715708803
784998837
304148101
801282705
491471879
283814889
207841641
259324079
66199827
237498791
455168425
195420444
370692624
709711438
878948330
528550082
39549539
722200155
120461414
904013762
988848023
434169187
451118574
902410309
431028370
891738288
614395778
571713540
855891633
30755754
65986816
665016869
895431483
585154733
562432772
199581871
882930560
904860677
253168315
299310726
581062487
910274941
221906552
299016122
516904286
656710235
778968388
420585120
563597929
772180965
418049839
897950241
428382332
742857410
464093971
118336949
447839110
474444616
868423197
675501972
137296830
468085807
183191345
308727581
486826195
10464810
90201529
207660619
106823184
338694574
892883758
683871512
510682351
938790303
100875369
835866264
402875232
360495369
288222831
399562100
248566819
499767082
64835279
796959896
897389644
342881809
5829327
702047331
642331294
750183478
602988832
679259736
728212185
920493522
168298102
337719796
174717373
624954785
767310662
713378540
687875652
82495127
555299093
619075591
308463921
651363516
753253623
632264277
798761984
940992299
239777644
519063275
120723980
714427498
585250927
720940286
429857410
240858173
657119485
741228066
129487448
611170143
184976607
314441259
136672836
261802653
562606971
181257882
738832731
80974428
96490331
107964546
962077962
309677704
445604052
565171099
417293174
824909030
101201702
429935140
257416571
629291700
220453151
697230736
120663661
393987932
885818390
595768721
575565191
626066190
10581652
239650369
96844476
612045226
621732155
925412457
222808580
558850980
979637828
527892826
344365042
935439153
320663991
909453397
568596316
957955152
481567046
374127128
415132821
289311167
767067063
679652967
67212483
267399524
875979653
249180330
919066394
817788235
487031583
435238450
908209457
268637452
332764063
569676345
794476870
728695667
635656655
521206852
840150730
53712220
193527119
957682296
550241951
962891337
447513206
907085159
670735258
474595184
437541381
275207633
225594744
252511095
934816069
545152024
74998758
636600840
117762163
394936015
782074436
429079194
257338440
641343298
150656454
61008293
841558710
556719608
67413158
315324473
423067555
913125605
134463775
454664218
404119414
53544277
944882637
451955807
617294598
101235205
125990565
906363302
110539298
958014578
66240689
158193221
948485304
40466760
411202153
302375446
537498682
865194503
884737638
112066967
490248725
940237255
279850640
88980738
613838634
925606347
854637511
677243873
936101043
934954056
936992874
927933197
23242730
423715851
819599160
582039164
898506480
476681347
162806447
884685007
412843412
795275844
214795106
985135935
559741338
884675229
310469453
671763815
730778793
7385836
946893623
448018020
472144474
495058124
20279359
386054300
992729138
536027922
521645787
975793632
939181710
231228367
775982179
563582341
157005683
549189001
433749463
42530750
888901727
984363717
169422204
543766905
552715075
239806300
714632574
283840059
194541327
871811837
103064904
155168036
586740380
690997166
401363731
593892125
179894666
710486449
817912540
53751241
909082436
878215422
257550039
718942364
683615033
574956836
467477630
984507823
670792256
493438066
957706404
482818442
626623266
272093834
96993794
297984522
250175096
350062821
212357518
522118302
353439440
94360608
937073661
487222605
94779309
620145143
663481300
1910422
383901633
944252608
952313071
492049682
616710885
291145323
29117669
253500542
5427914
959900328
640122082
157974428
284681760
827317569
201537726
66821069
116517553
505346458
862545362
378044283
351091860
67633803
786866738
112841851
170101102
222814542
554677929
758427502
562118057
28345470
484041136
630220186
695979907
665734406
919604927
579717080
977101944
140850791
276375195
330549213
331886804
943354296
955096566
143077397
743719686
625547259
842033444
14025597
899282645
985677411
15958989
529261907
937967704
753444209
288981640
667227733
704583248
698286295
8123578
804653667
843411488
78721927
387865052
790630914
989822206
458122385
758208869
85760599
852326727
653269841
382952256
405135763
813924355
54268257
824153002
176739490
535894289
146521293
506633542
430182634
510626579
628923847
596062061
967750746
654925909
330344019
701185104
330683167
877712847
479116156
543300625
810631050
83316543
579672146
917027602
988829997
380120873
735940113
6108938
539438044
338450005
747771346
215316935
946117488
555265396
957789831
914260399
799353512
270049402
772658201
297122469
188974085
144804653
722032970
535690444
93185706
538644631
539600174
179340402
409778316
568042628
334915613
767411657
666767734
562579122
455784123
492123379
770500074
443716784
816116720
555076840
448579396
86783375
650870093
268202100
538802172
112798428
173658508
801378856
685539614
588969330
651701854
325124027
216086145
914131600
557056492
280212885
587491980
493338639
226536546
834774042
462653633
897163696
725173856
491159537
152394334
566810195
837644013
558417387
466936867
519933218
621623916
685191968
948946162
370934633
676305681
696678792
833122204
507246400
11714981
512837039
890022139
408261836
832274578
506305208
670545078
279363181
725945425
997447686
712384239
503703653
510710004
630969501
989406846
190114769
368350244
228271600
492768888
675494306
348314729
948731779
34517563
574985014
840545874
282315984
216688295
497208504
981015421
873449446
683786440
221967537
429319772
708210933
130020504
369004323
263681310
446720840
697013829
554202426
803944440
566773909
733534934
247999537
201677517
483082995
284114134
932071684
896912326
289527669
373142441
177870282
242677199
297727320
107237705
504768320
188905513
280704706
190993419
68438170
872120960
775055003
776369093
618981238
565585451
416835516
486478239
583590517
912947202
195826931
164987442
376314310
245543145
64869584
607100726
980003769
381050205
74352743
57164959
922206953
851745664
380689980
33628608
798313868
90263597
929373968
359686867
220913118
25771463
786421452
807707308
277189867
593759086
653653314
718622459
499411769
898754588
810023853
383218875
838331734
617371525
441438477
737646911
906633631
791252440
504543289
424577926
197258323
714247757
866251616
348281674
592371685
15348990
722995817
139187085
906960531
683089085
761783160
763274489
908464413
314308832
168732149
866914036
35862133
449173108
465252420
100279863
27409938
755589093
975369645
95539891
303679334
163490035
643556062
137680995
112621236
386891124
725437439
363255410
530818360
512993452
299673257
48113958
997335734
892160588
556580933
113054583
510382233
1488562
296198124
155460958
804974894
895486947
140505621
429170587
628305970
977436545
789886563
352608218
571951132
521562582
788758016
240995154
425413222
255828419
781163467
193793433
599732865
179791134
878176977
780828459
339124693
184500128
998246805
29669576
647836861
765790166
933158472
571841690
480834327
912742089
517385688
899743271
757227725
373582678
967002036
240694093
125131758
362716838
91768032
116471546
369308227
65949533
625306529
668432191
483322187
310688761
20524416
48710372
472632557
995192606
548299636
908063046
589401563
368620767
734899950
96360615
297831972
426671529
618485013
122754086
477914499
683703581
728448615
348984112
711702037
695058835
939517716
723924218
21505589
663227040
204939901
538493924
196081878
631735888
216151899
581364040
115419031
619807252
722635580
860593038
650484815
918216698
812955205
128192375
21344661
385854435
387781092
607650022
485814783
712943760
265730597
647384582
22831155
705035445
727325227
981591839
108255544
43712365
933407431
102163831
987325980
898410459
398033914
229595692
680725101
398761010
201402343
854712717
127418777
296565349
612024250
117109407
355945594
307704666
804393688
150347492
673726032
414402004
903880579
920614972
178481764
332050412
456304634
836653651
932677842
365138386
571028040
588473964
513601070
52726141
287648735
525114371
337993793
782336364
407946684
74120841
489000414
82253435
163264483
486459273
6195653
665949965
399977437
272612791
549699587
233365055
690888464
415894994
712338617
596001169
224345315
575298493
123072748
539005101
417833183
888504781
946365564
149888022
951906400
536936841
693075713
581449986
388347341
760609299
8483977
148144128
724103500
314895349
837992192
394754079
767578465
279843044
853370305
231866815
296678690
805392366
335219028
772124988
519070723
925824640
745560061
620530538
112613765
786432747
479952777
727816952
416005704
213001667
156175362
47045924
293716745
614818396
867946018
934143418
667899318
534564617
657823754
465113822
836730078
460097369
718306190
534683705
459400732
870720602
904430889
596837997
100908242
534798613
721222465
567579991
486641679
709764777
510345838
290138194
86807586
822130323
219978363
746535853
32774878
144159364
693784832
93746303
698657751
261884450
719985393
155205002
570850249
500185311
576483143
254366636
234225969
153741988
890217646
238272871
232700430
576873825
219070346
359990429
92310253
712416407
929368701
763763708
679123766
332467112
176131777
933886084
634485250
65834014
663944453
879420635
55024351
531586963
619362544
207039991
78357425
749197080
286236752
82883156
483451618
624579814
926417154
661670750
135559441
106667531
262597348
671792310
931394792
501030044
649487246
987575230
782030491
316019903
121169180
449885087
704689185
283627243
32587085
526233343
647899232
176434521
663240026
847971849
158733771
510703207
478713445
898885248
265671906
696563038
327140655
545051956
430199336
717893235
252342543
881322675
712739398
997443271
730793657
137485654
954718719
210946713
300248506
770739699
383514523
79142165
545696227
700895454
994241138
470418373
150832121
409757385
152725434
538929854
455963069
198356629
402857427
493393126
886991176
901589959
88074427
392007185
839575361
734884505
620377688
790082385
130481423
57822881
81358300
705597080
520222910
40542402
227076491
133593154
607630606
925054892
575571145
734563726
912126883
515206554
398884308
363951970
815397885
37868834
723397232
364952743
601248750
57036409
394100553
77915756
263447905
511035593
873935937
145009106
905549757
293987689
716106716
212225692
73695566
154942631
866436049
314758008
843169768
204121554
716576106
272134448
83274954
335277730
301088275
869350288
856758029
500739332
832421926
431586782
369920005
811552045
66524585
186699161
463281721
735485233
14979249
640793067
908754479
247605797
632862650
245401309
98537863
651481063
704486644
310051197
156444625
515640782
102712741
316947956
299068216
986359421
575480904
292574091
687031398
80923380
775945819
539246961
623784681
862914595
929851609
808018847
361946228
324019223
606379518
234406437
387856467
144749298
546728728
943260766
336187823
351485976
882028250
170296219
435179730
894194024
681557444
957203986
875973367
311196276
538856596
367101587
529206937
314835140
543549697
811551060
210582682
52977123
60480220
939178221
709360908
188452086
200866119
148607988
383112700
223641310
754518187
445201663
215022579
557430257
755357189
26070456
701598564
728459977
443713245
727171718
175441913
295588577
243348508
250844367
386232430
967527980
651528113
914420971
788986778
461226221
701255949
700503094
206577265
218885790
844494944
259687766
950044023
601631188
565261880
408593489
230323818
381917053
99536824
283949931
356383982
100518529
5048641
27659201
551428504
520872864
582584672
47455598
781782902
138394327
291636793
160879436
676822580
404025782
330682465
624639545
174039524
116945446
819021420
632523769
609109584
102162278
521814341
398495486
408445267
621572679
883149417
93562021
687829784
766256056
549221087
28271478
884731618
318576262
856885701
226789964
748259676
290084064
214740591
917384670
371069318
226560489
554171076
203829575
549555200
931657339
272245289
322582005
951717292
217889958
656451562
636804916
841947645
769029205
502420605
875701393
676103439
113385499
827694911
174585108
749367130
164995808
920477260
401185237
569082608
238088075
513149943
722368542
32831337
722625101
533302832
479563537
273837807
484627085
781227963
95460478
521255793
727200626
400582934
463183731
308828522
502373795
360986526
568629708
73904108
371121541
836915118
606200322
346278263
249325427
868296649
438901265
908376375
486921964
365796422
667650962
992185476
439848696
969666610
199826711
413282714
84977856
101528908
375300595
587006306
78439319
160381983
64570316
848490650
742162606
420357496
493208020
670801184
879388890
881718976
859474004
996502808
593489682
561019817
763393455
959258587
775465405
223840792
165595682
636818250
795869074
295729583
323326058
90777510
438526258
867184525
758385118
697525156
742362483
63689306
85095024
482476042
621184913
652206648
239155650
37939803
551159674
177873823
139779384
631652579
314837340
576874540
604141192
503870042
869623103
813297493
757220653
960220861
880252324
339816577
297990972
444776067
851139299
91813808
804563843
947413087
951530108
854826937
101830745
204256820
540877868
165370780
160521570
474444016
674953507
371657144
395261902
443120607
851460230
123418195
880353508
783963887
417909394
723015191
393383350
640599298
843432562
743851217
983731099
274132593
664941118
175096118
216455142
481991686
202974927
28617441
193333869
774199254
626062500
636780793
830718538
657838005
691898855
474751639
384283866
571692313
794428843
365897174
961281760
84700813
99736154
39644516
852469
706116147
517890971
929124145
329174936
155242870
998499499
181397535
943107573
344655601
769196698
138534018
538440831
200730951
927164732
117869872
726552606
928786452
484047567
882279433
44859076
553130082
234445684
352447226
394758242
108841159
608619421
935165174
189878485
154297971
529842281
395838428
416738798
651758835
889726999
561955688
396479617
544972378
355010677
432683167
789668798
6279651
794586095
941706174
788695330
58163393
544136890
113399796
598501278
404686411
871132470
411755053
611359207
775211734
111129908
550211729
186711483
205220979
98482278
26739831
952902360
297792360
271599633
759317632
607443092
560922191
83874887
796706400
617002398
869205551
118633584
245118019
365509232
460136557
837990708
624201710
311591793
469861679
673719755
374596669
517913386
611470965
86192625
383733269
556074159
61974031
348347522
23657360
907264402
802815391
814745641
17423601
631402754
241854856
671293032
36878220
440798884
416656148
958733700
340986921
538710613
414884510
59794406
872602477
291214500
62029069
241106956
211835329
126745848
965128849
543091426
278797581
73003911
963741642
646390265
137029328
388493875
465135211
846963464
247375634
79820000
406275429
227036679
147207711
454343858
676537252
26578984
308479295
279444312
261221238
184663871
248886173
355145673
955416032
246308787
963588070
563571322
253467488
465770620
58612929
237782264
595395895
199310948
141252163
630972152
854945859
644948621
105395278
75100824
618179292
329176664
653274301
328843586
538130233
272824390
168683150
890388858
689372272
421996342
81519372
848029858
954015154
164692310
88042389
825051442
732509533
131605834
463550918
565710299
200719309
348505803
612138187
988507820
832499169
894301197
693856762
863725589
431725181
633901145
151989148
691722890
218121222
595929017
756693450
116837257
820304697
589160099
402017099
171192937
982944092
635686518
229813715
779497431
149305508
389557721
568319623
135858502
681656618
638643567
38685302
688145288
276320618
285554694
490813256
109868996
615552141
675330542
204765405
25723537
199323896
752205064
59768748
328391610
826513039
920136443
712542490
253703762
68122710
330736365
490682479
543755147
529709451
607975940
88756710
261126601
782435424
337669503
840308593
506056467
777027146
328123347
585143829
441100605
830085136
177076198
790116578
654527455
677886315
75386522
283833603
527798969
899922328
487206439
249669115
265019810
697637295
603423480
364776305
496919804
120749657
698003737
155458772
259273322
124031813
587688124
483976798
463770526
711898467
966684036
607957949
816209402
327596506
150351599
690031175
745152741
152480195
246753561
912758052
113436453
373604489
250908934
918830652
425004427
684856859
11516746
867810368
807553583
967802124
818233597
781207449
706129073
571476536
692508445
661463011
396743798
722310551
62086568
209017472
42796896
719436898
370150301
203529637
582958865
803307607
204016677
991467816
117133454
590342553
876220118
813535941
938319258
712500399
319486800
872482698
860138954
241025360
260631793
539829531
80931335
901511588
823695754
464338124
604097942
548697743
350989619
743085844
276741517
485230833
987105440
179603477
654632488
789361752
166739495
600490641
282227605
272361537
946125905
667315068
662046536
683340848
866994192
342128472
797077074
909059706
373819267
79850227
134251668
533254025
897758013
260788476
937189593
761071883
403648853
266542494
683768764
222475090
131162379
945609566
132918957
450909101
246635695
710983465
915843723
557053558
541641586
737176011
332868385
473923250
516257756
190971434
347893715
670680875
673211111
518092191
369843950
693251869
532950130
415017163
50594027
742762817
550692763
857341130
190339559
223597385
892189433
666509660
60116420
248016359
880659330
920316271
639738338
863775639
100793700
1158272
364624590
793175397
332784063
195089133
571970789
420160925
2271759
247124441
270924910
649803925
965536745
505597736
360831664
219677728
793371958
686011953
709117743
525800798
37547577
41848221
353352802
551305958
278683897
980759119
692602518
335891365
647271019
679149339
355341653
991457521
916754407
322192024
561889025
447527763
774109862
500062802
230235884
635538068
345129942
735359609
206871836
641984765
126585742
705769779
922164991
901298065
553066286
240960832
862654187
450242365
247020784
47625128
800092224
339234648
369884443
848670043
401886473
121757727
263972920
761175119
301521080
833484405
120234232
168321816
225751237
492915098
992998871
109879425
960037452
323953418
297804202
521670147
573850807
692253830
980733166
711406773
964086423
362239949
463921486
991086500
437759733
893235528
183025929
816700932
177608975
857327729
518641968
499698899
380218728
154699592
505345628
62234706
49406532
713878071
489491203
501718264
973400106
746395129
745874012
668286444
425814118
553937879
60876637
593533940
241065570
502183962
148016224
316256753
505515590
328937147
878106517
445499654
675816160
807271160
798326176
136917169
766071022
387539914
332782452
484731714
248916177
520543052
644599538
834418992
974492006
200967464
200302288
383165401
600280847
950311272
162191379
637790640
350526973
444152835
601838280
158545446
424046063
103808677
857896007
5505481
933660202
213854974
937709821
501803443
338527802
453941598
714713712
217603013
232914267
713476128
387594395
902364402
625842216
569976936
272262370
38141580
94260268
175491099
893700450
80928076
756129722
612444276
323205428
662453296
96941579
269855361
804423386
532529806
906617778
916246930
272220992
104970333
844863426
437532654
422881760
729314653
665152453
323190469
752116911
422826834
118146532
501041755
381799581
505405206
913770716
568740397
645890414
195017137
383349157
245652642
923564783
122935508
71694963
503642352
907108653
940220480
665399710
842503208
135425134
573301153
470954599
462002644
599385487
230031230
122271890
355585970
314327230
984224371
443262097
56303120
509347433
296085739
974412860
430733010
451007854
63883131
352208196
908753672
274640829
912625213
673399183
637270976
388364214
70213033
216947926
160438406
379547246
117564198
718037437
248010483
867844787
105134711
305535692
949703564
181954843
923710717
19755251
859622824
753326639
499328274
726128630
152318489
269899208
786468632
276877528
226227208
303940814
1985307
608512622
93590704
642368321
961013862
448072314
299090016
126255889
801579632
421909992
504408943
816631654
688929449
811534296
42592103
941955268
438591817
805803976
469347220
587458435
632682152
285888335
218453486
655534271
589995359
340130241
875964126
30722201
316072561
894336471
690271607
596170303
420950020
782432713
430999900
534562264
565504691
927831535
899529415
304269088
41777896
901337472
81954832
596422158
881613491
194312195
801733643
65165922
275215628
568680240
248678967
105903650
228741915
114749146
990085552
659013029
391180035
344373043
259242496
305663603
217425300
481875228
281713097
449129376
990996534
62426764
739932032
353719671
686986905
664074103
861870000
336739691
364154874
812323096
518222716
508603810
37285200
800892957
409990125
886604674
64937508
307093894
67686795
403462206
959960474
201870918
390910286
887377248
686270845
888027466
622724905
917139171
845883334
910908528
134956569
113654015
827157203
300400313
48533229
242573774
572010268
216782091
519912472
724504119
560278417
531491285
922298263
348461560
700760514
515676563
610175628
629495860
131551247
410766462
432069393
111075142
852063536
343366390
397197247
395299865
484032207
584918795
838787777
662931561
426550646
306821043
712047836
113949400
271838585
926845269
911126486
605751100
453785958
747157102
310436420
341926524
839144740
352403256
16246640
804127930
924287655
746501819
433157971
912804758
98071532
198926955
839782617
265607700
695695800
678593200
621410046
10677175
765101191
27629981
155770038
387497149
616547165
8003139
700400177
642228798
474533915
76700007
662460949
416073152
475734650
231638987
438882603
430560484
27704061
693265212
346829235
510353023
869829638
571230475
488431108
773720253
640426598
582804641
617183262
853333649
67129420
773052100
588725229
697309949
921699202
530902679
207933322
945650757
223974099
649571311
688089848
905543618
158437333
687889251
601308101
19935557
997637436
305563739
508571027
126374207
644211996
905886617
494805334
881806275
887082492
484124339
97644788
608811358
914074933
924165524
90107596
976798878
538812059
282518541
238476487
619255594
539820820
412382156
993639427
432121544
911343721
32308076
124599767
596712474
351944385
619702913
482600620
556257107
588415928
120991241
667089767
312509098
518231031
772126962
301137244
783808620
901492921
553565727
234632784
401042374
417244590
632767943
337474660
570808555
930974251
582409831
977327444
709526242
369476848
370616933
415910897
526260344
622362918
534990331
507494052
620106793
774477052
709518076
739298580
278380234
130533657
818416269
778447627
417196975
98374407
878719017
52590570
507409399
627084938
803122366
16435784
285906445
780348202
287209518
367098847
722461894
960467627
902971708
947554999
316252297
530217491
638960094
617503724
331418789
317366014
370071259
324845340
955786358
664115072
907566008
864121125
803652377
805351700
484784271
329357155
493857653
662514513
859944876
309484109
329217796
676658635
924525648
321149911
633957038
238857426
358820637
598787552
491512478
177732275
504440239
471953103
992829829
823592901
912461087
282394542
869834596
574926698
253680376
714474182
764307342
677985981
95893214
111036587
886288926
971232000
720113334
817576007
362668225
697175847
330516775
551120144
795992680
633944786
564574714
101435051
278643706
642884431
506784319
276245359
139540446
758624825
199282808
892154914
218539462
183159822
756514594
753926666
10077639
442097731
280712484
248774334
558680480
69148771
994997182
794336711
24834205
295881506
421198850
843231717
194213925
573698073
745981943
162549825
110955709
876946728
11420375
138847875
730165039
683795930
699919305
445220605
906821837
991391330
227835522
526621409
40018036
982815714
480224792
145297045
376119722
232336666
793356282
268296323
96581
455215625
308635638
724797255
737285004
31053090
837886869
426425495
291215542
306140126
638071
54835587
288242840
467677290
134410690
812715248
981454747
51171794
993534954
658735009
937107599
961836907
629024086
911126187
316145503
85236133
772626929
692941258
600556164
388109979
328935447
137794109
190315621
958893422
274327075
289209548
713284632
90747227
858485741
99400029
212309297
442000623
795117282
498921973
383058628
8449788
3575261
547882420
209862368
479134915
410179888
276800570
186042945
116255977
762612304
389481535
952808725
76912883
736344951
584557920
354705561
993642186
270288439
386518041
325132143
769299628
631879021
693761436
878570158
598451918
721482028
618244934
156094460
173023526
730354410
220554499
654459302
249358377
529476920
156871710
879336230
271816754
364238285
234639274
643647637
279031119
646159167
356775356
557842619
593871862
420028726
480740299
210109549
194942359
173980412
447307478
439783223
993593481
319255593
222323608
373511949
972121951
489880334
712858597
966163155
470974285
342538083
244798839
664101434
169725051
413584942
459757552
825942176
473104881
26340350
367314577
476001669
486367235
57397668
498582151
543151416
345277519
293328791
777794811
522956585
546922937
480978181
992512746
815663517
976538985
139556761
6582020
205549458
960204536
9172183
15874720
433529414
729055523
962027620
293840671
965216717
367221243
937745994
292313206
195973839
890907180
285789301
66778144
980744226
158138314
868974426
495890711
332530047
417164444
658924269
308416895
53576669
890894993
28978193
92126159
309252604
829049032
997404062
295107905
4608286
123504492
632674729
202051558
731302259
542857627
175104239
203230145
141018489
962730556
923049521
273503459
472932174
994780440
173871059
643740149
641791892
988662811
457099593
434568542
834665821
49312186
398998279
39112811
386239315
983344307
855099241
647615871
341265007
640376287
264963603
304873428
921839277
783896220
854971424
31309395
68575730
150022411
465073169
772298367
977946411
482221254
528725291
346030550
813239618
345026762
412194231
373011570
225795350
564330478
931182723
917361117
283724831
664239981
705519929
897528638
383147685
260309616
560993043
238789435
474396643
827947888
302942592
699996576
926360729
673759516
758006809
453275944
92452078
736490665
973078228
888870777
487864920
320920264
602802825
13546524
752171128
983101630
711329064
779556987
258666940
473138118
226135139
981259396
757888096
875090438
419916670
317018495
346835006
137272852
980281418
390994479
403768382
876080886
597895932
450370623
132764955
481619794
485294887
224985376
157299125
2077078
655307483
384792832
132854908
862542698
973883262
492253864
700220235
625429359
522428498
226622008
969275208
292187444
110973112
981121856
668313806
481804396
407557673
270105166
339834354
908335625
647984930
331658052
160543128
54301049
260473273
967014858
401274699
764466042
6395168
857923492
646506132
675541831
828471303
84067119
788144691
458061198
831078172
244278785
690034788
712211048
713660137
205387903
584636591
949238821
19983859
435732157
374008595
81003074
560970231
764095017
391424291
803038226
755546040
360511154
122695504
130586856
712998907
131674411
434583359
112171312
188973615
503051125
376150277
414049853
482582222
558363331
524696313
141089498
75215346
660031563
554972113
127312413
26772494
785408810
642797700
711510803
941258008
184345194
871693225
15670548
155311993
550955275
684011544
951225576
264542782
394140619
654891939
219843141
490857738
703295819
808799801
497186063
911661227
830793600
434332105
432126643
756303509
378163341
299604912
414636005
932550281
316592842
438734124
590257781
773046137
412300663
707666682
625349119
249283561
831449808
936064087
944936656
552919128
899055660
289066766
458443788
276252580
318387900
498976530
176105328
158378587
633810125
780486826
595715406
642573093
387936867
832727249
848107334
69567744
838093421
78297679
51253776
180098147
250464862
772769127
785698291
929294149
241096408
836751482
393170165
758780622
562085744
480723708
335797893
200277978
491923045
297443549
42858914
296091753
67297336
99036541
87109912
740265598
962894424
688511376
953302296
66771508
179303564
467587854
632337204
594610113
433833861
116066574
579773739
662818543
359185958
862076198
420168361
664057059
441168135
568076699
827778782
635884799
296197975
139786639
363628576
487995656
576141922
5221544
394235819
607888102
298375624
825242457
128702973
539384622
459881360
923993528
631229161
356515714
416936430
241329944
538866159
836275333
63196892
364472819
428363585
876771917
515623807
786143936
301632954
245789522
789343661
746888905
187360206
101658938
489099998
19259426
428171872
294033635
964655789
486228112
143594771
300526803
742208599
784871141
639318557
753178855
989488314
9813508
755105175
974002297
506427312
651459039
604110583
878422579
356932285
607198058
532661651
10108112
194868335
36535978
541383881
854633092
919989851
750650178
848637538
827872554
230593827
146606019
173919615
981982666
43185546
554357274
907081180
893680588
621282909
704129331
335272763
986058394
928796449
314221487
991738872
480636458
633322361
204641369
343165819
413925949
18956921
173116942
996984706
242011184
823876645
269823281
710365109
127460315
275592726
265440856
850587748
420165010
369839677
157770761
930156022
165071068
590522539
730300791
853707124
538393715
668685231
215074277
333364640
213050320
876630636
484748598
777304916
77258762
257018464
276936611
614249588
388556264
985131161
517532689
682968902
556095597
84952856
127177733
161223445
103624881
642180998
847264733
96028703
437330224
735501200
362397344
73800019
696313726
16875014
182346103
536551916
323731918
363589185
115509677
167486847
515459067
417887483
335038052
391043906
839684016
808681045
39301437
122423994
871710592
180019182
470520851
639977490
932183874
653833430
378472434
876480191
104028597
68558985
615205617
930128572
441203869
336923843
483859263
952992741
379630706
96389415
805311585
582206727
802366728
732561469
35626446
421578006
118343369
438688349
759989902
824247462
120115039
534130533
92804156
25570323
516449233
145313816
922431040
229907387
726886671
432138405
127140171
558562089
629269853
211377630
975442716
166070452
388771903
241688395
200598452
795938681
178633769
320787810
829939041
716857456
76169256
849891192
657140302
514068170
129340126
565753096
575266797
547351345
273057602
934994065
659723506
708324764
913433790
131281908
269808954
750293920
219922589
407853086
64624558
492203662
211262109
623538641
487791315
978228749
638488522
638369088
581265395
712649414
738631036
48136121
64490611
43479585
943195019
515035514
196779862
640314253
468950462
82121616
873078363
187132072
172019000
331431670
22163026
603599415
610058005
663021182
573261637
661360938
449053024
47956697
920747373
321882317
296627102
345787351
159929206
787617134
728479967
208295935
810052304
522077459
363789279
13142956
685957254
699701734
837636442
54979138
118135563
859597452
705972105
73862876
533768783
687909509
723631591
111661777
453661214
686721490
491874790
205992092
887951240
781486726
599112263
296633437
259455560
982590515
911013124
495844289
28568502
566215881
481124347
224865513
146895217
933282832
281726074
775544007
689757311
450858811
291189684
165493562
903000840
958036819
552010745
421451737
464809318
564354664
492605776
279678759
676843700
946486347
391300763
495127287
423919124
335363844
358600464
920559496
572288765
884254723
14891632
882381474
436198316
322332770
37534347
149477111
663567454
741868220
526577028
682121100
465392559
352317917
76177897
674899709
939665966
831099034
62981858
680561194
826948324
767176370
349100174
988790987
503004137
644261425
882965332
280331955
304210194
282887218
883434375
649361696
274881412
175547693
569031919
148317147
878550148
709930656
401547862
438445806
449079383
408999168
927726571
887077040
496436125
835925480
163783707
755335280
687750689
769655858
596729439
300698467
859797363
785336935
803076391
607674799
94864199
398796088
224558694
668270598
392049592
57692306
211906501
384402305
460093797
291146667
185246857
746549606
514165874
677793802
92551600
765079871
390529276
690565404
809682099
925352130
417552358
306236318
848057894
78461697
87484500
8856923
848724410
961936086
372831946
61236076
710009220
911864155
390905882
385552209
911436275
163112084
391412195
569986371
133874526
559520421
160720495
926309831
509397866
258416698
174419074
558375853
651610372
159603702
944044499
514269746
36944948
960567970
943376737
712173818
304111094
769256778
595216453
905835958
867310639
79516556
283357951
205508236
622430860
672161302
930380066
24071683
889861809
870595724
584499620
501665458
292756908
273485321
12763221
51573301
728335412
550111695
756023531
674084661
121796411
343355355
303077270
766019216
638074555
369099279
488184619
816598989
139013992
15991977
801707623
412735131
698065673
284376644
735257920
151775881
796884783
492584648
758329365
297249482
449364186
758405089
377796748
995573080
372906716
185280553
760307912
953918377
727713124
480413747
937702276
891572612
585506209
658652490
770213497
210141504
640652241
940637894
63374289
965719093
194399435
714066165
840915264
17673280
92492047
465882349
93866371
452600056
33724202
954762080
806312736
76354765
903628950
781499624
549858178
475509109
847530696
713431666
107359124
875579450
836949717
532428065
872759561
103576119
20472187
478335361
511484858
188208887
794443746
283575098
567382581
748545338
891649994
205088671
724646389
994511512
56494086
184548836
782691515
482997485
170219302
874066148
959777390
761268483
910908246
607990387
15515713
621413833
248196718
939074644
113507616
959350703
68369285
823043138
681838204
597815572
905790349
288938546
77740287
933499435
713090794
6384446
258237835
644740557
891086767
876050457
10501218
166039181
703515132
948272212
220163571
390784654
201743347
885772075
718729542
212000612
990819730
449222173
12998062
325644474
66045105
915967133
613224162
415121977
137591403
684852603
663561720
735647295
294008055
15161709
570196133
568189778
71427450
326146761
716448089
938829651
131460682
519916787
331925872
398874680
679854129
518645769
852415332
52945222
994500871
376591501
556205683
94296421
522236212
793075981
248158490
940120914
117613711
514655618
938375889
526461357
184568145
874460017
287012060
368035071
29177704
285418840
525554688
263261764
558910323
312223030
223769464
923735558
874663255
182168092
83520091
119384444
100391697
279429425
838792682
769710109
185130049
661063294
430760235
893622929
37391543
118681954
251308848
9086901
160072835
271963476
623459859
853083384
664012084
945754696
937455042
508401407
494812072
272946326
296318574
410979306
735248754
436232725
695052695
85108682
897826948
131333549
356808956
816853511
810472967
777429058
399833652
5819493
861061215
525225735
529818344
881537642
980845874
37275157
934199483
547119856
723093134
401635409
458231667
698839844
323847068
498211925
364314228
85399275
673333704
364188988
504685736
317788731
414599683
657719406
52744178
656531677
410458004
191777551
500392778
204237752
724216604
384718013
5038166
336563136
935866890
38136059
973716684
984574578
28087195
53110059
802104600
757168201
661112229
105511711
981126527
19208251
776268376
14418854
253052723
83339502
683083217
383261260
120689628
693267622
969762978
168666828
968578442
197116973
772607491
367006424
186733448
541261133
805597545
892610058
491109343
808830304
15041826
261148730
192670107
666229963
827077404
599282614
527171861
841017192
923419663
262991642
70838987
437678025
167619260
393179734
355836190
948537147
136511180
885686640
903635514
968218618
588815090
643591005
872620691
786112099
608208807
954432679
751139469
464354966
127402106
458074734
6116128
421178810
978742133
332793443
895070024
128010483
390174269
98675873
225474037
474258984
282053898
7461203
632350027
899650666
903916509
758820256
618151044
386555
423309893
829120072
927231055
58553358
471870069
458617580
649408392
485059581
42116732
54395392
785309249
576208407
975923343
170679383
667792363
362128579
394843174
727425054
970767337
800579225
135379835
846252049
501570334
124833238
689457072
140807320
461137019
929219150
411982706
759914232
907178341
552412912
954347205
233816862
366172347
85304479
848090101
328638556
496226049
572720245
353484164
52115435
738326676
80369063
33286659
22595423
623649847
979699188
101042084
654714106
387417941
709564171
706103021
850153417
507110263
147008118
154004734
291983895
180575400
12829114
345460407
17976875
504925639
745399091
728793612
338885205
994951358
20939937
103649570
193322382
651392413
635277028
52628113
671853751
545647015
465326882
952713740
301150042
827699337
926946844
932952110
565784123
585632454
343885971
402377248
478008986
4922824
331343023
924952945
517325455
886662579
640259832
451655674
326136192
353113154
507387023
678370551
935720461
851695733
547342785
97935419
53093354
424673228
463020457
426750581
358397756
868028793
117569007
331745490
304397709
643169952
28644378
651761412
113019943
130073755
439318513
536288933
84318915
911923359
113224999
51521674
339269888
749581415
962267244
877827884
526445305
202087754
713298322
21294684
831496538
697160480
543591023
695735626
179576668
223697701
78782572
73893545
901792190
292175170
25567320
676517271
922696709
285890343
628260590
403572844
720280225
991764814
668194099
51364589
472153439
686000372
670312803
287790315
513900203
644269609
864998741
688952240
928119882
923348855
106718197
377051244
200853387
120100765
27664518
509547004
170649836
366116385
87893214
336369253
665801009
949388507
774427033
673862348
405215606
77000167
445246650
512285253
68569099
398137766
728097990
3698412
825384028
12081995
535294163
141680558
543334273
796691068
136918986
150826575
392437777
996423298
514635754
609513678
581681014
90936650
773938976
638232299
749512297
237818776
183512498
245507422
441983768
826788974
70580767
343988842
538224436
702057941
333711745
698861296
829108160
973798292
739977123
800331284
915265074
907247014
32930475
476857482
845463599
502218615
250358072
904492630
796586485
391743483
508331040
808251250
498125711
561503720
567348314
517803061
201691941
209566889
985208329
844262492
256512826
15413051
902553509
700673198
379967823
33100450
954826454
201173915
542726090
463466702
54751521
736982329
390813130
140362354
513226627
970393277
113647204
696307569
235551373
916984232
329453537
597335414
258437874
361322913
42205187
866515069
311925314
775623284
529103713
917758817
259994362
38199360
694694297
705501532
206840002
934200091
925142513
92673394
109573481
857172794
505381979
22605253
173119422
661771816
930821002
715219785
234449268
442795356
240993670
319963814
950517837
302647177
501343218
112515500
949903479
382715108
489364515
962497615
311969158
758457756
675796472
158578667
295679938
667912674
114783295
422453131
688352092
155924281
444023886
787289540
836836188
539780053
103905363
595074542
76255337
841544567
417447167
479327253
593285949
285990150
965108270
869448908
248245712
407687432
974186414
685547522
851470533
173329588
297183774
836939473
885026392
948248729
165272655
113207690
517671412
757193531
589643202
894079412
442227170
1187270
596321246
920269556
267034291
347925205
219593618
297405336
885548494
797249763
497644814
278532725
242060131
425169422
72525218
309976320
175974962
131716004
440740809
593790696
794084058
81462213
611951189
886951500
491691757
902232398
592045706
89952203
71867235
228487000
429876207
523669737
26780067
389722023
471309668
609203423
772710429
638260866
125298275
29274131
831711664
763665119
569319016
566864229
330202688
442624687
761200905
223961109
12495690
18475038
766333900
85999112
407943232
234763653
687459315
829908373
179570844
824607231
327189338
722974067
686328468
119144681
851077371
481552644
909809339
738368904
557397120
863483822
419118378
84273788
973792793
865742703
660512664
795531642
386257272
822705284
595909420
514566822
814510837
480678486
510407793
902225029
80057970
686646735
629350599
318567814
907994473
772158761
26604983
320017899
660224100
41991567
266943969
720985682
506681471
93435245
686578599
542680673
376006380
838150291
566560706
228366262
184431090
757940701
265335887
360521827
455134152
875630150
397407522
866137365
395157797
249734531
203789872
884737563
270987265
428254840
338295509
17058449
870460185
301271029
98783627
490122184
205300467
721794909
522024249
206742857
769142982
117882142
457333284
544636255
317262236
785992471
824667868
154675873
87229409
893560042
504712468
709535067
287857012
53439842
701592352
872083369
122198689
789211645
234188562
237810953
808513940
277404153
776223032
261007584
969641233
596220510
903152049
45204202
117645489
701071689
797924224
450578372
918265310
301436232
973387541
596431674
541824727
36996136
18320047
341407309
559709013
143979399
540674928
836833551
474481482
340392852
603691354
477927986
219730531
22884369
720171939
922019155
61581987
547180635
30911799
619538796
913320713
46486956
852330582
762081355
4448258
880920128
624990613
88881907
257018919
720609815
409903325
867099476
185862781
567790553
503009378
475862255
304034026
180033357
253828626
648624452
75724531
950186608
475815402
238840793
41425969
774833819
907809623
406917395
163396139
838830068
562649895
554539093
666741930
981381905
922605349
788564824
487713202
171709661
698598191
435605845
466045723
225616252
569109336
810230777
703435081
558708434
953493409
512640223
330594760
237628476
375103863
11423055
672947963
948484838
374658136
382999719
759632516
789897691
734170752
139934344
914740841
691032247
386405648
389517985
146509462
348954960
750423463
679358470
781114354
987257042
211966544
436068095
581192920
168278487
145593176
1136074
433678794
498980401
834868577
158931301
972441723
381715652
216185048
600175073
585722815
439728007
155687971
221018087
767274958
970886124
813179615
69974623
795703462
784850854
397738302
685250217
456865955
730049916
945813617
453737208
3843859
199237588
473936371
277812789
321478686
352701437
201496457
316360015
545257406
794518154
178772475
582751336
892185833
210301080
887408807
788401824
676960526
935230142
711077009
558739536
53312299
24526083
226897498
839943335
384308361
545370904
726295588
878747550
895653997
638338968
23097988
306867905
815513000
269614515
463681283
940283043
790920489
146903486
690247731
716705339
831060828
756154726
881234626
71285747
963177205
585261025
178053676
376740248
241801201
858883784
327456776
103285197
432114877
995144087
206634520
671470130
898591471
230390671
512316764
978476790
675305140
982132825
861981054
486040065
173169305
151982232
519232922
299112141
645380863
589462164
252392891
638594424
871546497
67085135
74038796
689103678
355134206
487262343
176064699
683583878
553346837
355495399
414822260
731541105
473560493
262369622
13755633
85813655
519412569
588793026
537948996
901803901
235721204
236869230
950026764
940945935
353810334
786557933
579316555
740137141
974368562
216344120
504467146
365490383
958083034
620794120
314151187
135634136
517865428
971247759
513164357
614862049
306263923
272685998
734727538
795340203
402139645
981811136
194540929
805047998
402024873
16093095
206672117
163499071
51232498
259338674
86917708
593979917
400028616
357062929
484183168
119439999
36920945
5301942
884450557
152864258
840976655
749317608
542487427
854507556
11729890
51456676
485846950
40572930
757165217
724218529
32931602
339150272
181185980
330138475
550689627
573531789
66057163
460834784
216155073
206517953
126528437
564029062
429240836
359630583
60145215
852114426
65018444
857225176
24376452
501194147
276293087
352756762
348891075
302386858
235265961
681408128
364338045
841974274
175099129
159185849
592378504
3454146
161162435
327622949
627484291
236096242
163837654
690490928
741343083
206630251
97353144
524290600
147132030
126210820
165848582
594758812
784861023
11517751
339170273
383735939
332852999
395571171
173436727
730322353
336466835
509973442
856521318
589379584
685098903
888484177
293125548
569478020
8989212
791896387
844835188
490207085
373805953
654277793
832051305
284376729
833161603
187001947
234157141
890700941
444580306
189006326
246088563
238258630
581088781
787374694
871138731
526918034
803228817
630942853
979607867
366925421
701717267
68469220
974688694
256333300
8665434
309373024
548912462
318491948
400499149
745040736
615289708
854217152
374664433
990140081
296412255
148213893
882102416
3742133
69560054
88236190
638497238
282054194
578238322
387567323
819583363
477115323
365662117
300520367
441203552
975900684
570113288
322549650
44653156
756099053
419960094
753320763
418239390
147802928
531055279
725667339
408153942
689316802
761668825
52678624
37990506
948489273
718549280
446754722
538021455
507829209
639476671
361951701
168175922
8272286
926664101
903472788
193973743
742310956
955864914
770429109
554334924
553450459
144955025
444285599
738655964
325821139
260798238
441372282
511696343
240168470
618178995
497933661
89137476
143966526
571846366
173584694
675968237
159909997
152706933
448090409
262618344
40585188
26076087
278169888
841838483
181979694
717807087
893753049
12904546
187872225
116513441
29472813
483063325
298246734
695629379
250992445
891335954
798059765
408112896
37617414
154339321
581901968
431732557
842940182
131119310
297386159
785202663
45441617
177541938
51898172
376954009
136764747
580297805
419879615
754480992
417798929
170859071
460498418
627391782
972366911
149095674
28921758
736669086
449047256
793656006
413353855
292020793
765423773
836509058
371110357
20917527
529426984
770791312
168293455
123317404
665637428
76928829
900548241
638819321
846313392
569460494
194755613
232578865
860535238
106151345
496377503
125237007
224242291
635083992
247355577
839652284
895069504
630181731
780698201
499325436
603326272
79730816
979051810
461475241
967953544
437325434
919965131
227403233
896912372
796331041
406601692
884681106
524914909
432297898
866054159
924457852
19605755
911506159
812446106
120235710
156389000
957406725
381204667
777730202
816332193
839692428
671044221
41497082
32961453
788156254
94920068
261974543
145480981
599869092
642433646
260882117
915005531
547953282
496910874
370626155
707044897
184589907
894174430
225128523
128270747
168329780
754610606
395647781
503706555
634562026
414398561
617510471
70571576
478877068
443902005
432476508
683198017
548316313
285510573
594719636
222222308
539733144
883203251
318921881
125105779
334576000
848485646
933644628
210399365
215023562
209629320
437595457
90944230
349637895
636539155
871597857
103074061
350921974
312008834
36560794
384816144
605008662
686227276
265138388
115306230
131653813
572299026
116500804
268737462
141304500
668311923
793260985
39921659
912834570
913431825
853124547
214091984
851793481
195940710
201460552
639928963
822415957
21226749
313455693
130004027
819870192
844232086
737848242
868856508
930315461
617837398
552517716
496732755
616393397
374338997
842425345
747491584
312148854
760716576
579467994
9382810
951760889
726578346
712716595
283697875
82265126
466139595
375812961
632404945
525597221
992068818
24258065
45783406
492182884
708408342
893721919
136152917
536732542
656586242
890695098
750000698
585094002
800802584
486999510
230929504
118728419
606485544
858126913
139645147
240343749
250941999
683187297
632943750
808129782
317794087
173943012
697827687
46200007
939503095
817906651
933591814
501086530
857517223
550183527
423402232
83094962
407278270
609221306
310145193
24754640
694388385
415129929
787880089
257482564
621000527
470574951
888005001
870931249
677897221
86718771
394379879
306469122
933107027
935777184
596598996
703132511
356362567
977253423
693084962
878801293
984264908
431601906
86011305
75007378
444719692
590923692
187033934
752614099
689944044
802214462
767319914
794775499
327139185
287787187
721193570
893023112
452859967
206529106
295589218
498437540
259709337
81901007
225954963
752655693
156876991
735697539
404368795
602264560
617465268
693642865
825731297
378307525
983801129
487776081
849455596
406618788
433093181
781412731
55198324
942391980
137978381
207616475
686498753
949511943
182935274
795971161
635344093
997740933
385368396
80239243
194216848
839272765
713184535
669588406
458070663
629739427
613508160
156413396
707143810
750917571
609935396
336602816
98423877
94852024
543981174
506088070
738461177
497637684
903366238
921261689
960481388
382845187
243261243
483518817
452534172
526056154
712534134
284472935
291267160
750192312
547092935
391571551
731538793
161691840
593561019
125247777
359143188
930450581
178713574
680951478
802995760
962080823
828113073
709586235
306103530
878139991
568056739
974360021
992550797
229915282
897908880
678689122
760122568
755342504
585885113
157870213
442892244
37894996
635098359
79129798
221428592
802629777
577083693
284012800
986048011
127751861
820152424
669829287
262218907
599293937
722367950
393835185
912438146
639774079
177848915
653085620
884369140
533909938
452841064
298923454
853526274
237762278
597964295
693055091
63712937
385452006
57979495
961011020
81457056
721887786
127445291
897825185
377041242
135463156
916677056
652898734
616216161
982922629
615495959
291805763
587601176
680693112
952104595
347884996
401916664
727431574
343236825
665494729
713104809
917282753
816092593
718169583
102092321
654368901
89360213
24615396
245573357
551875064
111741556
691139466
886813114
819041133
673003865
957244945
21551479
516553579
865989888
708944791
109269291
95057163
143969877
449097997
759715401
804263184
407742923
943193179
41961927
554848461
109914721
3478045
435188750
40974853
696041165
3744240
332846453
950028177
875614558
622321781
97264087
465778798
664508820
604920326
345611125
674621518
861092865
4974382
176747795
474886615
15899666
158838848
536269769
425599920
844256505
227838680
110916527
638286786
178772274
289820385
720320912
196490917
582350780
695473569
253575872
671946571
676767425
77211397
307609825
448500299
111775557
549271386
789631252
581690284
132105273
810706209
252379025
629442477
130899047
941769107
110628969
853137971
189954741
603073178
713275386
117455212
828619768
52552964
758768100
705449877
997324264
460378488
387051056
586474946
508534633
459853593
105346441
114065832
458185640
733596831
420507363
326629243
52954209
920922175
894071759
490751801
360235564
799210210
862568610
798794957
290947922
377547227
149693984
2145546
392074632
763254126
806356289
340459792
215205342
337729338
731437049
126209716
386501955
251343869
658575881
170638190
118735217
216665979
276666301
138620790
894818835
157566888
539545703
618476750
592206861
343418081
561569765
152040888
657678074
850283260
551759431
624483076
980374166
100915438
569006590
756948510
983902774
585151679
524003515
478837145
486647614
837895974
572619952
465599918
711049759
522396522
502741433
951369610
515004343
232702798
840966230
619510851
555523536
490550137
552671043
343737000
380963183
208968431
253828932
390360513
626790265
712215138
478087169
382665322
813143825
149666168
305620114
805777731
965819092
257855130
251155776
980323442
674157983
142875645
409111442
639456766
103803120
959687069
675115923
104264955
243513601
962566465
445521784
841218766
539285363
868619562
276810129
969808776
397314975
475668342
72439493
210727171
153369672
143305039
915627284
194368910
704735704
757946478
541915142
512284987
601626973
597627743
47793844
383643277
694380687
61077031
657774689
330697702
607450974
122070857
87026278
393062303
765906176
825936251
782960163
106981755
133641984
802802469
355369638
377278097
624022885
337231158
620734838
595869981
470361542
4923862
664152107
920928783
100801306
956129641
461093952
1025260
912673476
318529311
982612617
906386862
603757897
304663768
959537687
772350471
550906354
948069599
739291830
677594249
64766125
287505120
990096915
292292975
9437993
921466329
435421417
874807231
802661230
214790336
941018087
845773110
516616959
305686028
650886368
868018707
223274775
575735526
745475796
593802692
915018091
820555931
577672559
411474994
858823029
247885507
199072795
505335502
545284749
746166405
804608210
248349303
515742852
583491819
144484107
476133584
226098256
603198702
957619677
134989783
474028033
268768880
292544513
983987853
834129388
397020689
518293185
853466806
765041742
750731057
27227508
381194405
301051104
576053254
597724463
399037207
564845832
103477388
854297585
851876437
257276378
33316154
387706666
54843353
561305277
467609406
246954607
808321446
828117276
464573713
57732795
940126619
429406300
110657414
589687353
674840649
797211576
521291259
531580286
214855504
378668287
163918496
398011755
547516449
115794842
763014667
97529384
815098469
937942025
98912555
169745903
389732811
884135894
923701456
764331758
197586465
725078868
732751863
551586854
116531610
548811339
973879355
653048348
254278708
854154899
572523577
681106857
64141319
316023665
584243696
791637691
414739505
860177230
515114093
753537839
885494850
661589484
546160602
283497146
98319238
242292625
452043763
139903095
679138465
514872357
733631417
203184021
453819286
672545698
900143219
230768638
200291752
246012338
5058795
425350777
613940691
497169587
695439619
373668873
656820152
618481140
992111123
42679280
152273635
820147571
792328575
808964961
912721576
315305869
13707867
816909275
83508816
585072977
971259658
487243967
938483773
454078535
231389943
151188521
460614286
161030390
71469371
199813997
382387177
30051361
314359477
535798491
320236091
98617941
449055497
673142892
494107111
126525714
745200486
437189801
279356480
919805639
832251957
630059883
538926199
503025713
856763600
14668494
742396621
691507487
996772916
800325331
806833680
572404601
65323741
372685049
132921105
981269834
776445440
556078072
321610585
851076615
494138715
898201902
308455971
685768790
470017273
333366175
91614491
776650202
921314703
13630924
923294205
544258459
798040353
904910444
92821401
279921563
686091029
562230076
191632607
367064184
420315493
470426635
953825584
320718250
14366272
815041851
142437079
497468539
371719700
270927307
59823548
411870622
470641341
287591024
859400079
683848179
688404282
509220852
379852155
798716819
771508844
935623240
293450338
169489815
57232451
396048713
943779481
91850515
607558142
766448439
297220628
215050591
265709760
99968972
539370839
741402906
474142130
907793714
201570860
56702462
830148849
30300106
336831769
346029402
89133724
914402838
297396092
527740146
271524824
826382052
393849487
522786488
609600402
110118695
801928637
524706877
353769582
424113374
499483442
658854724
534562979
909338598
819172259
306606068
524586638
505594161
595539895
267076545
424723469
636880879
862524277
340060398
511872812
40164234
157731466
134803980
289302945
340717758
806201687
690156496
494024830
676681004
332035296
443236451
742335282
290249512
405055566
481390548
558860105
361646204
893943128
338433180
49580980
740291538
599608896
368822234
542450368
398775166
471031832
596971401
157366070
981888417
869662213
622768611
540464572
527013070
278310234
312608681
634986638
843097057
564580347
347809425
355655969
883090795
497573547
909723592
193547321
320136928
298103856
769987658
911992729
294903509
427686589
656735190
362892318
455755564
359737017
51931365
693641757
317149872
821573933
7072788
122250184
913674068
158685700
834423559
284518345
22432150
92819056
107319709
634793961
234411003
775562889
620584518
663420038
882556856
273824578
577022531
293830656
893338102
477922257
86226917
958088837
959853817
364551626
788518897
802088309
547669274
682141664
404165394
295404987
548503481
499309723
191341083
55627240
233632898
529049219
363905708
891076651
421046488
237316881
191883462
183839896
180421857
692332351
90856700
232299760
755941307
351309574
467254785
599409918
484539755
17667412
45462443
63255421
783984091
382298024
156367913
761998456
434579904
954670990
627108424
295113435
885534503
802182868
386841168
616401804
734129504
636769851
591862002
738864318
884522801
211582476
350567433
895504376
481296776
820627193
653336830
941061697
366833404
561757194
180334459
344373884
109238212
560886614
939629989
826064202
747987586
755928800
953077404
832616320
453629858
606595802
432576551
193369480
397307530
805689329
101340205
146978546
6257571
671802507
941549383
641844022
810685557
459749188
870505362
164365156
857443716
106420466
566136530
469671156
817884052
450589688
49440694
957681641
29170518
177996696
603824680
773103773
977263331
111444314
323470170
381093062
461036915
746980112
614417613
188867930
354239226
324777951
865138300
295714402
71174951
566346543
166050007
639775032
377462209
163339299
781770203
562032981
979831124
148227290
539261473
741439457
718234113
83738805
705686443
156865585
909116373
252220030
399186838
220618877
79267247
975687907
167803926
108188505
393439236
263694684
672846234
104098176
328514157
352505949
359264970
387067409
765041092
190438720
10806143
59894722
607932526
466208835
825125527
913331079
220541982
317492265
567932599
673185475
416575513
638949276
844479179
756017699
514873945
696111383
500332084
52136493
79583982
820649484
360746770
981173190
139136098
391539201
87535432
603602834
404788914
729054137
592583782
425986100
456343273
23603209
547278667
254580741
861157679
607297055
579590349
67033725
443686324
856241135
325832707
597334597
574770438
454361963
798059848
956385668
827708730
668105609
951279339
869792574
648586777
930406352
314659193
222188373
678344392
56046407
140745195
984318701
893953000
296679045
414124829
85821542
715658740
417056822
923482397
244765584
755629410
313199887
168206643
325412090
31244648
390146105
695418723
181974464
627362908
169470329
612518427
639140059
819866303
628133209
9998496
218970841
843875707
887191330
746614683
411426775
164153401
175938190
942946233
574339939
218743827
700812345
685761227
774021042
55829481
189517755
233865457
631063483
911679415
475920141
682580584
839082295
719625731
788453013
192468859
523073309
851294700
719917372
979868130
636512560
295491211
637059381
560180240
962459947
4781116
38541837
979134117
295817683
591194690
363467078
461919332
243375238
346905303
86302450
187534444
187915444
298571712
685420001
941625806
508467209
966479761
888906364
955560082
943849763
521941228
62774454
541438459
733614362
606209869
631034754
976822563
72498848
866281878
572524070
869346259
807018985
886557057
113148510
773828461
586222544
939962084
39887408
369407369
441844416
138545067
180117447
601453154
214164660
593811255
236001591
339613180
681953802
970698567
81082249
933402593
513318919
354564494
132511545
513735052
536645828
292875019
792501707
110887733
533090473
847087430
249867503
116103937
435577135
223749217
205911546
311546592
461144181
960596331
775144014
960697575
950874099
388127883
237184459
747398554
196095876
771862102
529606036
217180671
673873802
93751874
663619246
158046474
250607801
67565534
459530840
474536383
605335536
379425067
485532293
368047278
112277825
516742714
292423888
737315153
873740492
40330550
288046716
12203744
391775351
945120083
686977567
915804983
917483194
181417262
130683731
729576970
693682227
538498150
644162493
179883339
227883196
444675942
757943211
616628359
282672875
590357026
72560890
603566968
430989888
907616113
600492662
988842980
390906539
131064016
900285444
600612166
235718404
720624191
68050310
264150184
31295056
290607841
498033405
119621146
1287425
133387371
718403778
167055075
936365179
560397395
924892667
490205542
593532129
165799286
937248498
714195645
504832050
726566841
203875565
224928663
715970523
326530674
832671503
594030202
571491230
738041984
600137595
599650825
27204531
819687056
867352775
144468631
638832714
328988594
241365976
320457116
243005671
83584037
655054085
276225467
147125228
673539634
156952638
544259596
284141346
807799534
561580576
620396653
313339791
454876247
191190292
435498760
912275371
121133089
55719795
716371566
951517175
429416682
157825757
504730681
792371225
38035728
286237084
755530395
817613930
129368415
146403539
802487010
817702191
597114926
653946711
612415075
915952899
435946792
801316495
17386132
530953395
495460600
646314001
377276519
127844573
292699430
700647696
614199816
420033471
12707741
563472649
146103128
730889282
142900922
301392317
378339383
436470169
797674372
132995539
457000910
63458226
719533673
304086315
585645709
217595772
839672681
574266646
869262384
238710407
676354512
800754669
813542977
505667053
616493438
249351
409853433
135241439
946902290
986219602
878218989
569348705
897936416
784462170
346735762
759797763
138188527
470892777
686195591
324912169
622786748
365047696
419571237
458660617
116430715
861789126
294958694
965562763
560916237
491922665
405324852
326767077
893713820
650712780
217722869
616707627
775706672
140116723
195455531
129998466
341625748
555957318
159211303
743349009
739420440
636999590
13621337
663229071
753328748
562350986
630679510
782027709
735560282
954322420
733212109
456019710
150312374
567786028
628002963
783577447
832068483
360400175
721021915
296984948
37660605
579256140
788879140
607800755
33252763
758669645
358145630
246634626
102798737
848469386
819598542
765063643
477476613
952918768
172045540
761237585
783923648
106859264
778582070
249285635
389454502
184373229
836897820
195644120
655640193
143782741
453664717
163546180
777809071
397901079
543571105
962555808
227318338
463993970
186055708
764054947
878441353
461267325
252991299
21846862
131553218
94631828
450060444
649911555
521854856
449669972
7229016
30649597
583641687
205163053
369136895
981449448
913477751
71193019
561766978
749707890
97157207
344931997
866908149
353454989
229854329
446297747
117293369
771102974
306369396
60699895
881158688
334670376
780964405
513150562
789776316
979048437
431033872
267551298
287210964
623132179
732630090
155417079
552755799
812099112
507517693
844849244
732291616
148845219
130186412
765933336
629404574
488088463
573223380
552538927
297586285
459088066
180306525
58440322
523572291
417068057
318289962
95838533
66516832
241261050
468627528
125679823
740236043
246347356
309248140
77924770
47227313
703923304
784652288
754692655
987281868
398222128
512905060
179915401
709212550
873708778
834348716
573913669
684302866
761527428
953679096
669494004
787340711
246036988
388463823
824808066
800486092
503107247
541042727
514269136
939888178
213001985
950838417
78629338
449098397
374366404
906552803
754426057
314424651
841099834
452383519
641822825
322294783
761996616
724822054
354850975
822721512
401086727
905196924
699137418
384512949
541465262
872856688
315163156
185093778
896459149
938133344
623311256
132294645
957343427
869761775
38868822
781399179
587232621
711587534
836945327
941482457
435688695
746428889
440151942
371206425
210204006
414717631
48649550
944005568
232371929
167186571
640462381
958194999
149100698
887160409
304371374
390376251
365981678
588671587
828413759
117928908
396824518
975557146
516900673
746075451
949284060
780489220
601025149
977922699
152030363
733633792
68462910
710327581
700890731
228522894
825614434
179532034
204624858
172101471
349797587
899632685
284228465
915079102
133504460
709228338
268191336
26557055
911957957
267011171
838621033
910179188
622553572
294618097
605471148
845748011
337512734
375705096
208662530
967552777
297286092
874281448
500731790
997965796
921815945
735493676
726236216
710387903
338950187
212730882
614970752
76510642
591320934
4676284
372608130
151721391
420229962
505449201
289464153
168566230
992131947
6474345
210064511
464881755
22608422
63584582
267649112
491031659
471704645
437324167
932900102
791421422
347400015
452237141
423946512
523674181
509432655
994607826
624006874
961940041
185109670
564093098
840144988
711465522
906497275
239719929
235573152
600848581
994402203
488992237
125129798
542505310
914652945
517025777
379150102
400112659
84849525
310232443
910313516
457834685
943999937
973148906
786610761
655058163
595620827
628160119
719479124
616354018
995447833
909574178
204201304
306572768
283063381
926023544
330341306
175146310
521732762
435268598
231538889
865156387
342954177
870231948
274536802
888068421
431027030
743388379
648574939
958086035
26841283
108142538
515066074
870596801
666094166
249642919
581013959
522810157
176085147
514848659
504358080
667340655
791290544
794189756
944097072
337566251
635776216
746412679
780395399
168854999
287206728
449582788
802973815
723788563
7824585
892893013
259731761
853030359
119907313
796756674
516449769
707835576
387623733
581026250
909048252
353050758
830890700
966842749
54726407
261169448
338222108
712684716
407775595
735771783
882583662
79960100
385120999
376219205
504192185
645155331
333401877
913224648
235184433
767573064
810965699
577925036
943667688
563182991
409401287
290673442
336737998
734422887
358775133
629781613
636523206
119543911
761578186
823740019
641387402
31509463
906221107
484325866
585235230
958078786
704206816
137138506
27246116
444360785
389407017
838344161
213836414
309576504
995640781
577134237
68470950
747837290
87613076
362575553
317369510
744250648
631752899
260065224
54287479
141637235
581548048
349421127
163184463
791903597
661511140
56091333
353990656
736030758
933740507
772767337
473916035
21071645
907343829
871000156
966486629
206532514
19963919
706143451
78335372
167606205
928180924
405288100
928386711
24024850
206411341
524487620
756648912
863566218
975640069
732129176
306546120
215411061
539982312
245604691
603938082
410151635
909206149
515817177
679269385
742895263
141946593
324418742
129841641
241079464
473300558
289867000
807247573
444979935
735405491
113603234
964250782
910000052
816324440
815539429
967543035
403655419
302033862
103559202
353892803
365376055
259467141
643169624
312084702
290207922
745338421
95321652
412344578
997160404
718435442
638756999
198800268
108397491
367407638
760348133
279227496
646672737
819706717
110735599
941016885
398209250
50967930
152852861
97075307
168567658
154483830
277652845
272859578
773293019
685178027
344355076
822441860
168003681
705606281
341830548
24752963
217129848
919761093
947321870
578637802
152427223
746800132
445600733
362706283
208457756
47597878
4259085
550613520
299798929
82995221
814934783
846600601
61444763
479905358
941223156
183349211
50804736
801774123
261381607
343590456
644941497
702998952
333063531
293734200
844373694
206123404
907653070
925721452
391938182
570958789
331052602
224413449
170746279
830306336
696466585
697525460
805872825
974355137
131095823
744950967
470241133
35985221
368931542
82625215
417603536
631996622
194521816
808787778
411457217
534350626
396512326
92867521
332954290
777117200
336702288
8895682
426825805
442603916
867292437
881596098
835900965
334982201
118755159
648299597
144812299
360477303
832756741
188725298
905420045
200567303
542758816
381765591
570967295
470732596
250779426
365275429
318873480
900109180
553999476
289767261
748594035
620910484
335446747
610674121
173373075
750999995
450318058
765977576
444750018
317879431
452596358
374253597
691197925
135688283
970635255
244239595
267039281
884485800
208407455
532983136
921211780
263838320
955294783
249135835
190364869
942420191
322345680
950097846
351625231
969041654
555865936
668962818
192772115
466708607
210735209
425912773
177660350
362841646
561447468
414915420
859159756
666574194
256742159
882935444
533583138
899313773
372995485
902689001
677057705
817812450
57348644
547269436
79775277
470138995
579309397
831514226
654399272
495280333
927540490
638024295
278143873
666095669
502933238
59994776
205085566
976631624
115940280
797371093
195815518
779467163
677781975
857159062
526599788
232061761
676893393
783246010
247844840
721512185
262744813
28819020
512261394
412016520
87371495
567033262
761409025
112918327
506412958
526720588
404100224
240069434
277223369
89838580
926214362
426758124
974171867
212072424
523799895
563861207
177871116
766259296
24733427
936072668
742778127
89681400
262051474
649803760
36035221
824906562
699374751
775916399
944615964
94200878
239031075
215605599
631576556
353247332
519265068
143702104
45211939
821869853
431086438
160399405
150860704
803166052
851288416
261472964
411659874
486500913
974465778
846409077
928739011
419193637
187598909
361418597
748493274
673828579
856938412
111929230
597241029
671824205
201604061
585742159
354924895
300877976
755459900
605212843
727231358
9293811
869150466
769144383
793414307
440780885
368040756
459963773
590919673
889977322
334927814
464462919
835155102
130987273
207402461
528596528
219734582
29310359
877975040
212380386
668935039
195483097
804099110
361744431
963700955
438735894
964167000
575961677
677352737
812512641
2966746
620401229
834645859
339623006
701756662
622719996
865882383
226898990
426000445
897088872
412934282
290575654
754935434
430793974
112434808
105444793
994699135
576953528
180155809
876254803
140506222
268567466
449466695
398219342
791249403
863808298
899117725
807966137
754816253
339035536
574691909
581631065
346193968
284962115
449146179
663498082
5166935
413801965
402534720
200342874
769180554
39328353
238165801
229301271
77351316
876551171
589020096
863144589
165972345
875337183
619656787
496337596
68140673
691854674
363617545
597614407
206101302
80032507
120684694
880364179
238737525
996857837
266937503
528586627
937940930
67797164
835832454
33446184
784484227
414525703
580006411
687088596
615019397
343328566
946573599
12015752
4476913
285324357
54505957
630247590
872889855
847473112
616526667
573868226
701982844
986683647
642381883
961449323
237189192
194467544
290395554
573003474
181283933
772318836
296197041
222265470
570058908
916632380
802555161
59645096
760020704
54692702
263226128
445572913
267047506
681211671
376365991
369342508
136632858
690516894
728111353
364628684
804760924
666479976
436290690
568343019
368398633
756470519
519806550
992042231
376749290
185134058
424199194
264695418
212376914
600978633
525685331
7864911
943265842
249311821
616081440
815464265
831836266
387803948
656100502
224656869
344491015
283253534
901056837
804996529
664716848
516287169
866208151
821659734
477903820
689217549
901794810
444367247
135090275
229841343
189673403
439762058
179829223
504878908
499104227
112760169
219848793
393482491
370336292
891620110
292446403
889276669
504812776
418822605
1929054
718339012
490103680
854923169
780948682
970822004
55234719
793494451
595358601
137371116
48386636
310620334
195646239
543002608
509646537
34496593
87847846
9622072
138332349
908452327
509274236
165628280
568370129
753284131
395280845
86349189
134308944
888069159
568645793
57658072
837883042
540337160
917925274
339817418
646373326
375687910
845569836
931074190
882082380
454963751
869828627
658531014
424405021
898831150
50237672
601511179
476272089
568601047
676234727
481057976
240968602
838685942
760973165
511662213
762268080
93336787
804471613
172284261
420202679
522537560
596293441
789206369
96086792
308746655
542976743
674465314
635942011
794593446
814066744
157811141
513740607
280504026
422320232
496001130
631376950
260666664
939752926
999482944
61823405
651656837
470296079
603423488
37782386
490369787
467795099
613751812
944152226
609266955
773685412
688010792
815451032
968547333
981999372
280106129
150084831
581591585
836778956
4199868
560006531
143786335
195896616
817348164
456523240
237293489
599555956
645144052
717765778
705328520
21320670
916550836
168221899
47082880
759494601
5536914
92059875
903225851
282952742
628971800
258953615
542625999
173635361
973767079
100117929
321324776
288702139
110148496
715408466
38185005
306215380
942458669
424019675
369854324
107472214
956948059
393599918
317691757
796289075
745846086
386388525
208846761
730816924
943387273
637674659
465385467
450992546
544559166
582677001
886618625
473770126
20856406
118956210
200668424
25132131
571173054
1759544
440607041
159439363
641390786
356657859
92601866
343195430
536759984
326831804
162735659
276260116
172025462
153281210
20327881
981956647
760126184
783915249
726217095
618384379
883510740
145262509
838107754
625540616
876911965
409709561
98202232
581467008
503451055
475053931
462760568
656577148
937546832
946970728
242235632
726691078
960758547
449085587
150090462
980398877
774945939
65036087
797251009
962845488
296199373
953274519
831111051
966550245
455144696
332094513
442587808
35981711
360190737
634294427
219499515
87324800
650292096
886863722
997698217
727197436
880884075
190743437
377120623
525802020
56869574
798275927
367711431
533365822
412961283
538364676
790405616
186935317
781078576
319750624
869028328
237595349
779724099
730282274
578223023
923512218
299762981
789456155
991238227
359624963
635704241
674176758
404587806
285234054
941629455
37527474
801207163
884324471
691634988
374333958
336870087
331889803
354895860
100086441
337979721
412377527
220833799
956789191
407934702
279335748
865792272
380533966
415650194
675702167
381686620
683699422
387119988
179162979
576200539
885797890
58801427
226279046
933687015
665973370
194326248
565934251
834383439
733553597
174617599
979158853
405139844
579382818
146076508
663512487
376413523
556183523
257703928
582985055
646843324
277119878
260248984
332814364
380058294
830696617
948540320
999614376
847757925
449352008
689650029
222010889
932557746
485949153
342368825
586435951
318305830
652215600
808693534
904985207
934034694
898769823
900342387
996655390
504601280
545488257
873571376
547650201
601839160
209567261
980120980
611023646
196835808
406541695
39337182
846061190
523211723
990247667
106730647
862729670
815167562
337288920
487266234
725526908
456206783
979356917
194319591
751963705
12576498
123780382
142295234
632822698
152217962
365870802
688446781
411503027
12498565
913811672
248818579
118284999
657199571
105801480
905245167
41007987
157909996
865167361
822409849
941221687
886342464
466676166
518047702
883168024
609411353
84075727
705395556
622664199
223290744
626843380
944162900
359288302
217549852
962970435
287731973
488674668
652148914
977847855
163630241
997033547
985914537
267548330
914739172
53236777
260414647
131356227
74338446
612555372
454517686
839791948
625405397
502623456
482975385
732388875
810721722
840374867
777677805
691944885
621188033
688356892
376796407
70506786
345769331
310969853
675051329
942954600
2339882
850732452
216192485
106349970
678970612
737913830
912273602
82648782
12444742
175246296
544982956
177469248
245410792
418643750
862016612
890619757
594201364
452116007
508798362
816293401
553136695
283288282
385831720
592047739
903644038
65031649
488138145
891407655
639146185
945057659
413298634
483160816
819107199
792565058
965711543
278699902
47008082
49174868
438598832
403314761
136359713
794388581
534228724
38212102
691309948
761187679
828333542
190205331
796745399
355272090
617626149
997279745
348878009
574917572
899446399
551643590
823136145
918003102
430557210
928163837
10317876
299390006
289945627
716479672
334282739
747133634
733834290
515121473
12031299
800800093
288353227
938977242
566615546
385717119
217548635
593064728
164207147
630051884
83930158
158969374
6213345
16312644
932182728
273317757
126007954
250496648
657895403
346184426
473163970
745929801
188203102
347785097
52843553
935284991
530977674
918627142
185598830
456822451
652493127
589900405
317034611
450242696
575170848
819172458
310511711
180648552
995795363
17995830
128315544
508999724
337867625
58441602
956247505
952234532
285424268
449669904
603051356
440442494
774042847
278973834
884536116
398756150
185030929
481075720
284104389
863008801
428899768
450263722
146758005
135733432
902354865
178811650
698992890
925851604
744806646
989905652
172634394
592306799
319930096
974463009
300153691
942771354
195300251
698168620
882855373
187975695
910209396
76874053
469631366
258814197
764995291
877833964
720812997
102030142
918707374
529702132
169982187
491891706
588353346
916664871
671686092
759448063
559226558
161300233
252434946
808962809
104132213
44517047
782065266
773432471
747576276
879862344
887590318
109275090
115719852
694308173
342129659
736357572
254834082
432942534
8510062
139840167
446724619
627542565
14806741
600649270
711859055
799338715
955764246
382387362
302193505
936502443
673068659
537239437
971687256
616374787
605649653
729261794
483772154
704869147
952308630
454953319
526090821
383746071
816267406
92006872
422119451
476316037
140309576
652983520
396447910
465433081
134058823
862752394
365865006
416138025
951416863
353938550
657008424
267900360
546393478
631105221
196982236
959022810
11064458
102227154
865587349
74300920
168332043
842648986
57138738
569157019
850779933
749022539
469291602
914984184
767147072
542692809
803365661
708850326
475050268
265861292
740438206
533227502
734555816
861388366
288457453
201358533
352979862
25946618
631981550
887720428
656510598
424744167
218330629
528573558
357625019
317445267
499436965
885972628
627082494
966551518
562110586
878595367
127626324
453716674
432825405
593949610
996496799
750735269
277714070
633804763
314675554
957296981
832949960
72902792
530059681
795647941
935301181
473758489
669878042
451802999
576465932
184811893
521418928
412956938
638945549
501061965
220292014
410731480
7543806
78289308
891059518
832975383
363702570
558278631
848294911
612171929
604949053
305974221
503844664
688277716
574188312
707768638
174210228
211668619
691323443
377430727
369782442
581522873
489544884
588131329
767919987
283669617
634040858
20532176
18390739
706360289
908811568
562354549
529267641
374777518
406623725
923885982
249553803
456653249
281267130
729233929
989105097
159790084
989043667
365624683
200515297
745568163
408569154
843753145
932665454
757620771
392400497
335652544
436549648
869788148
825353708
421062104
12932134
268938800
757411381
803077181
207206134
614025127
422387906
79224227
511067997
770161628
354509664
237346509
574501774
602391645
683037704
767228948
657422923
819641113
813364614
219631458
806618117
307756107
435368325
277404278
694263348
552561200
215587673
322332560
604734400
256555468
753397728
522539
653196381
423271971
598708812
694928699
106492209
782099470
154114998
188402676
24665048
148182514
808344571
27457425
169981336
425281868
334785737
353400882
283237461
510884232
246273087
486503805
62294712
91730190
966372002
213835415
685093605
82820394
764877337
643643492
280896851
295046448
662287840
965607254
357308157
397799140
306511217
767057705
986181886
109944014
329060437
890026683
393877157
332809127
998106034
286873164
251587383
528725314
625479461
517302743
819207057
100778212
668970896
248928431
343866801
864530172
281236451
743210234
688611169
838413728
165949404
207401978
21301973
404323646
353985797
449706956
527204035
6312632
594845441
507303209
8812371
970510754
763414464
454851689
979451329
66436751
796865358
759456014
730982058
737011904
514138398
203038404
926081804
138251966
454385932
854585270
292736556
304504670
724920696
63234567
961228563
112843146
167773165
261665854
434884537
952673005
150977513
263375109
131860491
221545436
904858999
508900240
436451387
887221810
594266302
496946721
679556941
607205962
683743244
439044914
50668887
103995866
877682977
167349031
265773358
545040821
608674612
85518445
235705337
402469062
116016233
177158662
162935468
407239510
66175161
469560888
966446027
289388411
965850246
25176252
761450459
710163076
454274358
811739376
172624475
41669691
331322921
494151745
968619302
363339112
377421247
245303414
999952067
271827254
791007499
416998101
138826225
521755153
764842678
852432570
129456095
226100146
17351427
930864450
339873883
475240345
405723173
655178589
583172463
106060658
437692397
982296680
546270351
689530435
712795544
610990257
332140178
340337558
458192172
658764727
371454810
167439716
939176505
141388324
560426246
987597112
288016064
771332439
433127811
329673915
637753043
256894868
628156188
362415701
199787049
780034492
403566253
426848218
827130539
669940336
578685290
144374064
764507094
884836331
3394045
878953429
655253320
585419753
294275548
364986575
86311307
438944555
34704091
836434448
710434625
295297747
630870242
999513437
867410098
880836359
728838182
646221291
740124374
35701190
827461404
694868191
420330936
604822264
799535067
651145523
220082770
31616074
535060795
676526534
872089259
265865869
671751689
390854338
195772975
436848120
757207322
659609100
483628639
611159176
270151548
781422052
244331529
663687213
879942566
464267092
435563154
345856606
847500230
901842843
302459189
711074149
982968645
785705311
66265093
508920309
50225811
727252315
793635901
674797025
452721763
120075057
577272071
644554667
121476077
41922139
977136704
889181694
187737596
140831287
518001921
747758862
468442878
773791990
943331455
840688137
781749687
246413988
833566943
2978199
795024070
122656233
360723821
607596556
960624930
718815580
415108217
991690183
296026391
50014116
372446075
766994620
847298028
291686097
66943112
316055493
229104367
149630090
805825992
252975275
925039221
161579894
161226995
268194340
531592029
685871307
83163917
201306198
712182483
264593405
674658515
760079507
857587481
764258322
169078468
948477333
598940567
926378214
813521790
974238179
328066451
39631887
972094555
930444097
853834309
971915188
946033816
103604719
822128038
857211677
133313411
48523833
969027394
958736779
558154990
155701461
133366310
245474107
364518580
614711989
858317529
469406803
555970570
265523938
646070320
923689845
744647946
347539875
740014030
864645270
57514048
195234984
216911050
450212941
481422018
161213
494168010
770811804
383837304
179190318
872463485
356126160
789077511
429047126
82821024
819820454
911591987
484287344
106879688
765002009
223710826
561588308
19183418
873135967
684394654
734194667
828939423
165419834
11660585
241948806
945086219
580938536
117813013
827372697
779188293
459160502
521295803
88216606
644758455
582029805
567420924
697962582
600370380
499271348
917540231
949432183
769674467
178766047
851622099
633377897
910125911
435998742
875990782
657039096
904341826
169498062
269941801
942814824
535060652
959032622
595773204
817460457
791036344
440257747
89226036
486781242
397522977
561733048
187187781
964680613
468980291
327285171
653937270
311786138
137754828
93379024
24907156
15646875
565514986
49737009
313911278
132980755
8929098
394892040
483958002
550245312
484343356
239641501
505400762
254845143
60991256
761001756
764950720
584843134
755622319
472133056
615128083
999173800
139540051
241652564
302552810
568450379
322128438
155270892
151194313
987732579
345066137
915262724
766051059
251972211
581364809
193470180
447398081
867626421
484469434
595898688
96394475
165758279
991582531
483888762
133613563
139780667
885140363
239080192
662764245
22501435
163029040
348769645
14140451
473542478
486507095
206404042
183927803
111873317
619370170
297812650
731053245
3604789
970594633
946957627
530404704
39447256
734364605
890099114
270135817
276083761
197239548
23964530
652708608
802443958
712790791
195302085
855682648
933678939
780653801
427492880
61899428
798658829
184599381
39622580
203869986
155362346
343110599
255161604
226635993
135439002
210707868
264433225
496098581
478244946
775282498
462887602
422020955
842649299
673129446
212806398
394539415
864298805
603210951
971987155
295514723
369770313
480633738
44906522
697911342
399787635
166162842
217190517
247033307
610374122
394163276
829057714
378571521
604588642
563795564
935441303
252940417
768422246
956575018
885706754
980335059
411568363
155164997
281313483
953425142
22897717
659857148
768966265
247713710
428605744
153050055
785030494
778130961
58324539
835961144
370710393
534808877
992588485
837803083
693458805
329529898
260905292
812880610
243971352
72092367
30035155
589518653
164447170
187288728
32023096
484606750
303123794
243964476
90106319
937366973
182562221
234957822
81648054
855854162
295291685
992672445
319753206
608362357
642096682
939424781
59691477
296162814
30795925
642680891
266022682
1112372
673636361
235218150
671413581
366553949
625893644
792591017
97522596
140342072
66647514
86764520
133143269
43405364
420948752
689106789
197856626
283287989
184025933
526117519
928528278
539501496
728103994
15716038
555057846
397429444
965440030
570008688
944546288
363981755
668843726
7341677
969864284
88370669
180193671
445987547
364683255
467753938
122614353
934158445
892730844
509216253
419396897
676062041
410677059
646433783
469920746
137472964
530475730
951341117
592053731
139272521
716393012
807051571
106264575
465424832
307435071
10281865
143376857
906996864
448972957
284606949
403173176
328928865
588400487
752944699
428845825
656495963
855932865
877889511
335420089
384397496
636837463
267132755
974055389
928174289
857192692
590991654
379896246
813675962
203398115
144274063
975598158
842607908
606245452
825450421
737097595
965743174
137337295
265981606
968570812
558866629
891993853
226503321
680402944
144772669
378370119
684038781
126018044
861931538
609996703
500658981
406686531
716159855
566159286
835465453
995678986
146245917
363754942
578418134
107225283
8601578
517123053
633336264
237688365
548718599
903733021
286121554
48578306
696657959
240331545
103149637
479766029
632282563
559061967
111969261
300782666
457323833
66934111
483962683
128342821
741493723
665637154
613249737
925589151
930262083
152598227
888884582
367243325
983975919
190500079
908977279
502028505
230031426
263083563
733148735
936866557
183120411
799162091
132533489
96172004
608187266
788807325
109631478
577508410
102814218
969745378
560583297
993461836
672836525
433227092
409503319
887371360
581538314
229983121
931436026
463584942
907324524
497674938
375995384
713835774
313939393
131345836
313497262
41856933
972139166
97434688
544135669
611583219
772596454
627411433
707910112
705505710
410283413
767510511
753283940
439249695
504261584
455626288
993133583
140059942
508444223
556327759
566254309
884189554
624623634
379746067
197726752
548263907
292904194
598655073
92512064
977988785
97221856
448169475
174218579
758483994
383255191
880034735
378887250
443264170
178991148
38123537
344135425
301826233
602942868
919500891
929589657
476129570
774198923
438057277
262273000
610373798
586391772
872812176
852757796
420341716
460892345
626094706
439591539
249261523
444822625
206518431
140546255
970231311
399140705
722656768
515997727
662656132
189843353
444743842
617861183
869158450
187608532
573690293
421213452
887678670
173356634
505698815
586624459
418694352
114330134
309886258
483683679
307906887
109421089
152871307
942077823
605491185
933651095
819711283
664308796
208798471
615029969
328307066
846522161
47624601
224612856
829837189
360526922
496716331
957051755
830044987
393519832
41635481
451194281
447696194
686662488
961853491
826177257
304339598
718745097
799217858
790889092
512651146
353419282
590961243
488592672
491593399
489108572
836171247
690196890
728910732
163569995
52213835
669681308
725365391
205213010
270862220
219601483
983314717
787533163
588780644
518573614
266865900
421461555
173087642
983547874
839882924
700421734
226432496
428400357
728256867
786404712
66512090
109142011
501825407
972327354
323509000
688508945
812038487
252257056
853623836
41832256
590700768
982491212
898346922
818032232
773317239
64198057
655023022
713184616
657874043
899338136
802212383
652705843
473731656
231039608
489553583
734394129
416512602
572539625
897711730
833540760
928128822
137431695
897857803
205503633
247463868
583531930
673799329
260129176
525050858
722266224
304222078
913136766
131429116
232973610
924402835
849257267
655792794
449430056
84655070
21245173
732113044
286284636
499144036
520600469
899555332
346773824
77411937
246057554
152021417
564494055
844911860
734361006
862516989
72658945
929565752
656351866
514977614
869719149
871044845
59054399
988469305
6846220
941709386
662643313
426808943
634958795
268217061
855593123
763997334
279111615
379051862
289153597
201900611
579925984
265993862
158273362
79697247
189164002
956844568
178861356
664228300
460433959
276650623
938372092
920699191
544247375
312237024
707156849
122488773
942872127
823090967
483660605
642432179
144749703
820707533
983864333
523021247
726002531
595563
366093880
724298272
70509152
250698828
840496425
866026494
421763558
435443982
943941103
320345587
759208735
200015853
363278750
108795462
701020525
235270707
577267002
380745813
345459407
954237482
72801145
354229091
875720447
900959405
730405300
478948693
356610560
306316591
140649445
572587524
680905134
988774572
612283109
689090615
191327522
790388306
696033644
401583925
681043872
323508154
498914081
604668406
86838463
226849675
505733387
804913012
616427458
73917120
56069673
655152804
392462361
623143475
507329262
223988417
95837515
155574368
466299384
238705421
368703962
257213741
691827821
946638081
346046071
294479188
185201918
133633734
578765493
818277215
776407220
554216063
98379299
765330749
754095385
571579241
597380715
871229710
244869177
90094545
60906394
302112243
972948690
728664107
707586755
180781739
838685275
780398546
496695534
463353036
236870232
151438986
127909098
623399498
826241593
625682892
687232637
43946715
966948833
234898773
910025631
287520121
789730447
710397636
108268611
894606430
322545514
885196185
813605610
435617735
157008795
991061243
622212054
207789201
695363870
178490133
172798397
665743410
222117373
75542275
791009617
799132175
295947236
618210549
361048699
174477551
87302908
389202408
432548555
10774327
832432971
77317311
948888827
215787261
941252031
451299388
743372392
957747130
993020708
6668029
537516471
795664278
614943401
264019729
479024519
48040057
568234893
629089678
830171712
769534554
714328963
223330110
985930788
985585671
703547741
648612472
107802030
932663474
682533700
592751023
534411843
987930292
295959239
450433911
398475618
309061293
764807929
148333559
562678500
749374203
430093226
951428208
554679523
170694644
332519152
911900023
442938909
31533517
523099863
797538069
200991962
319617095
213659473
908775109
214538715
878971289
761664789
710616988
990925860
727326344
38509873
594624152
93621064
564573202
955187572
228066702
934373243
835670468
319711972
976155575
124956269
21204214
725410175
964705323
633046348
931554998
960540323
965836169
126407631
471152488
932597678
420661407
876351656
199733636
89035850
335543991
818204223
81026485
480850533
945202812
272585850
941869114
647162686
841957235
294312623
426693861
10221202
922854956
859439197
771693665
400326130
95225787
621926714
782656151
471369552
772362019
342363603
90606382
764002329
492914142
327572353
46986008
354268891
178810579
214361622
133557352
567101690
226824354
549207372
351939888
910264970
295275135
415043851
464051390
847849266
860812917
534180114
695656403
270419154
959302982
98351883
707359841
710776376
977747773
299181703
626435196
101526688
807632385
548269207
72362955
822429174
699328272
966269553
31261994
151394374
244768192
759423572
161021595
57978208
602802161
415627090
901817515
620724430
125440915
920673729
314244027
648932854
891226758
472590241
607390441
64717763
681273867
212440184
274646899
406859412
680647669
165502131
208392411
751896664
224298138
640191953
962219428
253462042
443088923
760103145
179520096
153671110
830673596
582300356
856416459
63232051
994759076
671393846
963011053
478111850
501345700
22216455
400414714
160663465
591699221
973971682
957320522
46246932
166298096
259155034
782231780
988781395
659177208
952059174
756015024
57721848
44242235
429071324
546092537
665235459
679549382
345269622
303748360
616439955
842900397
308439519
945765984
817988271
508951991
292233346
463403284
613282770
438001539
509701947
43155149
740781332
587362454
946657237
277364393
415343248
531421620
415212
599668127
594393797
798885586
56275423
680963024
529148924
90711206
52895164
87256346
515275449
408151031
401618909
143874383
780431440
622627336
841509607
108627396
199304797
771648752
259393597
679236567
314817486
777000563
995425831
641506418
889815651
32555848
674840907
408842693
670768901
813093322
51209205
386775724
986477883
383494925
475324562
72753074
580907311
94900794
184723776
919003677
166912992
862130511
805389671
983707532
583753886
254871572
727303475
816279100
754389339
565784907
896559340
713875738
436955590
72569550
791108367
433786874
641179731
671083169
496767337
728700716
913155430
243183406
37310748
503270992
486450693
912569655
941362769
676669206
868255216
742859836
755380371
595043232
111010515
579965706
865656621
493624206
430162194
99281597
928442823
293273897
901851505
170824421
802232696
754447287
173761878
167608579
164352242
543796455
961897306
355233058
131650815
422842298
992092029
884288019
980187607
434472241
739104830
159835281
967490212
577488553
917505058
841639742
58872819
974478339
189146199
297247189
422706706
466537938
498293127
730072301
519145421
663807789
515579458
495561248
513462509
437066703
410836047
813915851
36128009
727035130
195533282
567351442
459003847
667964708
514656634
166594761
493916244
62900512
17506224
589723675
760982827
547253268
783699394
621985342
146583334
28538786
971089022
496723076
791144275
529975389
385926427
306427181
214237705
905422131
688463114
894526891
496979565
898062149
296505644
532485848
958394801
821713209
564653983
906799644
673570219
594142299
968472232
594403771
531269950
744235907
936715186
343663703
444687827
213145307
750308148
888712597
678843679
69624550
114975576
544010611
741853169
852872395
592595734
721673031
940487604
52618526
471499185
479658335
657837434
190548122
33434991
606107461
254071534
505252329
978218153
953506891
165522303
775302940
488882393
858826470
771598147
887924355
135031056
129015859
856185369
989961167
310213387
421071481
405602051
197533351
994467670
848245042
489260554
793250170
241860210
321543195
223381627
32315852
638453682
152591248
839205804
955014686
915500177
811506123
473647409
13125074
774571625
923491896
751815818
657361786
534204523
258520123
75392304
151549108
972402399
458953316
312269426
481204278
714777003
254854951
929127507
983810463
961982592
150219066
63802879
649046419
948552490
327533713
901400617
148344942
510096528
980535280
819914522
590712890
216694723
560739421
210870443
827237789
100416605
565970654
178379317
1080151
476938557
408207264
231255536
849738332
611149513
172353256
531406907
708160480
518246344
770316047
416035329
512705077
58967237
580597676
753724978
351510193
902802242
652830356
978696466
103665108
687549105
115689875
336605382
263496973
512509570
827846412
954497322
821441526
625541359
479558606
634629925
154235987
805339256
572031813
520890845
467187233
979497219
113404896
916582798
519239668
132598173
538181443
987477301
390370042
32415714
304002256
389149379
282695474
427220170
843315980
641150517
581412000
681052083
534583693
914588612
226234881
908323248
916362086
602056734
579959035
282601492
55226667
458468888
436081127
498622259
309215901
606198774
393746848
866865668
745254925
436180990
160535607
442690862
847260036
672714339
683496907
161542402
312328873
32606598
896466140
580584233
147451864
348671549
184196603
429297673
831673821
932323572
506571845
602713473
377473232
678051333
316146468
208520391
201786036
344627632
334620207
678001430
253951010
518266254
158758486
111968619
774678329
735982703
299352215
485593894
609169666
250422774
669630979
306786322
696011549
231469180
698110052
587756606
833836905
201313008
526509975
818568497
266331513
427416944
449802477
509121290
863599662
755388135
143154327
512953456
174300151
870753524
799497347
195991981
409844194
208716264
602117024
80244586
10003617
843440031
903737805
801349139
575262954
614192961
235212751
81095216
175499828
605271864
630599572
980459641
475866205
507899321
839103907
675730026
245782943
28926303
638660125
457136249
204589812
307762980
683248504
559291126
443881978
432395034
419414494
645301335
771803741
825770741
508906205
540113480
555907929
362916111
977507344
45622411
842855087
169535602
684944863
90019911
35203650
434052321
961578652
548928305
824279181
697411744
873977341
722435049
836953486
779279514
609614808
91660738
134861801
685774446
671931112
390575176
255020351
387071468
697252862
463379662
171146059
936468645
251321516
396806501
398605517
266865673
268974654
548153164
204262503
969764027
349685494
477978736
151857170
641318021
876006134
101617561
747516545
818779426
1111084
988473938
268763553
160656602
35057278
244012136
594522190
610612538
822429525
581410862
948254349
790816027
755170884
756774456
56129745
671418986
969298027
133460519
24288344
723826146
777969270
392524446
717372703
941134472
400535354
752160239
217953472
653032880
791034653
811490102
269324741
543755852
887846535
278279673
552627999
106463160
749386556
303274075
771837260
928995537
8002554
631624041
35985332
322240070
674741326
798337907
278882177
964574408
761874558
930081123
137535413
155901955
355636000
585952059
286545332
821107336
401960907
321738180
798208854
679718814
946216802
234502457
825175054
728528796
628887593
552732213
256704510
586500290
939196414
547771866
194640802
185794302
791594545
384981764
534254270
406783710
938013718
247573976
788285529
44872545
329764069
231557543
758899692
581782899
874389931
814615511
449413596
826639200
757623969
242938302
695036708
350223787
311197753
770265899
768000000
846964143
771276987
948680673
245240817
901160693
950689018
10601399
516634730
863447131
584173770
18340416
75422105
534006885
714777658
639255743
118283778
371380031
371150485
680503127
558380872
968107451
877750885
863870349
75913081
588310105
122186973
982429670
728545174
927999838
788938833
447935087
248242233
484553216
658413328
56282323
616709692
264361644
725255461
374587274
867177756
704474794
677643834
780976509
659814972
322234718
396701208
57982249
825078298
85519492
723942101
487625310
797678455
789984489
516719033
276276697
474016069
942894741
983750893
852595780
259404255
923240024
187850683
258049360
80540271
666213277
868119898
40871139
320510847
705111921
594009568
636406729
533276545
648429078
839782650
886796591
369821037
765404144
164098296
119242183
47087940
387328626
431468764
303707129
155243310
17111356
647789048
743074815
1364480
783867581
397932699
684422365
457075832
967961048
640083707
652611143
171986296
979500712
352153558
512674202
95034445
652027268
786260773
257470595
871011301
510811993
822130329
855212566
386269186
303835793
423679390
661362350
978537529
464854461
726837083
357444490
725587652
33008446
684242977
540230574
194653891
336185310
44623098
445713224
906712406
46136726
895351110
486644595
718605545
393404880
891049954
310181683
496848672
573540036
360234150
207428574
46816807
984364341
201452869
574075804
391615355
797321435
533814198
490106665
544794825
520952703
207152942
933986017
255099668
785544925
136614208
132380079
124075004
741203492
104962551
539953523
680475340
91263903
381324030
627060114
453056051
514180867
554643433
340326837
441484999
93165513
101593487
713828941
470702837
122625826
422807802
732855548
741386980
398210377
732535385
214873325
174557360
76988552
964580021
13244040
135913502
544428499
433979404
160084699
539595057
722489335
631581074
320859257
419212682
175900595
722424765
282504907
585631055
645875800
390005352
389617485
42785219
92087659
592663871
366679920
100992243
140585254
926225030
523996395
448605562
80662693
82309282
258499476
658685073
279815875
125335563
145705755
947661276
373626510
855786766
543554873
947079976
187016041
195489446
697272971
382049014
226349943
411284791
466330919
780189000
370300924
399100137
549188985
724412197
866430983
33413951
113185362
150395439
620433960
70192786
642455443
1405599
226881252
99574286
525673483
419304112
856491441
518472723
332391494
176643543
662220692
199720963
931643933
678983437
785183672
641156578
51080149
315193804
342955801
847932631
553048464
293547872
65139257
380934740
256823566
353664515
202116962
719712327
308817424
765080027
136886473
330624439
729628716
316986894
297364355
571213277
955707403
969918313
219964667
246087705
656422163
120966362
462954073
898882559
370617200
903141616
665790757
910005847
588203041
46927473
603541425
647121831
103882201
563544126
233750353
838858373
247402879
290453787
619610990
453974593
624855910
638554504
812616333
592107179
322028763
206286292
213753695
571738038
314313810
226854168
50317849
676084609
175361374
385666625
254633197
448043981
148631629
281468880
649037300
596980511
989546804
679551884
150165948
820556858
940460401
967824542
453248458
209185053
864770446
985234699
605139272
684648768
897695506
718692569
819191773
98233680
398706070
301757909
650809214
961475862
331045874
564010251
789546388
964476658
958026795
284327154
336024373
313761528
579963103
359951645
879758766
509862690
644807829
26281498
855650878
259349990
764699781
558846315
974630862
775074523
692453011
314046634
781759301
102226085
248524680
431848078
532662903
474795227
978656725
589488346
99265792
175726648
992665245
580591290
454305052
374985080
116384795
996036746
804545569
899888913
397942781
63198088
620907483
742704830
508440588
442661982
801369159
258608485
336247002
346857518
960491163
960438437
951855668
692823108
688492177
204720919
866644361
293827948
518898067
489024310
674264642
897498517
521552746
650453058
784190320
959926223
120415824
902931575
253440921
187757877
951299610
721346143
493717852
301312202
883985506
217374753
872994507
429714054
288392008
868662030
263257896
802965957
485230564
629680809
317654309
438971840
987067079
439371323
58031293
745081459
756496183
61983603
757669673
193613096
831557478
150017553
136313735
739344324
592243750
601879102
48703468
221677591
929776109
151305404
53073799
981295421
868140960
478213114
580911318
137621942
303843525
141458761
528292636
181377267
275293609
833577529
550894775
615754962
930218500
945280997
147048327
67514251
248550506
539375786
240579860
389970005
483077660
969571592
120903360
240948348
656729897
291950642
947863270
456717464
367921234
246881491
144102796
153757373
20819479
923812540
372099799
847748402
570125749
566843250
654556683
643706482
283087599
266697061
904692643
187456755
426209135
937677005
796464956
298126220
505374224
104622895
84522999
822392161
132555281
782235447
839288187
276330111
982789901
79550488
392742122
343395840
691691732
779736793
970872693
973231354
119097000
645274440
696772956
125142224
314670829
952960051
554521001
877047514
593108737
470580009
297816483
822290824
126516690
207876341
227872298
320917231
104028064
854922790
390669172
91654483
346816886
21328022
188135019
753637919
878882881
361013644
265473122
190334432
409698188
772114471
777238278
596251274
775923170
379643996
480321056
26231786
119779073
353815309
960533679
35178853
517172264
799859746
505644109
102182170
252809650
532855066
66861982
164405776
983556843
682820496
972727843
919657094
178195108
336791358
620315056
879599092
649969143
974167218
949377737
103332101
763350772
377561402
262641866
923558704
100274664
498878000
683158915
913136812
17435391
890788912
376498407
821059141
715906463
946457550
265464251
765750125
552182090
291954471
65226839
87383697
435136803
83246506
776085980
432794967
768821783
149800188
608007469
142847590
917267314
851138832
465757711
241755211
658564744
61165806
804605979
717592288
306890181
295380760
478263415
123492421
105002284
337946625
303253770
138443301
869827697
83718641
440873021
800361909
818160837
788292646
526933664
836640305
756738679
205400000
718640449
171565361
854144271
163394268
195337719
308674176
792514551
115105930
482087099
431147357
339101762
905632550
922010401
462223711
470800034
541182627
694316302
576554019
72698811
629521446
526683804
998843802
388823710
587627395
111352431
346912043
84733903
612662493
295920574
798604050
504597751
741402741
536279145
255380785
978918567
953403746
356144071
318643023
314201466
112592109
286185916
42081275
209092873
631619607
1644503
97619647
460355012
440563690
920466906
728682666
287190323
810594971
482761954
994604376
176075704
391042795
275945130
983728953
209822118
670929212
619429770
606217015
158470324
63215988
345195987
306244151
931969171
585407245
704051990
726619033
196486373
231420500
477859078
250953197
753859803
791428160
182143857
226049656
208424986
976996798
598103853
432601243
738034118
945997177
643874983
354483612
941837720
256216848
726724617
28964664
38473549
901317778
263198332
235046971
418225135
273674790
677788369
626381766
119618955
520474795
26596705
741670204
671207190
821372142
342943161
186331883
918589813
329698225
397110581
986979340
713937050
918828884
746497868
556411285
733654616
381089546
736893512
466457130
90416617
80610614
331631160
525563383
278078210
576542448
662378776
197713338
244884678
804007843
669653226
630984392
588935202
339355901
241181059
328964551
149242846
44981538
825644880
682999622
18224052
712583261
736561117
55704691
360668621
890991768
472398715
673836447
339695819
416070731
336209609
233159353
856062780
531645586
979950069
699749377
839643785
272532605
271830322
75792045
323446802
101347939
36573814
528959686
663685983
580298941
345242470
303365635
721190287
173119534
127364071
531518974
163968877
745647443
931447788
254410178
806463539
357139426
601831958
527132516
366375655
606862253
863412848
869323032
726283051
982160947
868063781
352955676
470672143
544254035
142551707
503446878
67898721
637112316
929369637
434980096
850428183
459929592
413090523
395096029
441886418
700352886
441419008
548229859
537595689
852754604
101835243
124439734
154046327
235460011
784852516
158284892
328480323
726702098
740842494
879763078
204373431
593105482
1205756
553187873
493849572
998568331
891310931
149596030
146980566
764143044
757473976
332890771
426422672
81126869
525834735
548578266
759257921
526649898
913659522
512043915
695678945
156966929
137999947
210002689
515855233
590113631
832247515
105603925
821960858
224263525
391947404
929143023
351127524
839409440
261835069
680881953
600594941
402780097
932498629
123022852
984460613
555916948
945850930
313405433
926632213
382923556
130001034
552785921
502769951
381010612
373801057
189932545
703865485
683668193
648187685
58678658
733140513
475973272
480666186
392285442
404881099
20382984
435214173
13363267
708480599
942069759
825818624
866014294
387718352
464717128
641701652
944144041
667948959
266353776
881959483
837873745
136374564
913911517
624288969
763885826
647203951
373844556
980403941
885853768
972586137
531215991
65192536
475206687
518508097
727427951
255139477
386806200
454069609
141092489
596728323
548147277
119682959
407969804
960182128
493277529
807870477
523901344
801696664
168932394
299288768
524513144
978142510
91647705
651839360
987534226
228001210
784096743
728322773
829379
473983674
791918223
590550519
779705893
896178085
339860962
952284309
681809829
712796344
634807092
755896912
991030968
919391632
707690106
478946642
86582909
906743055
187039858
140941049
453814786
932424400
259967211
853235805
583782665
717787609
688015043
176256573
929613448
628817651
326261853
333374162
249792298
762501591
387577616
227404352
644664630
453516874
132148101
320808442
558045467
659764269
321059934
130633720
83251645
136911006
218047448
155672802
10731699
532815746
57629885
805986853
189595435
127220070
360624513
393973721
413286970
246171799
311952234
808509079
247290725
138307351
394633856
854607794
175126548
476642507
460523698
693289470
89710178
980723446
433457650
5392159
391460180
468302956
523439490
389932260
951849904
255213911
823930820
152197265
610197109
912497961
122729772
865256658
814955169
598860202
833191870
554437359
772867515
530633743
362281023
872461733
657138532
589107576
86088893
720726772
34308852
861831153
506677209
775818848
595909491
817994875
438841653
282315651
816771984
354216997
691699759
272810673
43564677
974487411
870581298
983141904
846077675
832160602
891307952
628289037
794340893
645970101
22528533
374681374
11206688
893630370
509980512
684895010
861031173
614619537
501026764
656583588
23064037
316458760
459000791
505503915
990552315
811863744
690125174
947520432
282646779
562556602
224292312
480001268
415253064
918895254
172826451
666828377
75283742
816280585
45488885
604247289
440043940
979503677
247182026
254363457
691524335
756330540
705493753
653555465
138485690
80298870
39721074
631307194
934401945
946525832
695110251
964572010
865387281
935841364
342145088
861602089
92277814
90746095
540483444
534347682
75210408
108221107
65187553
329783852
2404588
821062614
158030447
607638613
850387766
175401253
487369975
744064745
592628206
460461478
181390599
126425775
634367990
19635554
348465799
604466604
741644338
14663897
351935801
673019826
489396301
915007719
984819903
214281975
667469552
548548997
854387950
952691251
446908853
134754187
927201307
375982247
280141968
294104505
448516811
329056876
853624671
231503183
311097956
523710042
811039198
906098829
451384869
672485940
493720293
15207917
685744320
579253412
50737145
9452742
811294171
953766363
460284775
712438921
328568186
372104963
23112735
541781685
142490179
908539169
233316779
351563519
188264868
797546571
282818546
252933575
873873679
4099941
260476643
587589172
999099672
433523253
787000482
556846768
534093321
452558291
128230282
127495405
426233831
266224970
627150385
605290614
989979555
987119522
199966115
412233071
819945583
484092375
353535089
981604552
524632458
532734097
163018384
366185560
480631251
739372009
589401336
629501800
781271023
970163261
949507896
17566259
534347245
659587397
922797667
668362222
489854791
724453058
695854189
186713914
247425759
383813215
393672997
652131856
556512055
512891595
417829492
682440829
410509192
90660132
552532271
225385327
833169505
389410583
243046837
367649632
403744952
477034790
324995651
5327439
872161484
552091469
558573626
833377275
966435654
425694069
718913766
940672
665376987
204502434
108663805
335591194
64537271
128945022
462225525
856898713
996777749
410021270
72073000
824025371
637970726
990172324
333678062
582155644
170901836
302124902
612356735
538968343
734167527
985074312
719589692
141998112
793782852
997853346
358745507
726653648
597867683
407256525
52753732
925563903
726591533
414528818
188896583
176103204
40104347
409796430
181759687
536072479
357199424
344121141
330852744
682228417
793557165
890966856
642898485
681894767
344065641
664049262
703635814
532754259
898574290
296698942
97175485
152144739
558966288
418660857
34608983
243730026
718778473
879606440
263874800
625586350
766451059
69829151
512870438
230209962
234794117
865829432
255762410
273654096
530305855
496273023
607558309
208439408
456758324
15080545
238114648
333755685
749673764
39417514
982269759
543837858
233547571
15888337
614445493
753670836
777025220
476048249
979902631
698374731
735941628
928635196
303321399
794160258
765161111
998793403
396831389
416591828
885060178
6598324
868546406
837708321
227736933
382074673
532533899
272088366
37158919
393001892
632286869
758832983
354782631
830843000
709488442
478887210
560321215
479282163
837358018
364968958
440970870
369631641
627579963
222139289
734965122
867374961
618210699
573207391
79078988
341366525
876974563
251169760
672319155
151806997
123716543
328305222
130368430
640564159
6641412
232921532
395541649
654706744
797927149
904626803
755640192
795158177
187356463
372582696
549100966
922027464
951853655
140088102
119420135
419231520
844610561
560295438
236329169
165969158
658585258
613519320
981087368
899677264
266598566
198756555
636891760
496347116
655534497
210774101
629845694
621664088
741815563
300981673
173923648
525016232
498282494
329128923
552708856
268314988
751438567
651065586
277850707
121931633
38708353
875384105
70058432
188862878
343557955
336336645
486489012
525970666
864449223
466764403
77048673
697411182
466466686
921852680
443809760
492125243
55491910
484294198
1073987
890608657
808694466
720579499
386422872
426785846
284630221
598349990
708110957
986774089
935882966
738778987
452350928
569131564
568364657
895958745
416882172
409531668
712151899
376772486
66095920
802458498
127105993
654010838
920551852
982263651
240729974
407718958
968873453
869993700
887470178
149038618
82670088
963008969
958396045
750106485
782771291
496079486
380348099
811247784
581570088
740515714
344388254
257801488
85088058
266075483
180224771
18048904
336074196
308209803
42482096
644548045
168654601
996564454
900869235
46152575
240818141
162921635
870630886
9276805
121790896
589544112
572330117
429272206
597288001
314623511
45301946
876327856
815640776
409228162
776164402
122724666
580417789
269259978
287852450
806804088
555212252
289648289
479927786
487200481
636509308
534105638
921006521
881410985
500965238
811154773
169000442
35481132
326040266
729069370
724459839
557048921
552858510
831326489
308075012
750817241
730291721
21187165
789517536
126209267
465499023
135044938
707298172
608559138
591169376
566409719
167966481
128805014
137135106
567577581
4053960
561606238
726453853
639420278
494158303
326994644
730481276
442922576
826386950
798315320
755752042
413656619
266636979
178102896
819269016
556342081
449148589
568173750
750559825
684301930
973192518
450431236
656667235
626067150
988516806
572182193
675414306
920735148
269220507
318453077
538012447
748388390
765428091
342981513
302525805
903898084
182503590
819289579
982279437
723204047
782263114
150653008
445408313
350679139
771333364
746226537
56610714
232673752
38818684
290987805
473820064
214949351
301539122
111421249
21306600
889185174
739235999
540184764
37583631
464366645
759284731
726598022
980990638
681768269
909084053
494209346
51186734
842576855
335622080
200249621
16663945
113482181
462281127
110551256
180683472
746582602
145947595
532422630
30891467
681241341
64288694
884952367
436768482
349904964
868693953
68947124
653141007
439988820
756165597
164792942
556855227
168575931
713856067
827119666
622755163
268727374
361810354
266800237
614156612
529127486
378424905
222722169
955944386
145099401
439410315
576145729
893240417
497985484
221848709
817878327
132070836
307870707
573057874
167729441
406423506
515100863
92282791
500941609
532622904
105419568
379673667
478291500
536470177
763342763
546913612
64099509
253914369
34150742
920141368
937201474
565770662
751769230
457228363
702124722
517184579
722723028
970575886
391224534
599473106
270937462
393672727
751607902
707325087
165702096
875402034
445518312
178683592
908522052
499812681
401213541
272237888
578948231
607016393
764787300
627688948
553735395
127129830
250492476
310217323
382778762
943711752
748595600
256671857
196808560
421990179
494314194
706441170
148223803
28108303
215248053
219635267
688855584
867903482
385601381
464898274
212001527
484893996
101918754
692882980
991116605
871102002
114768323
249135489
614165024
903579174
111459817
619383959
216193278
387866167
216893499
65115610
790356653
945120259
42936934
77278395
670929389
852937262
517659842
646659640
895195847
987568312
604379117
640804330
625636675
57646085
209818747
821231905
856778749
730260383
958422328
372032623
249575727
629963448
734336691
66636170
103008021
867821061
372054951
155544465
968828911
500663817
785198489
490271600
365913585
580788616
310107118
726732897
699145741
21768893
993177514
987154974
122377828
904445129
768499845
484192919
569928815
896678552
191144223
570072690
260580407
126400762
538551112
474763996
446587303
970096740
858329045
367175101
759084438
35869849
497544376
861959517
770199188
398360575
672241590
397377182
579139062
396121270
497752408
249419130
28003245
879361444
724685833
175524134
295842795
805414314
483392996
227913357
706673490
312381958
598154346
885854371
525144881
28377947
697288230
383320855
395442579
329049043
312539528
224325041
538394249
273752950
983027789
429019396
891101220
982073005
887399292
942413309
106461829
996217441
69767475
335042134
554583401
408970269
294813122
275395189
863081569
966727693
660202751
18346300
496700981
875441928
329766975
513016422
706595167
853014375
890418317
642591464
211006964
206226403
373350086
529744089
629905788
587793197
414865023
290773204
102735743
221900169
831947682
151569220
661393739
95245841
385256252
930517075
216789063
982180592
837655102
484795045
552607863
36650122
296606756
194025325
852356210
887506283
49831546
425979802
737038343
331855732
75289359
255897515
139826030
683312781
235197611
312194266
956802054
795929002
928522831
12072016
840254143
974046074
345057463
806444638
769490880
253757674
822329238
251660506
683203947
852409987
266045324
368936531
110876546
107106597
34607664
145429043
846748390
734639971
705354975
651479296
450522927
52847889
920271874
623589702
939245172
238768811
508882340
246842438
186813437
836158757
315464600
347441767
209755204
86276924
166581836
692249864
362830834
447887392
324998398
615169906
597329602
734045854
813740033
447198927
374387356
600944287
117715204
679829963
859754029
768100408
14548218
581236004
649614551
226113639
976054694
500488032
456806996
711741022
535758453
192303124
384942704
722627538
255122585
865998620
685314715
863018356
664222212
362003434
333393466
591846582
105472663
952116182
514803275
916063967
437457963
963257436
181463525
396818804
941147855
886438876
632466104
284599887
757430266
450546765
382881776
42578710
108759440
282584023
455197546
748205979
659046142
52612610
387589592
525533231
79318747
648028256
162954182
87853040
926880948
305465275
638487161
689395782
121593858
805252433
604962003
570048179
977579763
700990501
526286819
796145364
501009537
541913800
796294843
164366126
531808053
488202303
470109256
599026039
621215747
630026167
491705084
905449576
786417758
514589897
60277767
31088816
108250207
434886899
484108521
390164154
317048330
108127837
903704630
609000075
36937051
468978365
911539184
430897099
383114307
277131407
940057747
798618025
961507447
133721158
225712292
659241886
638473715
917059339
442804163
366459185
665557671
766105505
959091267
864909999
482907558
193889361
1216866
817010847
392142618
819199715
777674891
665548376
45311128
878581086
74362239
510408582
90676476
837690766
620162263
968641003
652208876
537370593
955541729
314135681
520054227
109633793
717955822
848803090
709135098
329096749
798655770
428531778
422492339
663265305
864552724
544404317
707022920
678491477
824090795
235658586
935146828
973371595
509442570
75935925
925508385
365278757
675074376
172399688
372748770
105434597
410587781
797941909
498274601
761226030
515921487
673376333
30077077
208452670
62712036
996209905
50228939
403098399
927272213
543139299
507774133
746412969
111168292
478315053
349080087
943309983
767578660
581464914
942053368
480135427
304470281
611235986
467153722
516976439
24928981
835155708
544401480
244738292
221580023
273116353
358374184
282699389
528658328
369120120
757901018
785352855
283594841
978503658
271193223
391921595
32294775
381212752
523528423
942003686
644946915
263117434
835195859
330781986
271456477
167858014
761549007
891778520
200449920
593610287
930390618
24218600
318523510
499064251
561449085
665563318
270977737
39194292
517245057
437503390
627344153
687140742
236354226
1711393
607282172
530847343
572998586
798235321
28578677
319963539
15870319
602362173
475296565
901034272
2062851
858702399
599034705
700931474
336805767
486015064
453193534
129674870
471835161
136968189
370249007
343800612
983092481
853305093
142884586
953743661
309003425
740484091
180998758
350898562
723555578
965577875
865109701
762253495
912958568
257755484
950276907
464780733
849931339
409602933
292736923
900473695
653907708
573538107
901830571
363757432
348462337
334210953
526489861
668532950
329277325
833311653
495859182
74722036
407043940
49965078
257969756
729556080
725756161
946058
581085395
424048860
589323372
804885689
227664809
188276155
254387917
498775161
468171374
913735403
642695099
437860967
370212446
672496278
959305947
172371861
57019225
789264166
600999090
450125075
39649143
843024500
992426148
363594595
856320711
633992656
508641444
445624604
441931582
303766712
102817024
912260120
786854005
989312137
53112109
910091037
388737528
443026493
936922074
4003884
608886984
336080557
521094135
866418897
661578302
262305137
182363329
293618177
100236260
506437999
87935454
497450809
583394976
421948548
755058820
159093807
681084733
359478829
397338889
485556586
793993451
276135593
56093964
154370211
211182552
685836425
999746462
378404370
321954119
99858956
240831868
720911398
511041484
53589491
477832714
30726565
70209635
405101967
422142499
722510386
489061309
149862849
625103095
542635855
233950914
479491774
566075984
853673072
84756439
336352680
950297816
212189301
908714474
632501936
100303424
23839032
404578080
688238733
931982727
669813206
529060184
222149696
499285169
895709392
543601624
320163234
170288082
151083417
68103753
952498175
59941214
425491589
429759173
754888954
373594019
871356467
960359312
448041466
933089423
984814138
208646556
360567156
173728995
306496806
477792537
477902613
785441283
967086277
451894599
202374177
45583312
488416633
59079653
635006335
596775201
35060274
346211969
680007719
162550472
72363560
54000371
875456781
77345686
24669450
64566599
160599676
749538129
446672712
166770881
46187570
682693211
378388412
610838432
961255618
281386171
936226851
521843561
686502622
539532242
647790709
987864803
861247464
19130832
389574442
835781256
800398272
860227393
154598754
605941956
432792217
937097113
151681855
28473355
187090568
395597238
384798178
285143291
745335361
392715063
731345637
401491362
411911448
197740922
543436359
789330395
360117145
344154547
847683302
858057158
898488821
517650077
371141398
743167590
313879102
55992323
54670078
937498274
658626782
548153789
742262835
440204659
127474886
446089775
33270608
304052747
221603101
63643969
747446411
615423542
135831788
815905881
888773099
432963347
446701261
305515839
373719274
784339177
848223404
336515526
856350318
932298480
517680429
513242141
101634336
506476702
18029237
370301552
821189292
562215333
96731801
646250712
374578461
651154709
177518770
803973631
280734984
543759424
268577449
981449800
688427826
499350586
960687000
640447779
978137719
981218931
459916250
713064132
168975944
624969906
724626787
314294189
69104283
486957898
469955635
590949744
915690854
195802286
237181276
470313170
70809332
29146739
498687225
798006668
989404342
242894019
210364266
699067670
721096097
931110806
357706215
498901550
932126698
399070647
5146355
829215344
438734005
370524733
771522924
38090272
48279613
278035497
26067444
625089145
488515679
899713688
294931889
865712179
394764591
814786043
756876644
620936091
4409500
340536270
705734048
623971572
256073932
806618095
350740908
738223107
834978491
235667504
788153717
768780454
676523438
553654279
752383452
635403016
547917759
864612563
804818100
432707274
178562090
968383808
543461996
60776315
922222165
273369875
90479193
468898588
487990534
773230699
721276891
935385298
201005118
780346102
84939661
87384322
926310459
178360930
509019782
736506542
873041287
718070942
947132736
330774270
5765130
263407842
366555671
607432405
573431623
956957028
680868368
218961597
650361027
803322104
507580736
519872227
125152967
249686587
993732831
354076556
332921108
391448066
112609076
549671904
255493388
181852705
329865380
563373783
747542440
551649706
690904827
814796735
856499598
465957740
510328982
566072182
223951041
839151488
560982330
817613748
453447095
212404334
306468725
888537059
374947606
122929141
365819222
837955573
264072332
778236836
745966274
884060988
222117874
187540841
746479095
615968460
151210369
321473359
944138606
547424800
797311532
132383033
825081321
781970616
421554586
846526918
808060928
675101045
809913932
767073087
395061126
942479218
30894185
763762804
313896204
204501260
715162755
750918670
34402747
379198728
24523130
392081304
119269277
623847045
206469492
16354428
531649093
542611132
498104976
646522111
528615174
794610022
799810518
24651650
844176641
765348994
505604599
836511646
208780331
293259844
491850997
70181798
457127669
330547180
704419552
70684395
774183319
923865447
214327547
23439622
95364321
635889726
798424381
661671939
636214437
208187072
687446362
290650630
838838661
178396246
254211460
396435547
169764385
608702029
430714250
933447743
15692900
43229000
897720860
514657376
701432719
593730907
550798378
882608208
173852287
901303119
23237348
558415022
284125792
519554057
807882468
330184719
189297870
310741325
992250132
440816689
232673249
902945630
673511113
731756283
447615542
993733340
65922011
814154133
510309547
503746839
635820981
385639023
181235951
935409700
923302760
640712627
329501482
310406362
517408408
912406347
154514263
643135084
471341948
174340621
426240717
457726529
239132673
584243815
354149529
79839149
740032503
580885911
715707724
809045692
811963502
205712457
671957598
806925435
373318510
966764927
543643998
435998983
30271980
354337560
411586685
67484564
91139526
857844021
787715501
304668785
927305928
884778193
178176661
902882420
939296854
183095734
648142255
697178557
249770863
846721974
776309069
594680837
100614393
899518439
910042047
255889760
136924156
830420436
812026431
98035234
487724741
585836437
570869246
870332778
760906878
330831860
441608294
476149232
672484374
431625011
453100544
193381034
508494242
953640058
468628219
700748732
774779571
316041405
383503627
725278305
949475907
153394240
559091062
439723727
951534691
939783515
321861330
635214515
687478347
87799368
296998359
577778322
445118168
641988290
46889012
400364712
307062855
260489
483629456
44253864
423628666
441340452
514938727
107837851
512348370
327985690
704235180
648394263
382824357
579134805
867420016
778823282
758488765
483900097
622775475
695265874
651388229
517395814
12578264
554490252
412940818
62483582
634599356
265469893
244386875
61965862
138035583
9776680
628565872
920806191
558452259
583408227
252841601
624972357
418350439
491096074
562347882
873291448
767972311
788544590
264272855
751641565
243333737
927020729
796726513
994140222
924800362
252241248
27995960
88840742
729702342
113575969
622198211
474432964
833450595
973653955
653748510
602633690
466528778
626572035
632319177
676935433
448507457
748746231
469802949
709964433
948469928
872935197
802449078
80151241
592164836
279382736
435706951
454529403
293291570
16034869
210727874
133249252
524034686
320300828
578122790
571606855
592520009
281884606
530034324
460885366
877431025
150068369
610481818
688350274
652646578
186605706
658106282
498348841
141022370
164521276
864928611
500491071
842754948
205229524
781813469
627228935
827236019
926824448
192629131
42256106
864567525
593140658
182111973
643007147
628294127
399983410
485009102
105720996
316347293
900668976
19993428
87607141
944369847
845705788
479457806
727316768
754051891
903493581
90789356
123858307
831522149
902802347
626706939
807031674
249718759
132247239
462866085
286522312
211429902
375081817
328071611
899445779
22297309
84475687
651031907
397295056
681871925
935446775
652163445
704605959
840924378
825314468
849533269
823608712
755021634
993194234
774348518
469016749
895652938
705695400
466402638
579752567
984390409
898585128
140798781
746826060
168767032
282297921
581120225
424572341
890633148
713575356
244642407
367471106
17878489
124204015
338859031
137068852
898305433
118144480
220028075
235824841
893523233
790689129
890785385
190273231
756347279
448227847
720227352
924928732
199107776
21329731
951835825
273251793
229552154
725824657
747854290
757728340
841100280
994260884
812871577
392174613
683295147
651404375
551559485
658931676
951598984
947064389
615345735
738389698
758717843
946447712
980235427
995009639
946804164
169295337
160830280
799850575
161840863
244725125
365680920
694118381
369162579
804445733
710524074
435156926
359198295
718233939
595143681
445412096
895253911
135175974
77440412
112671927
545483002
57576064
33879818
503581881
685484976
657274104
348710624
939406433
43408948
583412780
498848324
438580549
346396138
907603510
486208694
779909584
505052914
759042664
66950105
983378468
591261547
875464350
884401063
590904301
167912418
11409862
843195941
490822833
684228504
485623176
601430502
258764765
752456770
388336512
222932919
575195976
755257213
680333799
913815767
388260299
143583391
659271555
769524943
53124399
944020480
449700026
424650604
165985638
722527452
244389733
874633832
920613904
834343998
592367124
260149115
91416412
451315497
474334110
977684027
933265306
999569354
814029163
183145542
456572831
187172262
630878940
983299951
45991857
29833204
572176742
540254473
389584175
295543028
509951615
295630932
610713336
276070845
829334714
149747017
739614111
288006657
345986330
42497643
510567749
505776169
964082233
824548376
84784384
57999447
787335663
203253761
764972683
185040891
586909058
306815174
614939861
911955310
155713941
904692488
650183879
817615132
954309955
875979243
681679937
365643452
557627306
284069991
571342838
218945463
385408604
543974076
112569780
158056629
757812636
548196389
485673288
656929664
618416456
712326626
838286064
451659124
249900099
669477645
81443758
325943568
660524257
289567705
81819095
583472635
599541149
282809664
566470880
880459416
276890178
838830605
17939754
164402984
540264571
864755500
585282862
327169772
813662767
885819195
186661337
909967481
990021033
555427786
855764127
176217005
49375173
37150617
573815860
398331708
791043497
201025379
349723391
175478072
396813286
498758001
877238807
109042907
270675678
902754888
149154704
829813321
100751264
713950316
363353115
670504477
300171549
551976834
708965403
253018342
456793337
123083625
408393174
355024217
37063398
71941554
606373124
629353475
678183441
205208463
621437390
547759154
456439676
684928067
407704677
602096725
446811187
800480506
265761770
392749795
427900237
272139888
51165341
549691375
348789147
824207768
639492040
310681041
502060824
365665979
977756009
966070725
989701114
712624690
10330551
400476431
689316064
619223118
376295203
889323167
926651892
68343595
391413501
362103713
148651709
161413358
91557960
386273332
205276127
736020628
245437345
24018358
163714594
417279478
541219722
758556764
632989149
401520451
993377224
94604167
913831446
682811777
329351381
226416106
693798271
743186000
152822914
179244840
506446804
626651573
869612223
312100296
581658300
15251531
497078847
971873143
262542003
967177035
668993357
522983613
593970599
628696225
492387120
300844863
988867322
445480053
593817927
899466061
891714278
720711692
694621722
406855104
244163929
261669437
909951259
567611906
831041038
870945741
956375248
968567424
895173335
34889369
943642790
341202208
21743936
350761409
650056752
636946614
884971855
482124658
531139971
338709840
649153042
399478889
318256327
462735202
371303937
557393491
47259362
595316628
151381185
999876948
487138382
709128391
421777594
390217442
165954776
907631155
342979032
30516162
81041245
92676189
609498786
863422576
274393636
388189580
73787844
279124515
611739284
31543800
577771779
158233227
516969364
872092954
32694523
646747442
842334136
366061567
682141614
978052917
670355808
352702239
407740961
381536045
857079461
588686576
463423721
949468206
516405766
979257320
292560597
986490626
900830217
54603557
474421989
686199511
164204985
378547144
740602110
507128217
407831659
797624523
34737729
560781766
329981104
395459858
929301399
397952231
457818112
494107577
176795747
677083480
93583596
292423535
58376630
992849568
219521611
843527738
601602514
258703723
753191858
624051631
816713957
346174216
432704244
891007294
775213881
488829754
153441065
252012589
968540681
472685930
168112383
470454297
614597342
719867669
269611674
12714582
612871882
507948251
759625727
151423224
149559468
664247972
227779409
701681834
829520636
261783239
754693566
143742850
698417186
43894274
769174015
453155093
421479114
570286539
654277447
218412429
110025571
772478955
618424043
865968959
884922436
473923254
304482224
207916422
429792272
297841463
492045275
129591375
372841830
9454064
665371303
628573535
799789109
465260626
335096632
295925017
932364125
362572306
736300822
811587265
223582332
175987855
780689516
223681705
967343696
696365969
189540195
33825225
753190830
691329575
566240797
44517330
534833372
388908455
621923099
688117774
991377041
319145363
960421862
92427766
572341008
792977258
919688926
770480995
675899402
599024116
976653589
30886031
421559506
428600532
415227201
945174945
159075946
673203167
849260659
943873849
257595930
178411207
574272016
3596289
222587381
909087664
667110490
242623361
204253434
960620977
970248548
267362008
559562850
566712932
517304468
959421246
382300367
342775035
995007273
587183249
155166765
264693879
104280331
476498714
81402836
291636066
28699488
685004523
805255352
355801596
165401871
211172640
851206980
377884468
583982045
970912939
468644257
266127976
372971502
179866920
740129896
434698835
276781056
22507593
989719234
585411414
615830983
886940204
908974803
935585080
623210433
358189543
324061922
364537721
528824627
518359392
405240169
623516528
300981048
157882041
390974542
380817531
233004858
629948150
456622141
112098485
731738152
741521872
561857609
555580610
75519671
314083226
890067531
686114807
700769986
878719692
132009811
774346786
671606412
194830692
791749153
694043525
865828483
817155035
371444453
922956927
754233008
671011020
554094210
536621514
733701321
438160299
294689435
564972182
239822393
793440305
104227124
332415404
981192382
700947834
494405014
139066799
996287736
698797511
372756782
128152545
505002897
109062333
546439314
655820994
228527083
624914544
942314238
518763862
801459385
647390518
370546345
192632193
900262931
256907713
916803168
128694607
603574818
283396932
118554604
910414188
387615864
186178448
258130381
534244502
556815494
506100344
759220728
371743496
306643931
925199671
89638683
166735244
679535254
515111457
835454993
636157121
406357337
42602059
100612665
967904801
163952892
839172318
191639240
181400577
245903870
326363423
88754065
284927651
330961234
672094726
185995234
385509621
772158831
415767096
372029749
197744803
275794213
981399595
27191306
313720452
466666104
840805735
193930108
709602562
225705642
451822001
438436999
603174657
672050618
729965256
900601779
555467439
103692306
142137117
253279987
471396912
104100065
802078317
261354947
342817197
644267339
254990957
6918391
602497701
527779905
318951910
316057244
842575270
943548640
669992094
935695291
644613337
658799021
284139361
224562680
257477891
777860986
990342727
76876423
740630040
524911348
398653364
222307898
24122353
244112825
820189646
677154234
314898838
29693105
30577101
809985598
269653035
46941475
370202345
263094805
849516816
269777871
950446405
381139067
946774294
581289831
836503129
887210052
48061397
500578160
735394533
872189537
916049385
844375169
804599812
382482844
413023682
50372288
79118423
166084377
449513666
104600755
587462346
41973628
551485493
140142671
179083882
312818818
194293630
586736500
16303790
967449260
821899425
107526468
183049259
642445728
381151776
743571217
772001875
788293819
919509070
109186243
915566718
953463450
910974537
680033921
639728684
354775836
566875433
68907966
557287083
809870090
467233452
467202427
792746629
878101706
512903366
273134979
687621
976811893
418190353
818515467
454579004
261768408
969566874
469927446
983985445
720738891
264679727
914120888
829545861
600194812
750219645
24807302
206376082
522359846
824180958
998383875
826273671
69083255
902447223
196922021
777213834
928704814
71257590
161483599
35180524
963141530
577932406
322252180
988945203
517150295
249764131
383124616
502935067
54985485
80884643
259593309
900067963
600487433
129427735
734376731
121069114
868460643
939298708
485523801
533223248
19880180
917070593
974389223
709572361
999488888
674044156
388722172
682574216
579830992
498960284
689754950
968211376
868559264
568347954
335504543
830706680
753923816
191943523
677575504
55722658
53999218
334971282
676222190
993694719
729912238
234321090
4534023
380588157
77537149
546475308
454918492
200693474
607038673
122440449
657605548
762195962
648834487
111059284
439488474
732958446
125327138
825226716
832051204
378111703
225144303
166023661
85461331
389228443
893347324
432770579
449816162
201447601
95290660
777288772
610759600
655192760
878450577
802111756
459169232
937791783
651150000
598748569
305651082
562254993
185164592
483072039
891690198
50767500
108101823
607707808
784570589
256794074
496849621
173331261
814008427
291100822
773086471
506032097
713355477
211046672
302136028
293709043
407867611
875012812
238269936
995200538
113648189
660987143
480491298
831187702
720107249
133309633
245005273
977582037
208457025
511801980
303281275
53770110
570234847
900796212
84900013
819634861
734594268
1548775
893043387
802432143
709005945
83997639
621602079
436744092
566876789
881632195
307528137
799202958
593191818
340246743
830621638
468834469
437385030
936544370
649979843
393333079
416479273
836329198
214150013
907268217
31422391
295345241
191945115
315386448
158282613
611685163
887918795
368911772
580424360
545548966
871930605
711728704
354481136
16060349
522710357
837524234
775589682
126907006
303667831
424911582
557281561
554787307
349429650
389123778
103690686
118426215
170349048
301455455
988217138
732006410
689200068
142791466
58231937
835283183
542383651
310564826
454239293
740172104
968115604
402241716
550843869
29966675
802035588
249227270
766372826
786622777
690552813
292798231
845262378
973496189
841724315
499383675
875981943
972266631
58616190
904702218
123903498
517978862
705311943
706648290
370910090
545274854
556923104
461852288
764286408
583778787
515849653
989888038
103519031
573799545
547725608
409347855
722280358
144297191
27557807
364940947
83946396
463508408
801701303
324159167
326138482
604671250
727715997
344701973
40586508
925018083
667853520
211503667
437581570
143528330
936312423
900904446
722974429
174244953
120462884
397373541
775491445
20605751
263492891
196433289
152462159
720487497
127657526
75615235
693534866
290960787
283867251
506246609
384908571
374039298
83038639
132979201
80150245
23478286
498209868
740695470
519845142
976340777
958613857
600623061
441309131
628473395
663709445
903213373
59800918
272157187
842921196
599598954
749315201
40085608
690408002
820908146
954052038
945879107
433607430
84683798
698620354
556463201
293069004
351138419
852853736
202835183
252360553
654539392
953101047
656686472
595838306
971748523
809012826
454662852
83333558
717929166
891900741
774940603
336553702
666533724
985448977
563997141
588591488
447833462
405288912
771489503
657935572
811456502
750353728
829259473
686399070
351984549
279667105
79074719
793612049
14957220
35221285
637527257
691637559
953692205
218382954
554974009
189584320
754352104
262688014
197366077
693096193
462257892
914533068
574718312
17608163
845971469
172620626
485738685
588569878
361448027
221191938
261421916
203458596
187112168
698972879
272889918
520515059
704760171
280691570
658989880
269092040
666103410
865527883
387299262
89190665
672212872
244340715
930825680
621403288
593539639
66771805
223673820
726564763
762019042
652554136
815672796
268343339
684344858
608010667
496049652
416927798
886296118
743086844
30537928
83681761
423449954
53885303
796419903
35301716
666365178
628583046
264840167
708695688
384510535
838687708
46415175
408130403
825514556
304086812
774050778
462670684
626313468
541368575
890089866
161730777
602489701
454344611
67406420
480655283
95112229
466864293
148122547
510384372
591222992
468930197
916985844
229143556
689891573
383851370
525130724
405808123
619549159
635372110
544625620
171056287
471688355
110394623
55125250
834719123
22734652
982083408
190205886
673881761
788692309
703565544
771062390
16203870
813932455
263092827
361451508
338004872
293743534
501521629
310835469
943350547
602698771
360035729
95104669
477533383
106158675
512233235
41268487
776601668
675589953
447291958
346096496
955438704
433359977
631332521
796264282
271925614
593715111
702946864
204900076
435923520
253512677
94172814
861422283
672240016
469292287
465759381
248676194
660451765
556329262
133160475
155264173
737400961
342636316
333002611
61143961
508048198
925925143
448449384
178909399
468462991
816753615
251409623
737480112
850298881
894837345
324923440
261600302
161486516
529648712
16161938
183740099
550596508
790841902
651156444
141858062
983673217
143582644
948448998
897644652
881689593
595173197
278413410
896811256
862012812
174768134
288704715
592417775
169752473
861340912
821371925
939788257
762419116
508111195
761277453
921925999
36306560
864653589
232676064
291254586
468203942
284622519
378550623
309980947
397644008
883132922
524460421
881604512
913155504
566846053
498353848
93177183
679769472
484343943
611959125
688513725
743365354
948922094
182995975
271217697
425102245
487750104
614938838
301803083
848994269
810191560
217805233
252510661
996470549
130608720
499913278
79079448
420404374
839380124
330341906
574403188
723755729
575108119
426683827
782947000
336430398
987444266
733381663
287836794
768759195
298240832
903287704
487394635
540899667
809816134
653472363
276390193
14569989
29835054
123955145
186591062
639332956
947775766
185946016
703352702
635435846
748283086
928187481
243038659
792115976
463378541
526752161
949304864
689182770
398988880
470195318
381527039
639580648
884990077
986872016
874762585
336908389
58488070
259936299
190780085
932097227
170699425
360388540
146626425
170181379
949791377
722930935
371704218
35008029
254537911
690112423
352150631
340543668
705326580
881373799
434077119
745533871
67564439
153885165
819572453
826924292
266842049
500345012
679090327
51706058
311705754
790172772
91962527
94837891
220178588
991998
782773834
895277214
492477778
506123060
298328884
726470267
416143996
756903728
649356489
630009935
944861507
593896934
533388059
840226130
422623185
989695695
252356440
278764977
63948045
958659957
529557046
986235076
276240609
230211449
844880002
928412774
552307806
475647664
203485221
693319051
195376806
1606369
137483371
155351175
578607056
352439583
399510827
587975972
540673886
653000501
335550952
909436234
436445220
712768075
73193626
813715335
887428420
37727174
558183740
192590347
199399608
765362625
834740083
507382823
37420210
969654426
850024235
1656434
441096355
500614944
355159926
451071467
958290601
402936113
136179799
8515953
998528863
891655748
692727053
55630240
801654681
297975061
523678809
170770361
663402515
132670172
479440059
362378690
947920227
901493614
82601821
229609969
660777137
983426479
492135678
938804738
768957630
6516174
410025306
576088789
280677993
259635820
160351422
322592122
714663552
740745752
327144444
128338726
911666813
509571477
452446752
970776299
285245550
709548953
982286774
761806152
619154086
145918602
911834556
560387414
953691470
481978698
276826164
621047661
374101266
226212504
291811918
463309161
203567553
372741932
869521372
410950328
111845650
196015003
344616481
541285781
885051926
926466950
234573065
428143465
339146427
172780485
666565919
728815702
866714092
478592356
53643892
558397073
688997809
430459132
973427412
932343480
709566652
754846342
555190393
837732062
603509477
897196687
721375033
69273482
294240566
695898715
935621794
713409489
775893977
927096876
803887806
98694934
563578934
607129190
455787364
596251841
976579955
13121673
548585773
620330676
157768690
739642600
450839812
925276737
613134093
822250637
369560827
856386761
130465241
7393461
410330073
400018951
358318774
281693379
964792807
549632512
681485576
469610327
493485281
827791789
602682790
463708945
892447560
374716124
42002245
728796098
239295550
684766057
260622767
32206627
990953123
556419566
573166537
400992184
499874204
964967675
446801434
681805081
985032365
759639844
421574601
574715418
56110462
965497962
766882009
911539661
446148699
26941719
223791002
769939008
64029017
417406502
67452114
821497688
155094481
568113522
592903714
995040413
636345135
808287568
78138475
5939802
378308125
274065448
327694404
25019883
56072080
151106940
779498012
517506731
918223839
833956250
916819045
552638853
821507274
493717004
22940367
676699912
296608362
134623426
73475552
708194557
108713395
111626029
562540563
353899816
184345133
876572058
663979590
875521738
499589281
597298112
999043194
77366019
964176566
956852443
426685549
485543568
55965938
748038417
705270241
70357565
949313027
796716490
859780889
185287733
220533248
413850489
79307361
132895367
718050063
384710440
563344671
305256256
38232750
399368155
815988425
806977780
33840535
828472541
553987830
114331674
46673940
756326240
61675165
477443831
675364821
228408865
26098260
673233818
990529464
573285468
670502874
902541440
205243830
664671240
55856639
81449906
86098629
597003553
315681054
224126754
872623770
600789474
908004764
337310218
273774862
189329148
120594341
373029983
603556161
89813203
356950795
3830677
651110321
951790270
280498175
788292930
554242026
349026989
224249268
452984606
602492721
397853357
746628484
381524896
849932301
92816922
643515842
52547853
704995462
498711411
230368012
608230702
583023575
954419825
730729486
449154595
931837422
473247155
797980744
69048423
357834311
201626802
799256034
624349326
790043652
580355987
666809932
584500299
905590964
747450086
188109102
204206988
135932969
662576714
552049553
183186706
549452252
493746494
966025261
72929397
494374216
321535717
661902508
195413462
364709639
192169365
308641167
375948479
240611463
791248359
634195893
225850084
350151477
504869946
428158649
89596930
9892671
985556912
485330891
976857241
377386277
627315375
254748792
272679259
259081671
1688969
239557842
407902694
223110987
282861433
356868805
172701766
259994749
411476544
408075119
935550437
987836461
5639842
220127159
851388243
364782565
129182150
970492569
873385095
780743387
590089410
829040370
260013895
120355001
797477125
850317637
380818128
692348112
660701449
127951519
813845692
319169992
47890542
69667878
806905375
231112830
810297805
938987778
404163329
76663968
33628173
835916974
963205523
801000643
440124029
294826445
204142775
994703430
401077871
293541528
912103163
769226426
513798040
600271195
775259475
622278895
182244231
915919984
164558670
690645688
92235545
584309273
748425816
62399804
59747441
15417198
276124921
205183918
107041461
653418503
769879520
337160833
499147423
221273198
133454025
861902091
550831964
602273747
131909408
299146416
107696310
911557575
637989303
386912476
562065037
987564168
96455977
639535256
287144475
90279678
737339149
49382212
106289944
416448810
397839577
241856861
355620254
766690638
651388056
705024242
908227870
188594908
488739925
505058212
796427777
324641466
651359059
657661739
619296754
141864247
119571644
719549694
413739001
901180486
674915477
784513874
14359740
829036490
932199455
661903044
943072654
867842883
830904882
80043157
778001351
101927733
553519709
428422356
29414741
316353480
117079251
335395292
607169990
192737252
328603535
729200363
855403931
248095309
834861625
545631161
942712282
408840443
418111952
783453854
980427982
324175004
258262730
126001658
981132738
461707001
557776467
706892991
448685245
317051508
76426543
234851547
941060476
167957988
539426463
60873478
168076917
685187234
333851138
592126354
805371968
452574679
296694711
915967093
932459725
713960027
584580754
917673813
113081026
296959804
349359331
983154190
770575281
288165088
716676782
943732146
609807660
753627600
51311099
971137902
422119104
951440153
261935172
289948561
4262783
436844221
619559413
88310620
370541288
273510204
562453396
828710319
368960731
530492844
850238841
934621366
321845675
349047277
917806920
323716357
767225826
32111597
976202760
225027923
308230794
610636747
189936415
238794364
744252236
841603508
126161174
990225662
67218527
141134167
488659615
732653709
835750471
862811508
319625610
827070325
671963740
419022332
219333584
928647993
755529658
418876173
164077864
772783474
909186918
772786300
384446743
804004937
74229939
46841219
748238194
250304944
205477903
79491000
165965592
480727668
555965166
788499259
850393822
968788524
797322140
357323430
522715355
317205341
41311643
401533081
715492213
221100682
29699358
310787571
141341949
855346620
455254478
741481695
746201458
203118544
372613482
796500774
213775789
56131550
449340523
766449988
210034512
605731915
577141314
781419440
356471154
256169824
693125545
208891279
783011405
706784555
462776317
153332891
835766898
934385826
535611230
495844327
694281464
35697376
268554712
278745292
123754099
467283739
162863168
317240519
538501942
952888377
206965081
252989085
826362992
396117402
329603733
609655121
532826803
578826266
340235355
532181138
715451019
513216549
958736063
109529798
538538697
411201334
528441163
595899560
498754270
859724297
49914473
723422874
409166530
567197046
973500902
186578425
577972866
102840355
404748241
694732344
91044184
356570909
448037793
497778711
51759144
282438562
887968220
274340070
830716839
648008095
282337636
878065567
81013127
18469877
67526245
906860090
610281701
167736257
831628332
95274985
311973415
377112103
236330767
326731483
629097259
734709770
945195974
450917467
9007483
550921879
274045723
251703393
142376917
22251633
294068946
761015810
34987209
469164538
155636955
158046415
701839372
581545334
276748130
270360710
189806805
699272765
623046473
143310798
447345272
819016829
191017096
913170593
989241510
334792006
14623411
60250997
646381589
175434996
718899355
897873757
66406905
867105695
764366106
685327498
868138735
828695001
12658661
422522794
272631619
781257230
485817255
731071867
589269082
649716384
193935135
119052818
86666611
489224563
623348479
650078732
69175244
496647335
627883196
676887889
541012930
243887610
824314988
893566909
541674764
788196950
512502103
89880468
111882768
628008963
891799682
284434241
430938504
245909593
977480271
400137059
819380855
177735125
795448697
306676634
510639142
441985142
760096765
565299962
793761922
627363510
988534451
761442061
937998234
28049610
610492443
166446440
138120106
533291718
546121140
565266883
227683900
290096528
945210596
139250906
356598043
921147376
914562883
98950109
715546141
334336179
780117887
642980783
884695435
817264304
915043634
697389809
642844483
158109427
712878523
236621463
520829466
757917291
898577836
641670983
454246079
650913938
598947465
327837752
198293659
898098965
684531141
30831002
447574780
974788999
647410689
752394396
160505791
509219882
114498778
443753075
5331958
634154053
262918298
822037444
477532655
623932698
952370670
305108187
913800137
160271129
244137376
440372940
627920618
184252618
665048720
386788557
91890051
653377072
690188045
601368858
68646536
959416094
902260097
787429142
718804784
63760588
621140545
488729567
583004974
721124084
351911115
868129256
437363919
731133035
34904338
127867045
127994382
439894882
813248086
685319544
857271760
684862921
349495700
218875098
318886756
627187048
253844131
784094588
268858976
421541305
175373150
90681257
657709025
693327347
405143796
531232269
380696618
339383510
370107367
348389173
553145925
879371644
133084953
415416589
91887372
935320223
640593804
874046065
682899559
896840929
636589573
682525594
864951769
396332013
976088841
79944007
497579991
166959541
428791711
12334200
660456127
297241012
70472231
658695816
168973876
658474041
454571949
480914460
88751859
787377904
734260931
974941119
804699961
817199513
16209618
191393808
121572787
327651436
147865838
107704785
350382533
735798890
319930693
131692293
794333633
294591327
398582988
922358723
269021326
373165381
179995363
358449078
257140634
987081691
865891831
41696347
499206876
523336457
247285549
43896083
903979721
190106404
1297218
64176456
448998201
449563441
853029491
240472888
176232913
823041268
710282140
21294765
184061382
803407758
910823741
38148848
655556863
181023706
891444149
592774879
571748511
330712124
322448796
676107768
798487221
203891235
730105341
713007179
786537522
506149071
378340986
46357463
548940850
529454762
172604074
638614028
824194986
106354712
770435187
437481081
387868366
905667301
644330847
680612913
969107395
336814589
319711144
829019066
280446728
491745020
966292569
254194868
314627839
451087143
310685931
326363080
444184274
740554941
130363003
348454623
942034441
437807425
757402901
720014832
965726159
843851940
623857721
133199979
39768492
533836079
893702573
894587662
228335869
806489078
807689616
816826983
816440478
971222443
115601069
234701435
615506484
590811137
920946436
102068270
606698078
534247362
390222578
313119463
589280531
504614942
235661228
738912159
859835911
378779537
121610608
481641968
679824748
965644986
954760479
382126671
463474377
939552784
318242820
382445973
346523762
148946116
835721297
453177676
904091824
86279349
422766499
788437391
163732928
290475125
389038880
925131854
986916210
795280095
862897166
98065721
128087376
430508876
832808500
252847807
118190680
90145100
157439425
73853473
688238038
648338269
73037864
886193237
86194100
246510491
480491836
222483229
469541277
635328625
629679968
691270755
51745297
805820566
167145049
620721347
665279523
340688103
951543375
420504990
816169364
457356223
69774347
811201367
874650900
468381128
796892267
488810029
603351508
480327605
875375845
388259927
525493058
660987041
996466318
746038110
665700223
559496085
916338887
862211190
919980677
124276842
900335294
465564751
719245438
706547860
873297601
740825530
112742688
87779270
66905166
395136318
977237996
414135721
206247352
357968834
393939242
742189282
491543986
853213492
127033795
280014061
856662294
164240064
107278938
862702262
131899792
528371623
87228707
507818243
789712228
264339361
190585469
832544137
708897802
716664184
352029593
841746052
476732307
779285998
333781278
310512721
208908224
779589174
28398789
867861204
871445494
375738450
260232564
105515273
637725816
161723416
821979706
472571493
263693352
733230729
992235164
848315076
93811771
721188873
25743653
468921923
236045021
112857796
742097002
444357562
280377501
717619546
222560488
242479167
595201238
772135037
191779379
368529318
272849679
258753265
496830227
725926329
535791151
695531644
608039316
835256462
300328629
834318209
213615855
268445022
169170806
586303726
112900262
737126994
376731992
117591203
208129655
940583242
155116481
338824397
301755496
101451525
525291930
246139979
528837613
614073841
634608046
740570099
14893462
552561323
289283780
841169206
710575484
450908928
720980092
463880660
894272276
102596633
186834574
57077311
900310728
504692669
134865833
503561976
123744104
638390292
593442266
431198624
668303964
729950165
616346701
343157329
556528697
624467446
45182082
495500957
363581358
906211489
116591489
443752410
355158992
31438567
595749370
761470146
603019994
844975392
391879290
136165771
628837008
981303717
500542417
905452520
865395735
34020273
218307065
705491733
665799472
263788430
720257318
437323750
625530666
323361857
98033090
47900519
544630379
477236815
222408204
232624143
94770232
227708834
923833190
219198956
73398689
617473191
316172199
488182442
464917337
675564797
288631651
177690049
150582398
733058336
808780087
461021574
800200070
523627553
266552121
24417755
960690885
770716555
901261176
876396631
288440828
873832091
295978439
648253767
241175629
984862092
618516039
900623502
52440067
295740175
802612429
543904054
944911378
279428756
717035258
133557324
46073091
865067743
623846215
193195610
116519280
585278321
517521045
33078914
100947022
891208406
642459790
802412778
319388524
876242619
377491395
584387328
866750948
787113617
249499109
582939542
735356904
998686979
520852318
156398606
798372366
467369274
651018527
272291016
79895901
300464477
314048004
968641661
579922351
827210431
413190734
294998819
235495793
803009003
646166247
792060561
138410270
195694375
917829672
770975101
293846301
773275510
576747996
342838924
408007001
214018904
642802973
76927248
426896343
869128073
748964962
445738737
15074385
164151298
765692278
902146271
91241982
996190768
368949025
434820216
965982793
162136833
491754404
247689401
850179020
347425825
994984933
273967867
290617946
435922566
844344163
607411715
101000997
676683240
207505929
356746585
665663543
368766873
48482029
427001152
713288008
442077538
908712408
60954183
678144348
494147676
711442887
272219178
606941386
13086552
84269688
59609040
654039517
31134208
606921026
466785188
643137100
359937167
653992440
417585460
638032811
150663433
688004497
519175418
144231842
317661877
346529790
175586124
426908885
620500111
311689911
166796728
534996964
572020616
129471977
304637607
963008367
852024914
834476658
751062528
26249588
587065160
812719702
632890915
433852384
161053636
161237600
435938448
944122670
405460067
284416160
138857247
324318890
774251960
280641705
168251510
521223993
518302001
941748888
729820303
67421677
364690409
646579700
353435696
477349873
700220453
272035267
392610663
815083648
217735114
623698271
796582785
404941688
872113410
388349569
239070552
837250392
643902651
950813966
471244024
598899645
911906885
960277958
908961204
845986487
204506581
982200287
920787334
65722091
273612161
924785104
287238161
617283237
312877106
490437725
144148616
834257560
294963722
129628309
83999656
298306446
152855447
67960362
49724366
878876412
552621316
2907197
670810735
579888399
5550564
569468997
632607538
391192938
991353159
751362060
69864334
919238510
215891403
425604777
597471596
780754479
978864838
697107311
349384984
316077956
181112058
499832541
863050621
624383077
374082749
944141102
414707033
819421734
772881222
316544405
119438830
977889186
297892837
339265316
148992157
890711076
313834043
87500736
163549905
466867933
85178687
207144857
276564160
186538948
517570839
833420107
620217613
902161192
912120033
495630435
552000714
956101490
252069375
110229542
846767060
413701106
959371483
636617372
609584223
41821386
602770004
682127289
391981629
753998611
143754764
786110391
80663044
108316135
61709715
300852249
189645422
630309326
603840455
612458581
942512708
824103285
259420991
411152516
612086085
874633085
408059838
945399721
994852237
989044294
505878630
210451932
634962646
585262921
534398925
502984124
310231996
146617626
22032458
428035688
941957570
307005699
627114622
131154593
788138614
322637956
976067103
482566769
703628028
266560241
129649074
496800855
646623025
212776810
228652773
223448420
400048103
403791147
330142473
738068472
415670001
800618890
532443741
790859958
851697601
180553689
436823384
630447819
728328530
855284596
566999346
894895342
577260713
837517560
778453167
790207715
576885029
688598413
697455144
899999601
662737400
941054822
88325393
497929496
814286318
468600148
644114451
229837272
872339470
147534509
29800238
778502990
121384169
380487550
901435986
626267117
492959954
907705464
525410560
150695054
875456956
20971987
777219129
217979458
456680412
755716313
685620868
925966674
67997853
448540424
521920193
124348700
471020863
20523531
13340228
950593808
104403048
137535926
291204200
410729152
906721831
691562334
907912235
28764023
248596863
837965704
467384276
810751295
18555254
13655119
628571943
448583467
689681345
288003158
752968205
179785492
71329822
694559739
323894269
552473240
958578952
94661547
511216742
512433023
652136070
996839833
80602143
903119343
7914046
750215611
792668191
605511002
144271102
945191098
878070585
596637831
513525518
2035726
536814574
282493844
524755960
580673235
942802864
682403015
274304561
797938569
803001554
260624946
948667307
665875721
422959282
706162266
745348931
555988058
245883950
824238811
551911504
600278876
527266357
150812942
139224067
624511292
821768660
943885252
273940121
394761088
175380916
668898065
724393716
129829625
771689976
320560076
603696609
287914651
19388630
632705145
242337346
949683957
552529494
365386651
642625133
457008671
333159695
488873618
394635389
59620787
142217542
422450141
898185576
381818481
102191906
949116427
664668744
909440011
303134229
23470177
883525801
920869830
472842275
865347332
821312597
322487457
249894960
580887656
823933314
621732983
315033606
322545800
950975547
25474049
102493241
209718566
856239085
464556587
796134084
283576588
789658796
264269089
84351855
370149243
667776958
520837546
644927939
689680998
134751750
323064925
273859928
241035446
656566724
109998939
998892872
603114097
354784234
632663329
769189370
176014817
265215329
849542604
105040592
589038823
14865245
329503644
644404059
175691133
507555955
348709875
496571402
463104836
607074240
446631517
37899569
104781052
732852128
201337338
618693775
168740975
391063460
113243152
989411521
893489666
718283552
261305869
308645725
919414482
634464145
348611336
283535502
426593775
561057353
83931570
792211965
340522442
168329069
889166016
492589171
47324232
172010587
16526989
99755222
792921077
847456777
176484558
926395977
741716620
242875337
399076524
171525360
466914464
625851649
349149076
608810082
964259244
905390617
905957012
467262722
599491000
469768878
106820820
520159454
754124165
349828619
223037079
287106635
718625036
737371324
71173514
822142900
191906270
387332732
102270660
74772121
605406264
960162472
89927079
279903527
822299556
987870778
795330573
384628003
469823070
235349629
875259290
952313006
224673478
488099917
348937402
917476404
945189624
101575988
917577736
951326538
603538197
180423482
166226443
914901812
256213621
13632126
496338903
635191537
31747682
789051109
377080353
817062566
420763710
783805817
208945789
277221364
192368317
975894506
977265774
507898482
509716575
177574632
361702781
477051918
887001078
145662247
451454379
724270656
319632895
113118967
660680402
354629007
336247146
623926678
510867688
614438687
559926996
297459310
240454065
587589396
440555827
881329760
53902483
446316369
481936078
467060022
505942768
562492719
831978440
441402556
624932434
601750487
796250253
333991626
156741253
899229747
517939155
132583946
610201635
577219463
164272352
216619735
450880408
559056774
723492418
919850288
700576506
504339519
172740557
764194687
972297025
646966085
903358815
669235502
88702984
606088999
432969903
582779948
660267843
348360568
10504709
153497499
283147356
905253361
249065320
122780864
392213312
952329382
41881723
130901733
429412755
37223394
755576796
772656571
233198116
837658489
652897709
35731037
681937800
406665239
72154581
71744295
728290252
741311476
603288525
841879232
860870310
92895502
489517206
862441266
995585590
943329800
769999770
501776933
898303260
771939060
381669824
609741684
661675801
741015528
885303801
448692918
190818989
607874605
224964356
144841679
222927329
751365435
909304975
106037265
443552961
629511441
768906228
618733552
514649789
55335546
871580015
5883248
63328980
22469259
578368341
890535392
570706082
608239876
395330567
759576520
758953650
414030656
142772785
588690001
908136789
100537205
13368020
657367630
180684509
186926391
161549387
859199503
123124415
962137871
336985072
625358043
979369277
102302234
196386575
12562964
464612821
938411483
202111148
943737868
175251602
255232421
407657648
834771214
46066768
928646514
303201037
215265076
644072499
308470219
686903056
425886142
378814232
422877021
200879528
641365693
929704654
443466424
125991455
869970406
394449909
482904049
822988855
539635008
861322344
643662876
788799308
721967978
871246241
355097934
918606602
461019750
781115226
188854013
825469642
563066098
903341998
2472730
742572710
666620945
910286177
100137097
651239604
425477089
120307400
205678732
265722636
996410954
714858630
533950587
680705163
797530841
146457602
394158144
47264498
946670848
936944112
268938671
703414540
145326612
339390921
944321541
882730511
280681369
191506793
547159641
869392548
310772081
920357824
414375585
148524879
685152993
216734236
747428853
683434354
193337608
930456289
877581404
104866891
132315666
718621406
159732065
960427859
474241581
570905630
867511766
419184671
199729255
732895531
984542266
650107840
799628597
623039144
670973764
501113237
232133702
101071748
902621528
231869630
237623041
155215530
421838216
892130641
804271229
264276897
763811832
41360201
833348356
29398340
486709489
577576988
525227677
616955855
480824782
85802249
941479571
971229139
867270423
129085691
587294099
655192490
844753184
475508886
367758472
884235115
115819723
343189091
240991431
353908901
427565386
261644069
418304567
734941650
252503516
498562996
894186044
242214111
927162728
474661901
936406327
403244657
98341511
780675549
323327626
189664352
100278398
637421401
490221810
957191736
266429611
586613917
578183140
811571093
252143397
76049570
904400041
244925626
507928884
334870294
388255420
408910178
273770627
278372556
554714297
580099482
788503776
386414355
96148488
835557028
196229244
838814453
216998024
827371590
205526926
969383431
870986792
686953442
12884265
287255179
170362870
706957268
658654961
684793273
397079239
744027656
971906852
943459126
348969024
18856645
626220348
990667330
802283026
525808596
719585222
748013968
258648717
23953083
585818645
242605650
539395525
391321974
199005311
488764761
651992221
175260713
927985487
699705316
119229303
599365288
607752437
497418997
306375408
845076126
72625019
301905886
82199403
859764518
101043025
890393079
81211060
866249797
761352225
90656683
332484452
870502244
81743362
618362336
812380835
376331081
940855382
385304173
417232408
267536837
947344599
419569093
957779990
232531342
563317113
915819917
443682556
448094605
839587293
261924074
216582216
873129981
967356727
209098557
744451013
698043580
779911210
591594952
506640352
509100088
870682358
193226445
537376670
841630317
584333338
637323771
588619686
34749428
995103779
347028462
185409026
48646538
787215220
950366204
228237451
73524913
63794090
569208830
274600264
497733850
168819219
353196702
483998345
997882369
49010901
673121859
736146508
743100843
423194720
663167971
205023869
756652034
289006043
702492663
13000766
804456363
814063256
617237319
243453432
674908736
897559700
955203604
228125799
236970326
863126360
98257136
356969924
621723839
91441671
983854402
282595819
345237391
432239536
757708731
778250033
543934868
161451250
215213433
758911624
32843316
836106978
534084546
592552162
933664815
833839279
728208012
740699357
964906382
462129861
865055548
874939343
321522299
214921177
43626702
349113427
685834324
513139758
237818052
811129680
243073328
582966594
330187437
546629408
629309165
688031374
217260909
100645250
567193608
603266149
385417007
980198772
383603363
750088768
758869044
88138625
628220569
24717047
509523695
643187468
905194170
826885002
966980846
549432382
697842200
737200623
548427893
564451906
789065539
25405494
832832517
274477621
921066703
791753489
701905208
708788083
179709177
848528785
452697450
662998464
259756032
438664030
63332291
566547538
861627634
837773792
74134676
82625079
557436148
910087764
385548768
511091963
967898455
656149844
963183640
663095495
142554088
33954973
840038506
765584500
210816640
449232460
712690950
771589070
848152431
882867122
563120918
288656351
393523277
223497031
695389520
768808219
728643351
21979494
905767537
815723742
374840890
704208079
935546911
81049607
772599488
408251620
363688654
412453107
345956304
888111633
242917320
993548221
708065432
446478703
842731952
57904634
865819271
114663932
425168426
851712956
733787820
979508294
240883151
453245570
631217678
323803862
219056018
452358879
944577903
22726777
740938487
643624895
342841255
247753552
265533514
303970489
153628919
874207075
32719890
340636837
164893851
281684970
889808121
456091934
289776395
502831381
4842866
565679629
604489638
229135785
161807503
74814127
755292690
137749622
77124072
29419074
291261611
920180621
770200602
388890180
732555788
497881548
469598784
391641728
980133454
439272529
985512199
949766767
994642956
656730766
555550145
499241237
740670676
948890253
599972917
576332702
355550493
349950744
713844482
152429439
542569214
1569009
231693411
629016935
389555382
858914195
199415408
828258097
425823788
613839714
852280324
366260583
218283181
492781746
166099031
965832881
581468164
635389072
594856219
436236606
39461390
749550915
802078423
436290901
365688145
86974274
499649443
684361690
74602917
273740170
422892753
982326178
786164751
420591787
736681928
706494756
337168388
737713912
37638856
139988634
729375903
849402088
420281781
768561117
887679836
819327918
560756643
145870
529537231
255689820
999311019
962503898
408675460
126326456
482208920
938654595
365989591
427989518
90106434
451043425
940314148
20855368
112438954
376355601
576715869
21495245
254745315
685124659
660401593
24845164
142042399
875915541
575960624
896777658
556719671
783733088
297767901
53377710
952864335
442744291
551858041
135086350
44437643
4758037
741067971
764878585
242779552
189671147
862339776
17489338
922758982
466547006
501738981
248580244
213119520
829702777
806047296
515999546
640999820
309793772
371732736
56155083
429842731
184147788
689797045
145826094
432483199
675172273
778683780
84797110
903518816
888062022
936387311
587326117
311349436
583869032
598181392
189843901
354720160
707393551
589549180
863802251
511658753
188945820
663353072
325679466
303408382
665811843
218016165
474872790
510161446
739949170
679962512
898889867
777147103
651002552
277606167
415586910
475504105
254582493
473638451
767895330
93473782
72473497
123859467
955555455
499613923
455891113
423094777
81057369
180327529
38496919
865444049
166198568
584135364
462614341
301738533
450341742
134676496
988795342
778617999
935902673
981957419
226815550
455757820
889898557
465520570
244199058
192974609
184030846
237793432
773694598
111817957
704616849
894352980
600842610
216418750
200078294
199836231
413232047
111746921
710717670
40072768
637848864
476110997
181328754
207501377
214207996
261412732
178742117
654253699
898746305
85807821
828098813
283404876
881714065
593700877
723144472
116004398
238824272
926399995
930910306
330488905
269620388
452689252
748568712
523803445
546226430
728954220
541660036
494289852
738062981
784135486
933749764
883949414
222018237
880121446
300662478
183046333
535574293
204328398
779200305
264902748
6505436
146197501
872111420
663418642
416065514
660752963
870302733
155267499
546951989
214489990
292032981
422793592
258317335
174000098
388979408
733512194
61532281
625717624
274200255
9507074
788214824
48064434
347251906
612033011
464736726
298592222
817527390
986870743
543039049
554918955
976731653
684368455
871888566
290613367
296414776
766290525
823758510
874410324
955446453
716754255
311103883
621093044
714575078
911171011
420373347
718437406
972730709
871044960
262116849
526023038
338898135
910624825
774121436
973513065
122873374
940789514
624998776
166357709
182877008
924051109
550150814
625912282
703975014
815467066
254845840
717544984
349019152
41833928
111111285
738771237
67600971
20394031
476372018
460900671
255573812
397288529
963723352
152269163
992435128
940748162
441959877
264627808
232818235
33623662
340125263
992866187
377699463
64494076
517165740
439173916
44937243
321405100
686769084
80850714
921848599
988475666
207764906
182068674
977051272
590029633
602746004
274870796
842733149
354312471
339554908
453242396
381989528
250565531
925608269
44335280
936844343
175668376
739543417
560085433
438277169
394296459
364318505
915472178
996123401
766910122
951482230
525527791
994281169
233314567
937024344
688843521
697591596
889950395
734883388
884358734
192039571
279131034
117325767
628493307
329534123
382541706
742868854
18872123
895198686
606266901
494274341
581965883
509084447
878187935
53002962
312263001
132865854
556299310
786656438
780572369
436448229
486053893
309931882
711860897
707223214
977448246
707259932
265186362
897640195
887330781
357739836
351644960
623066431
927491872
748061461
988827885
964548045
450379899
409612349
323073984
527790564
871167119
956152179
34992639
394294493
644153834
584765945
713866193
365424309
102548127
448189101
896621788
614994053
572182018
399267655
642116109
836877021
138686940
277770966
589010670
783424795
817463170
633845244
58549223
182797236
692272094
462723745
671794152
414104024
14782848
348251543
755355945
261768028
204488796
452421929
650157631
565905641
845894941
677694049
494690719
935750948
549884033
373535099
348108225
659037274
361460997
788822480
527016855
529590931
791570506
228130039
745964205
301550852
948196204
845437619
211359154
127275819
422766317
462389813
552188489
149254031
527463825
871993721
330562311
119131645
792979636
835208318
133478008
614688714
176285925
840119766
496039931
992742306
534590177
273646491
787529493
553876085
987967842
550534536
830050930
413739869
809104762
697263449
558820973
541563074
34469977
855703696
394535154
181593551
362895045
173831473
547012746
173228339
189533628
389789462
94307137
890360838
460339492
480986998
115260311
44417628
438680548
557944844
959328382
914226761
560289922
514584895
380268364
784190610
643930573
584230860
571464528
24702879
161544799
665952341
773258363
314150438
475321996
708273826
941420122
765206323
7819802
581332350
353773436
938671197
314295466
706028873
862323694
386240592
686172593
67757587
999447806
524354454
340547936
209327580
512579053
594896706
265313517
674395703
926551465
430311621
350100955
970037414
16959602
135667533
120285019
38346935
498920951
594966598
393165582
301573875
590464753
276351386
681999308
111975725
871616896
882643701
217765991
499420427
178063441
131131507
337140999
756705075
869153881
865797834
420877415
88297325
479939444
81909453
821133366
69542785
977213981
940829391
295530528
662880527
983550327
966387927
266693457
446593170
137504785
591485348
44393393
529777148
996570280
354746618
368806066
570342599
94517803
417789912
569469952
756305907
792041633
96100341
300466684
36455227
214345640
903705912
587482884
176229154
485536924
826585274
967975602
745549025
770864222
299115923
384965348
41739499
783078120
394738399
325986515
566121574
44322799
395760924
198736730
330173382
638762378
31859564
588884275
710429863
827181310
725225284
836374712
145597166
44201902
891170370
969428572
337409384
182389315
536686867
746884544
405667651
759291648
329952642
243284079
955871423
396892386
10692343
43033965
125651951
113690556
544766472
253067259
808749006
114470581
312309596
26877695
297003776
655840357
706485928
24694872
899885771
340048295
359975790
719219465
60403007
472323597
250806301
811012453
444806808
89135304
240079795
283002778
436826384
139357489
347358475
731452623
906052282
280262805
494332684
504222160
539317883
172697461
380526003
22972281
199091809
740343695
880269108
854413499
410020149
595030561
755590313
672967430
250020440
774027650
338659075
938719137
89204769
993003527
280186519
184442273
539985910
138856421
794423340
33080076
968237657
77768265
570627441
651117669
764461536
846214958
156149293
164627539
953663375
884055878
987287753
671847861
596950204
652031147
624066896
42807239
581404037
525414092
7969359
926718759
489969652
970856656
804090468
442533457
604211085
593350733
385073240
34404976
314792288
888504185
866150590
153154986
986816471
375059021
49890918
274821773
970336753
633616114
206907498
413075499
851134303
953026995
603498830
775717970
755602367
15696036
119771581
642158846
413252474
162147330
134143619
616010188
110340509
319106739
980147673
218306816
675616880
307214096
802708521
478538894
849498595
226583035
269464410
638566968
848836974
708920624
568361219
18272082
856944359
63989679
383160261
373817530
840871723
703342414
309421096
769544565
558772769
880023598
275679347
725480639
714594381
74718440
427469769
234797918
253531613
307089359
644356387
417941222
42354109
419956528
702557767
783498780
171741190
744150933
710361901
211136594
617727880
281970908
702838012
691998722
514111345
386759558
866185306
942032056
22115185
913832107
85491133
567414076
845085515
100903495
212958757
482758998
119359469
965228335
773797664
214809351
664625529
312149829
366237641
375242376
426256875
542931488
633766435
639119575
497300909
732834714
66350368
782511440
909355051
55889256
946322960
467955808
114032210
971966085
602236167
164868976
998823290
864236516
958568737
766202682
667429300
753424320
731595243
428099612
655765259
718093296
891189044
436741070
966047443
223552055
780179096
151856545
420007078
520334948
67468660
380415914
762492495
286693187
661576028
172785824
286744796
506859972
5603235
657912584
423847687
183943851
721016529
298530516
227094950
190470258
523794376
721528624
644458192
246639059
977561368
854749519
396588202
444016971
978438740
973408495
820413393
237138012
336194968
214057236
212931006
270817443
923952840
329316018
247805372
218561728
559293270
232604533
735672946
15347218
93651946
386719797
36220670
949941575
503601321
432548724
406721505
169573360
176701640
730324584
200127890
281182393
555788419
893480557
151858115
42814637
122026611
26973522
760428077
589824895
115985508
155179484
379486422
552645402
210037540
241115226
480228939
797913346
462814478
705048707
640626219
986396851
953802344
134108872
905989253
489209475
972674894
637449467
352394585
756919529
542827022
18442735
38244117
19125205
952172361
756326917
442413445
36673732
371431981
151981795
253829342
218928369
833232717
515393370
703974329
428309507
531116314
362573526
772794432
174273403
704682076
551819594
720389309
713676401
599086785
439578111
471587315
888359481
547643300
387834102
110245062
14342018
741401095
204133143
383084503
35609894
233075663
613635390
465664368
124429262
715641825
543085330
60730608
309724666
275889253
888923786
807073817
331371446
913520542
535223817
310478748
718582103
454719621
880610069
504244408
600072377
93495433
332168772
688229192
202876021
536682739
601926010
911776620
172873025
228640985
334781410
311844655
368997566
434557853
407780026
691190466
466082616
724051732
192984651
110173904
152752912
688509751
750742957
510070183
454327638
899639404
577815702
240115586
490705530
408876312
438058500
860204380
498723118
16636365
87628049
656653841
238208177
418576425
568783455
456946182
566701716
460772052
705174395
689637220
266052259
717717990
21169635
955579372
672707097
188250102
794486437
265410054
165521204
196890836
360478470
232531528
852447386
39569784
539689825
114058735
525138139
347134586
810943015
121592822
169476639
540806157
150006258
815665808
522889933
203888951
935713963
213365984
779214366
78290726
657836693
292578422
986886089
356682648
745657335
595219792
843055325
283365875
779827642
955508439
205719065
5589444
704903535
125459864
144949604
955326953
737753743
199855448
668509655
718524208
447326334
980055708
362166245
534065931
761431432
667094551
641403289
132493161
689444457
322064327
469072401
999274172
752586679
460123354
689467191
813955195
862394507
67558621
940092509
55324356
873805593
133267763
523428979
501247772
634187082
694462784
978554587
756965719
932584754
596854770
538443304
767131499
70180390
44799414
845276133
846768806
797757219
796998047
150211187
305325817
638217713
85510335
231544182
696479720
688931838
510483856
907527155
903985411
891146496
586099625
621619305
876748448
640903367
508486433
517941918
785234635
400131622
839258307
481807178
306151439
121680839
395202412
946432347
363312716
538491154
455743364
851144630
568719626
670620822
22428239
492940576
589221319
318838027
555594613
528327768
728498522
285262588
40156355
594960162
785392157
367165373
580542480
675801470
718156211
283341681
243117852
119734153
581835762
234721539
333105479
302932381
932560488
509820584
182718338
396270655
181879962
444405287
496106501
113387935
600910511
213605156
529515050
27002815
795235129
150441287
390708405
126432350
653374215
906448782
893276985
347300463
929085656
110653648
438520159
950969428
51449447
923538803
845564444
824322747
922581281
249280042
48287649
553571805
864037001
361300594
890234357
901329158
475027
137660104
861422114
195481796
784840821
767565147
734084153
618719114
466496112
296271522
745646420
145212849
267332694
172902722
631818621
642312954
938920636
702961244
942142486
746365960
832746633
68009871
584522053
981571478
239649400
742816139
534317023
120874664
296009658
889323230
404754301
751869831
86953571
180701393
741107525
418922050
232786113
220732326
619281219
620335422
480659017
90892262
332054991
575378492
774488157
179978440
990940377
596587878
257798045
612097774
414046932
430881248
234893051
932580456
360235239
622764422
746499190
106484338
374277580
95737229
97352705
56153936
319573267
170396013
269897969
380595483
217558340
344358757
118964993
14168479
38251388
924006380
723424715
765961091
917236131
748740067
944680924
752340873
388520507
217776924
835532859
500276056
880726729
112590672
512324317
843127155
34733479
680793389
628317246
260916119
631831526
811677566
651781257
836850320
106825831
117115260
487269980
724410669
244960857
159844005
81626246
749572034
289696516
795874570
682053546
59323253
168420481
248049325
31158441
189747714
396950747
805274556
136138820
526119655
606624777
194569851
794367244
294429637
221006613
146893608
546280725
566925111
255547665
974656098
956016808
355854972
626929906
651283212
801358860
23875252
286936700
714303413
655413204
140234549
438944643
992525262
614313544
620432280
3209241
413998910
887663215
721652667
456879390
51457520
399655913
436931334
848830997
524482759
213167511
384409429
609260599
347730231
601034686
880452675
819834362
281703421
354169326
682031503
419610420
961549511
643220750
774839551
302166167
735307065
465574170
375168605
70401742
796504743
157632562
387670360
165732930
142719198
980636198
344641494
814108897
34589603
92928810
372352993
482766822
17900894
443251417
645045312
843651195
643733838
544561831
65712671
256910859
357615725
644952658
334520398
18837423
735751889
231160026
671136907
471932571
223116699
41828490
921862492
714607998
960939960
967759590
588489709
360831077
331837493
693583382
710898208
733516248
836973887
134164331
624983462
466429209
312534528
653814389
317757611
312478765
903187798
438629793
834589566
59680450
623416240
38777897
514896237
435918665
688773144
781454860
834412031
934254011
869717350
403378487
556192860
630894615
175348033
20432565
209247189
549040799
687609110
386339961
78601486
164535177
258007189
154534857
99972940
631413792
999486296
168546223
951068966
780001167
144636966
477790708
987919552
153027680
754710417
396515148
687460597
809171132
776162619
355320652
735539824
813001719
104393571
314976286
256180856
597766710
118106815
196096325
610926704
912489567
85920196
467595571
405999990
105349371
569242195
466519756
400323487
344689306
266252691
497092394
214371404
548608915
17400323
899195487
487555999
443088994
834619701
78760614
660720826
684550024
16926721
587778995
405028968
16202449
199525135
339381546
315660868
779835622
986482880
532156923
295024532
245774911
202671561
371919182
353031429
989434291
889061281
786826459
339118991
668017575
385205626
279090517
642057405
39944601
891113981
468784019
100462113
956145519
563940883
812137575
888585419
202249401
649861421
430569581
50972326
286781156
412266639
93498292
875135183
980341971
5950688
867469898
617241278
324513220
972390382
181584490
64772325
500050015
514199201
462003190
497597164
415356999
92389927
340194149
551899223
853637179
157602669
46979227
868498559
877861287
515229930
134408214
677572458
889935143
511739601
265188476
323788600
660710920
200868683
33718002
82042368
683879953
71774790
489648807
535190533
295986067
932171987
627573089
95286257
762199410
676413298
850467437
954618021
403543113
16982535
719456288
192078581
539474133
583502045
881060383
245434677
684876540
952028654
745426305
420826892
518640512
990328155
684601374
436963613
820728476
67429476
834104811
900124418
601135775
108027275
231919324
792784383
343433583
100234270
668900804
69899639
186987625
936178774
913895589
310949771
385638892
579479124
244832067
410017787
672681578
739685239
416787044
744519727
252865002
769053889
7988645
247714795
570534862
293970419
829795888
937936432
298936369
464705868
171828752
423388538
598004862
653661592
389911488
320419484
714677680
552815657
700412841
108075514
989026817
91047637
896463542
335506059
100350061
752378312
52420622
960646327
811488419
270260335
440979026
693821808
668940114
704697335
194576454
808637490
271013194
459848451
789876439
800771755
117891078
504808178
430678079
56700338
165132958
343945192
876245520
503666910
86411322
313540406
442101620
272716600
351116031
908450689
6400462
609506704
356754690
401591281
410313
224207028
455821531
265918728
240481569
125992870
807002214
707311123
207357037
386912498
858769862
15213122
577751789
932316044
410456172
106809335
37917837
400764426
489303589
137414032
238046851
185162971
469652225
493670199
21892070
353268404
515049671
951788895
271903822
473356401
811678768
334438305
791418196
101431912
414003281
959333170
563727396
477111867
361636585
962012342
163508083
483990304
397377590
511817734
615293354
792286617
723575333
365257758
39627456
94653105
582835242
387001561
975224699
885211318
649024745
636086217
219270272
176561573
7342362
669907026
641026870
633877567
873695254
154732032
154886744
534800076
296993875
877519304
4430851
801936524
937112807
562809004
286174591
371865311
995352791
235603213
685222459
497028581
706524970
758147912
125701770
761110132
71848813
589158421
321137827
352249640
396454496
200705032
256195379
74411701
469975329
98460532
96817726
100446766
322498098
846553458
639867879
123412114
353930335
143352541
444116750
243538190
788520916
44365128
780167614
522375475
89275946
967049104
337555520
161185454
929718912
803298551
843010322
1575287
351973257
278092963
746298947
515797961
58669169
569420625
131128564
234517372
73644689
25198507
606181464
144434316
219108143
313758839
567989023
951063819
419606321
889767469
468618
238331051
866608774
560554648
546103000
999687930
941588143
59432268
851025022
368128199
896105987
598045006
384308765
396492627
988267868
193078847
633638662
712786709
809165210
621452615
862669226
852136238
987590561
757120422
576115384
925848593
930166757
927011262
583850939
910076911
611063174
78367632
765821005
798960692
841154484
387902824
156376551
63232454
972109940
139322988
410754797
263724023
830120584
664452490
234538891
744581375
989395320
464910444
139867409
886241543
932694221
963350700
326155822
133239059
756742305
49634303
324636632
801349328
31915036
177588871
650563779
931933654
310082673
53445232
108915092
686408691
717693449
665225311
174613603
397856890
777495351
527038329
306174993
695766161
325017397
158155582
111206312
134449873
410422895
685965939
261100461
763475659
175451586
967956478
538455527
671927137
456370019
913946535
485924452
191500978
940559603
776539394
230608340
950251521
505789598
838748557
262504281
389699544
556900719
665503287
527042852
384299274
892931983
339766720
368625266
573881038
753593023
530196058
40509556
757264051
729478601
31887190
155801778
763700112
391474066
855174428
904202668
555359581
444231010
562372282
345324738
777267921
714924341
827500420
231903672
20276033
986890445
220349491
855521147
86276691
436905487
970891617
791123592
413817662
178908884
19748567
569929051
382654370
621299282
872608981
576303285
463048020
151370170
870097400
437578003
399866536
982758996
391729180
174509285
945036775
343939203
229983529
330859549
901415206
475116584
422836377
243441134
616207185
929224545
790194564
786929829
311816536
226439391
780519504
864488088
234140852
141052148
50040951
161551847
771482850
358878919
794444041
748705440
785417884
959955285
394097507
41993562
392268713
549434589
276152758
49494292
561033665
789053671
885379393
825085710
726907534
304625911
911499371
591179575
682458429
387347796
119252503
935094849
908218568
359369422
3801738
157045652
718365136
74395775
370690107
44281171
551060380
402133998
301896137
856928098
740617243
308242374
952800353
172369852
95888318
3161697
982942512
981532163
21604268
238777167
620358610
394022992
419153270
852924535
565712900
842299552
174464165
735718765
643030338
209375311
561730947
310798446
701933674
162701503
499887921
689558677
858576068
351669905
305737707
996108160
385432350
245047539
852357672
645893762
923047516
152849927
990873338
674231152
239054271
593860903
490087436
38017188
262926985
670029512
134035626
949436255
344860046
567474410
315731220
984284273
756958558
371236387
555697860
124609907
585214776
878623306
303194294
593127490
633230589
527990074
645783523
857065796
278075357
363782804
669115699
511221085
831520940
563393575
698995978
408954987
947004216
991805806
334182329
666780492
724387095
478571632
991641592
348028395
531456010
350217418
335419488
496259169
785238523
561951916
607798942
694631968
255636151
782798527
349728187
125806491
992321878
240676607
930347227
570306643
564388048
961609622
671278273
173963744
21260454
242405047
513740024
367277466
555072716
489386273
20627969
648030269
277133817
927844455
325343950
551109106
154694641
22238737
652177132
142487033
990525783
401581262
164061641
775293480
180928202
811724615
945807099
917642638
137787186
639937102
941224146
654668112
655618430
490343154
370607929
31386290
805429995
607547855
9066160
497582446
828052115
589954131
242056024
346059435
357458124
471250221
352693275
952309508
236717399
941433272
567215608
263452792
911415621
618011501
504953217
595736833
885829606
903538793
81536242
241700176
977850755
530305540
110644471
431526138
460287982
865105348
52641134
87928140
916790258
668184683
272639477
390174935
629844387
539287016
853580393
264597968
232587165
798603012
494981325
880296886
3926187
233743345
398618461
558037676
683683462
232075564
327673973
617872358
291773623
414747697
334260622
930485025
304502954
336331942
410005685
724634700
87914911
475351431
616776822
95502636
381760266
763660763
34868914
671354206
26794605
155611968
691437373
131288817
280906892
470519660
898886971
882215737
881665196
589161268
621722118
389061831
772232228
584383999
47899469
578356978
848146882
744812875
491307594
807976834
940886875
380996244
196617548
219552882
385759235
590548091
740167431
999295610
207992657
3138439
983447575
778475662
150115197
803018806
62684238
884580585
816975973
570949781
949936781
698393741
43455885
405220046
740920849
414307640
160781250
423388879
966166644
65127990
221908150
283235913
134413731
673931009
939267732
272540475
589885199
612834120
646302129
681391200
206669080
747232125
235321050
163921963
244632748
178617257
447098030
370069943
119228836
931704534
992282287
733579851
55980759
143716809
304747873
39381628
190075257
500843696
60340231
300647558
490141548
714722090
215763980
944853548
408745550
791937997
512510171
765287174
157219268
139845582
602033172
684857101
541936983
500644539
174583714
578322626
189581775
795242514
343361741
885136159
696124857
208697091
626919469
258021984
74020169
276738833
269794342
949483164
287871422
244634651
756598551
616445894
96963310
924552478
853693164
688602506
362001312
401344206
940216408
735215012
811471367
6374782
983307005
312270036
324863845
673670435
108432485
695634814
659411143
470045087
812309631
494408210
615733566
323937275
601178322
177234848
775739777
923468881
406717134
183716733
466771038
519776659
685651134
140384023
382089271
28191712
18144405
779888201
657779448
729818438
869938071
203034855
813041126
848917485
824475231
556859591
220069209
25139080
966805080
473003702
339476903
976986831
612846263
281296549
860337931
212356149
677053985
20716584
701392554
387584152
626710616
516468301
54243205
359690618
473410307
687335622
714236829
261108026
780274572
949141055
54906954
316125617
504512640
918562385
854158669
508946075
293787910
972006150
706467910
543320923
746871493
973624297
707697887
747518373
912085111
879321797
610375819
408787429
762711722
409361608
793036444
676111332
231725205
714672079
166418399
550639907
13630775
69870613
204031818
106931974
21512008
653534925
997441229
739444422
449000924
946683685
957677582
467831785
57011967
809533543
331013400
748184948
589500737
491184952
290898184
151911574
126546826
692750784
55059192
176271959
880938340
250212685
19458850
671546993
87588093
454269706
328814040
681340120
679321823
951865749
471958233
764599276
264067563
803634720
696966204
935206406
909794520
639643689
895438670
357271256
729400880
306914129
522597245
499913721
490454151
179528792
217144452
892383088
430799021
470477836
374604003
907389357
104032953
556382898
2224303
558255811
876595041
161147566
582072215
40131169
642419420
619544909
835126355
936146611
331852565
657343696
734406957
980041540
620210659
698664197
457843325
783098540
860854861
968803086
349282733
168938204
858431654
491957823
89691271
101506584
629291318
623813320
448938065
971686151
685313068
797038140
371181104
337336677
387062114
591504749
560454912
520275483
501214699
368996755
744245871
540583008
317556837
234038063
975032514
887048200
467025124
556123368
17929460
257282113
504197762
527767648
666569347
698034988
263077403
942931943
904759539
650774168
404440056
667385938
749465438
601863043
167804236
128176485
251534759
92375516
525282390
413434796
977062127
427874952
124925542
701244934
389699677
206445910
805605856
463609500
125615558
978360855
348742188
774029567
911699475
648097478
682802021
105030641
421523254
95093772
409822711
20638387
424874
796365034
779945855
246023060
692224485
824419454
876977840
506164875
892378943
151807551
189462822
869228412
90324954
398037387
20365885
794290415
286239337
5026768
42684893
313770843
9303653
511359758
946420082
834623814
898676000
592913669
643296800
427304667
546189696
127102504
475419222
576017720
930716007
959928180
407165611
67431717
379923460
6437218
722549712
626715299
371571975
932957312
362314530
745614710
38378800
336158732
225534960
790232099
380496342
464292132
278727312
320928429
580420503
936310801
996551450
637972251
642722837
828485254
850943283
662894648
102908336
29896511
735305274
839921268
848557557
380041436
852703811
782123687
633351845
707189141
289623761
156058397
415895992
553712619
923866944
879092007
251703428
996784539
545642035
455293544
904777516
925218539
143184947
253202314
159021509
797726544
322607321
320351302
658887519
945713813
344078025
407354833
13183947
405009688
592462184
29276805
969885945
344003984
473071601
288104594
197311401
869439978
226878813
804317205
856039737
409692136
953695052
581987222
321816889
605909057
860321485
239996081
435854777
515385628
836493560
364012781
391349422
879955385
521332704
657212689
275256648
73288975
72739780
996142918
832078810
416956244
974532426
866506563
827612903
64442890
354782934
791437006
96895558
350071165
531067623
373187194
506273444
229784083
229378701
438463316
736793156
787551665
968774182
737860250
415318202
26363123
968767457
102721184
381584362
54574369
591661972
896029462
507118525
403743093
244611394
793618857
45548316
231988820
945137071
527485552
803560354
693683101
136026537
510927029
959348806
240141641
528274629
519831527
390619705
248253023
186363151
497468303
826348089
408964405
55997742
183791140
162685468
647580069
623815950
183382405
746764501
139965262
699095301
855590973
832247535
431784718
527724279
938063450
608966841
385412829
601771628
188432945
743479654
897216498
163934242
581332448
631285668
865576211
482609060
582187711
737290282
316925819
455712026
955396502
166414534
529470815
161778881
936070506
245446351
907097047
931570424
466062864
886095390
108299607
38747902
313235697
909824554
468942311
496272284
120074639
740774023
38209527
262766648
948488542
18197807
922485242
156886760
860165656
296793944
659071039
54936835
919143891
277573782
132650715
516533192
846147796
313638825
874498517
780212326
603310158
773646216
378616696
729835782
587868415
832594758
49836945
846023665
88234766
525028443
850512997
107838336
879270690
197477194
251296790
675266436
274551646
886473895
282482400
765651530
257145213
2454632
378051021
94640409
34306872
758667421
862397904
439716413
790041906
313578534
848596493
658563486
266687482
503269669
523682536
427472865
405326399
875841142
919410357
661714156
434024444
749388645
559498498
774681793
523260064
467337910
575835003
486722042
134448671
638814003
63552897
803907236
510914127
932048225
280541665
782388041
326522689
131733815
481140324
665785836
98971815
701911939
504169406
32588772
785619536
515516238
45641415
660262114
853080984
854027998
835330288
951248130
199317688
565143660
898719216
664305922
896934023
130812406
724385282
508438161
97388576
115861774
2546804
979442975
267352470
266529380
799183887
303926990
487191629
9267484
820920457
455368352
390416104
860326888
894235385
44220274
800093799
437781479
557834877
283346839
492894767
206439300
319152711
551066396
239624899
625179031
636179226
363480217
954679191
452847347
224646230
231260881
4905535
243486303
897614943
93371994
289765748
540288742
487104716
665310620
123649492
413248040
671350827
641347067
304767374
858098756
152250877
405543291
587638492
922578790
221965927
920596935
315994938
908539839
401436785
957326710
883026906
271826605
927249088
247810311
250006601
444211339
943637835
42367397
330519173
669901769
400702675
993011821
172011588
130832217
329748026
639382395
934653825
362343378
881706414
691398019
701101932
443093870
866885543
379204950
21933935
428774240
440966395
38095830
103919279
589822772
703245486
904919595
994398625
17415791
961682122
336863880
365583484
459137216
510748978
348428699
217465847
892627664
588415406
653210368
678842915
163982076
830592480
789829280
891215601
324022829
543971854
377599076
654024549
352519450
142126200
380357459
959912328
147689977
355486165
2483562
164901424
840021538
139709311
581721761
686771561
100218395
384199039
518485936
901605650
782904428
388048533
426156189
300508542
616638190
101009020
316356221
244646531
991425041
633707500
479459013
26773677
685045967
789464006
814490263
9961654
222175360
983653634
464102844
39146115
254384614
976290482
294088725
943727756
512497443
420187966
554895489
584995369
100566145
529271896
278889818
584374146
733419196
881427765
249904425
702830023
512850850
880602811
684634113
586353271
798508426
55473103
232187731
75866145
173414195
427358150
584368758
977566029
837066146
658324419
821549317
315383751
757068363
112881474
215387064
258152806
906949994
176114859
711479198
240076717
824416300
377783319
348901340
116334065
327350418
671367692
716037146
827955246
319377496
495930529
387207471
604407015
201022704
240044491
434282438
457583553
877038826
22985128
502196641
639165479
915765221
220016942
743010861
469508194
250062290
186177295
120677061
264399773
673519662
94918131
872795174
327490613
127148267
542134597
826162878
513105113
881203677
892522845
446326932
211928359
246644485
446629972
50140269
890600906
446597012
113271176
625168894
722991958
355559352
588534546
954644411
265660014
997273390
948179230
97053411
922121445
390099833
636797553
457238808
866747019
298402936
29638669
109377282
254942657
178411837
33684099
100543969
835663842
471177292
759758343
966546375
571155083
759566723
420595826
390057416
974901772
804380388
596551076
811133678
57433830
533425103
905563836
493189988
746784837
972338969
696938044
528345887
153528534
468192316
109280697
398961032
552014739
594797338
214084857
260385009
734794953
550295694
674771717
326577652
179078859
738787656
541331027
866972446
182331371
899633122
841849967
179642642
274658012
744773130
779418801
157878956
338955834
970825702
355858309
1896554
864023743
849185637
450398380
857815382
98704410
281334648
152795878
424161499
122873362
466144559
78158522
197967053
743392761
537263547
695857233
35085957
81475002
928529397
945084647
517400568
123921329
294313277
457012123
27581570
3256732
36899263
274645310
579621572
488996331
173460322
54791950
19983877
706719715
911769537
456556458
326930435
652478600
828561451
286075319
604292563
534158710
716353088
3395355
34852287
27160381
594513849
531194929
12852354
606119599
647677040
853316028
7079156
194533916
657681420
126805257
24836622
607758004
899054045
878083618
855893439
310206053
592915970
80096377
59297627
982423610
885458814
138712361
756427045
98723257
447720771
612499074
703189396
988200848
299133753
549784630
145931391
45482123
959053517
188799834
160505326
167449449
916491423
229867354
68644477
879560311
528554875
112898255
436263207
788448843
970029987
317236803
683394630
822873397
705117583
828703122
232042192
351706543
176693483
751319968
741820629
237596370
799334094
358928188
186269410
580382238
186005887
188268230
526486496
561066380
918167001
102084951
588540616
958805848
818893692
487092780
31452889
846116108
273466783
305392695
68987884
414034220
699518282
540330328
651392270
536477533
386224639
127018526
129996188
418050072
927773954
261480394
242294133
432911742
285863614
600064639
128510786
580929626
471790651
921086235
136600063
544563778
423838900
280480903
941269263
350923786
39618414
218408873
96147091
551111869
274693068
592892528
951796687
477779352
43071621
749795822
611969923
876957251
961814001
465223029
236819687
986381903
496817182
228983794
335005791
925526557
880734807
966391217
552768555
685994367
474314061
700557718
486246675
355158978
810299847
284727396
38701859
839323048
8388249
315713877
637280894
984278771
782896266
81755447
890414199
382427228
353199803
881776426
599362419
264981308
632272514
360802612
947660176
966195521
955867054
67386082
404403237
261886831
200094654
439519062
912371180
368786825
426964689
999279734
702332413
196629556
708013300
402751188
713650127
218895042
415281954
545362818
703980040
353059377
747722982
210838945
290360498
587239462
498048595
741072561
986144935
96023373
117290880
979450074
212415016
413137632
290404522
189559359
736169959
295868768
283357817
653528124
740020165
392362232
456723582
570307614
766237882
126513157
689920374
162707295
785012817
50627376
68379540
779274648
73314194
964481145
386106444
19942517
544931590
662015987
456923386
667661326
317028435
608184807
649183433
896507215
454807529
208408229
804365934
955445542
856789267
163928486
941475898
941099891
304599417
601684582
51642831
555730348
979801789
780142455
828926866
608865513
603857872
712031921
622353249
858812249
757001771
64365231
43367393
23637548
648043311
264354468
581574533
399849646
496769731
750198646
513885518
26222690
667424986
343899710
77385896
565120313
918099417
45258449
774740801
478224805
256067338
199179592
984844683
812488337
12937183
951076041
202489174
543503178
967235136
425931326
833335983
321023910
231163362
679939942
135528685
772054341
685655298
294808275
661322032
48175112
457974597
262342571
51233741
809143550
201304230
854440542
830582319
545206877
968050803
988147634
848374371
183890716
441046367
485943853
982022754
687108668
644041260
447018677
241088839
373756531
285334428
438523366
383752559
564355891
979787242
892142282
303142509
856566923
606225755
930615601
187065668
241027459
102713596
262052457
937063452
947015365
685647565
579739866
965894600
846841680
437300057
445965268
141734914
177119026
293194557
678052976
673324997
681815134
937601690
386065949
202097400
279347468
348192672
719407390
796766587
407446570
106685604
937604344
520945446
774250523
551563335
903348751
364133005
717628107
857120964
18352580
307674670
992643639
412853317
672335774
923628995
635652906
462166727
794664510
57628251
320280280
479128
388780318
350284902
637665040
195700342
72467405
624595152
402597719
793477575
441775006
623592029
233975765
120383187
429006949
976914129
333808106
956453384
22034894
688654917
434180203
738334935
526304124
944069324
374275681
7780778
805761625
620948430
230910533
386455236
988505375
858020921
516727677
675781675
915268917
58908397
482883941
780475000
576338
827605904
26568211
967866645
109143057
696165888
264509059
963991765
969895765
943593977
927932291
479895
847822512
990263755
732946800
114530506
724779231
777456773
177869468
687667546
621860548
716771579
355075564
591492849
206929493
453448333
780894693
152368508
133650251
329470679
828039856
919091974
821762271
829876357
210275740
496752780
932375205
242764994
791470438
853629259
261977463
720915757
423237804
697163197
157299622
953352226
547919739
448035584
440597022
334473029
682937236
937291881
933020160
445241390
298054555
209071898
641885089
689228421
373207581
843167690
127862463
570895903
596641694
335574358
991277836
173897967
597077589
501117941
185310027
823438138
676681666
342177695
617667228
775522891
63932593
65691756
481732186
625161408
602552070
960820778
666386601
308291419
76935861
264811292
544840138
788326275
121444758
874863851
697233377
92403401
517989836
520804866
207591154
830287399
899476208
247298177
78528694
174400205
806388197
607031339
349398997
759357534
335671403
43370241
409230621
63451955
775122355
527974430
898076373
948062290
866359888
479157496
952438278
972857482
785101892
246837748
912751855
877582401
913266488
295562661
178916710
248365395
790910123
461530306
949938655
521004169
442036313
693092456
803509089
891132249
104395569
817433854
943478856
277918995
389865839
310940126
940053259
577623910
864246885
779415944
982062523
864009607
804628045
317520710
955713851
779607024
629721899
884617905
665200513
929709079
531298099
416478481
24742538
98376236
999662390
613724553
518124490
138899079
504103393
574787938
27736835
585612874
286228748
822176074
663436529
457273881
405160002
48960300
460665126
423030192
909952501
699571594
494027702
195910757
195143850
398841589
168245414
845847416
521832274
231914045
338129279
821821265
32450658
715305736
416872050
79956785
839532714
847324953
489178476
430127034
46100069
611702997
673431618
703784944
256454365
868870416
499745950
840132830
524796863
805070923
305170801
628898732
418576924
453729437
571217863
336499910
168777542
495761300
987816868
958945903
227544015
939242202
840191887
881580669
316802806
63524510
900188368
742541060
955329926
562405562
174898805
744695278
964243759
779540983
96922233
820978383
963894894
651594761
650013831
945742270
165130176
701781810
572146008
373082347
668246142
196022701
424034749
702519670
443320381
671999718
215038568
579722774
190045417
847277945
602907478
835762499
935050722
699073618
960862455
305755652
734314640
946406574
484089071
339742061
964303860
319142149
448814410
808527138
130250402
266148298
322915273
211944162
923376159
704365533
482591233
565403811
202718903
511461536
826178298
955334030
367447843
327392407
807113774
555404067
650135424
527422534
545872635
265950503
599057951
589958942
48496069
52184518
400354964
454516724
133109497
278523328
477796535
316412715
556371579
734240524
57080219
494233577
93638957
484939068
121691495
339492756
948026626
281754341
767863540
978089125
297883411
769164882
978626996
187205759
884510890
372503439
840863539
508032369
838853566
325773637
792342092
211137335
604274627
945279765
628474287
988955098
993407750
417682683
465299299
199820087
776103509
698000047
499351822
906986417
222770057
393637972
964625464
544633435
438530968
65930655
324294076
26327483
675428954
478852848
575811682
581410065
998198784
35836522
697316155
784092431
78424482
911477739
88662098
928400436
615861927
145703408
20244454
316834559
136274869
992659214
915998885
45142615
246616427
882350301
173460455
538506906
129792270
654407682
136140872
956196109
374167144
783812022
128777398
855396791
842916482
245380378
129642116
143321522
285718240
347655337
899088143
232337150
319595429
766568073
646732699
802309946
704575339
700035598
778082678
513303408
288130141
73143607
747506008
39976564
903375608
66864398
956932379
954394743
977007903
844439655
923931413
297884470
494379181
943623910
141576247
710037090
178499363
154736713
939056272
256529702
529218663
732222273
847709669
527333035
104524164
623185124
83965414
155256840
42736799
363361505
995161513
578048064
965680567
604577133
377486051
997201422
149418015
731418290
580918282
832935138
606920132
618680365
916642456
881800928
751061276
743894566
765918480
609293096
646898692
69616744
282631054
455524447
977967956
230770436
543312738
194490977
637109090
216828064
757213039
12304182
877142010
270231288
927120167
300058985
304450227
384031046
751926040
490335158
761632441
260815502
106906790
445394078
58171761
289650800
817167849
735985593
300245789
364430119
543480827
503477066
362270337
512459515
447581105
130780619
845093558
970607562
671787286
12674075
426143226
412939784
792413923
587347539
818765636
524889408
622515021
531728763
113605943
893035595
22116557
145252523
691614980
115639297
741359417
247769123
66952034
7247583
717435020
956730458
627220042
170583581
969539496
832997500
26273777
906207701
146381356
638171616
676700047
543402239
754700110
8592494
362066017
585386098
801922889
413844274
539616927
510259593
731377926
183741475
215394136
374405407
788218505
996129856
391794387
147628471
621863283
39420313
56156984
59407759
437134595
221022029
619231012
355134736
972816639
782764121
11262466
916869316
366000369
235352721
709311202
974695482
653937604
74291856
433155501
263521627
412051005
659754481
226109352
603517027
966543253
379140814
679009099
423466189
998967852
601315743
948246993
410264909
647539772
837803304
479562731
678632456
230233716
185891825
929374856
500177083
460411899
658804318
544753427
188597930
601016530
200675641
799398216
125005131
54795576
264689587
581506715
596448183
982149848
902314395
361912382
190748719
409646450
728335634
70434873
611521907
99002953
877411993
957389952
728111786
554581375
410471716
55787505
520999842
777374673
916216937
896723430
353481911
483368955
807026833
439951397
726109447
730772953
828922744
383860031
438393283
290302648
195332802
218396759
243992516
609854042
184907757
238493238
398090241
143464525
665483337
245729739
935627302
147414428
511302229
928981296
864433968
598687134
33406285
497260995
799690122
756511021
935938426
271414910
577429496
679089528
395488803
593786494
316205607
44273258
156604338
923590090
315845127
884521692
774383400
288746816
916698223
931338665
713666403
754433422
164294089
917114899
757006401
512352328
340671181
47325412
49174423
397973386
896465436
889111328
789523186
183904976
735876278
145506023
591436209
998122840
215776533
926601224
345403164
960072609
259291480
346089785
170218290
99587118
424896847
389336786
258196910
910928688
943608125
770470106
566808593
361182094
364868042
781387476
746006803
355915709
865794606
908824175
300703160
199188050
302486457
355369519
869471727
805470927
905783683
322727980
304735652
166211100
332291114
71417757
332727554
477968806
677999093
745133714
552106793
787682556
724305526
943796333
690834466
828758379
844688860
299261454
531993542
714263289
906236430
757429542
537563831
856223845
532237182
128001581
586204901
387897871
573184752
285277560
748797003
140476180
636104367
503488126
445863438
314080374
688835338
485181376
242056937
436054806
498874304
574149847
616954450
719278395
652150280
63158893
991584796
956026111
127168783
793041588
963819103
49215343
567574977
150497297
535951307
128086659
260221163
445185926
716887999
968048516
334099608
734979370
621423703
809413284
511687772
126998466
35271827
984401985
541830427
308485042
317017175
695131737
567894861
131530291
814076889
150732134
592574133
147583790
891993387
748751574
407882081
534557747
930263511
653787393
658767494
110751582
437579334
872818451
75692889
894801823
766933619
943671101
394495550
888901774
125413629
778290756
547366482
952394581
467538130
757005740
601969506
298517945
744076661
112263146
968467513
264678633
403991309
724158185
655715489
389163424
740952121
390470653
377863904
218654197
90374286
965239219
529661433
826069473
610896922
528396959
635062031
916945136
928749387
287433317
807002837
868024362
860042057
467349354
235104313
689109550
418850406
500438267
228703416
928519593
318953847
583190587
502676315
156071347
249071690
646592445
392545159
968025771
91464882
354745945
901545853
566286164
145219184
725907615
186967819
747454323
275685447
797463135
55334384
374637239
36422717
992031144
319875260
830394314
851408763
940988173
662314719
564637761
278115528
109546035
645672784
709512212
674580191
866494183
838105371
533886681
564108440
324640325
974472516
456821570
849179198
236535003
61843176
606531627
746805768
740135684
112679340
780853444
661562866
5055388
783261324
311232451
743142932
766909279
591634231
871884868
701514580
899408463
223611173
636925687
519406498
383131538
290159738
732533364
507768353
687618109
279635647
121208749
228758272
553278966
527791990
274618186
16291075
242999099
349095795
376169967
625809278
874665775
121999768
568234848
423480192
703933837
689436442
573266473
247366340
538353497
587850408
438856976
792131845
709222268
105256485
680671663
145309515
500132559
271336695
28782598
36851265
296300476
510757434
562722026
746058273
11627803
919335267
490863650
246421677
977006465
847179284
243760689
887932225
565559278
654908294
755080846
958987149
204443786
163175449
100384377
227654869
172265653
606449656
804037561
412757975
754374893
218799820
120533783
569540260
800959381
43273790
803680970
827672078
99860588
548589991
505534994
508615269
42137886
901428367
882860351
758211167
639465661
85325157
134417713
263453812
836994660
14202260
612002843
315285943
158202146
180104383
291568046
999057524
789829283
645099241
577275242
201880004
460589849
801631877
17971250
165889907
739468264
258110466
482391333
862118298
809043347
350409376
265379399
768121068
659399074
241777052
14884280
508434411
922289580
590578765
172155844
348345727
19681739
922385818
261690227
842082537
576378059
822388580
359985121
764511510
661467919
696177892
598206640
64011144
169509970
109670023
239831453
771586827
500518559
817069002
783177554
289680482
525188854
706481904
138945102
670583794
248350507
967707122
620406573
527060872
883248036
226263931
819595706
930076942
950368561
569170333
899036021
319840104
974245063
562724185
167873583
898295998
723767499
606415894
356350807
289463298
89068211
761714122
474018267
575354586
54400252
33323459
585020775
98120166
182594197
728221339
863508693
48766466
953413451
100188696
892582029
66234975
339504670
859752664
159223988
141981397
15942833
223932615
15336616
332750023
619611469
531727878
711206888
502478807
474715434
893417232
524921657
817824386
680498907
584631967
516536439
702441564
745694000
246519510
97392543
698702739
540964622
519666114
145933945
994416717
209217139
903838640
601671167
312045847
996891142
668337149
73656544
951201514
826092276
566954926
180852784
109622362
596075602
97453933
644892004
943334592
741410785
121463563
646303255
470140085
167690766
162140839
940540582
955408251
955324647
48020746
24267278
384651437
992371356
1919112
172434246
475152014
925882237
153148288
45217436
574670103
540486896
189345291
546382207
701419650
519254459
439913703
404895559
248799016
718011780
987503231
910839373
962674257
243118869
465094971
229692050
405700638
522123177
812721545
363499666
836580371
586942772
966947252
939749790
553035954
618370465
22945400
174766394
751372088
795877584
513509926
1533579
418440855
536469104
831395121
746664519
748767260
141328648
350897892
550942116
662853167
74191957
313913646
733339115
635137404
474895564
454860730
492093921
814008645
170757159
852349684
861468517
926295715
366824243
712387406
965658455
530298301
687763052
299431701
229818105
639439495
932560334
191641100
847980351
257793464
164843634
957224704
50428424
501335305
365518496
130236076
207465281
772087352
910721064
231645357
731825604
840628225
740879756
537289230
130973597
641125497
441639341
872310792
141247361
934879611
394880143
936075304
980717767
940046103
405113671
253243508
679989147
313046177
758310941
412146178
1235309
567340165
37199978
201500036
724388339
666632217
688129851
566563721
326438434
600130400
899928477
271781437
444254882
701793375
709520363
70797489
512110379
389961862
35128455
323860651
533277080
844375627
709977237
192404556
548482291
101869266
573101163
75711429
947691362
461692601
74251167
172934290
356610648
248391595
880222282
457652945
884238959
43192235
282722609
359292267
831020915
385671526
42034833
462269489
253321043
513896141
953875897
458951504
232642246
771976370
985176228
509476726
956022225
381781300
416919725
808381128
888638200
294955329
656344594
563017320
952348903
200535037
688504372
566462183
232742382
147875429
889518102
729228536
164495392
110489171
174856102
271670853
648365392
666292540
83940194
946137136
116565476
62271119
617359391
451394055
135537795
484744955
58185318
955077027
643276994
593086284
544999129
543476074
120810275
327163241
74695554
110142575
939868023
869643392
290492663
350969724
602264024
102433828
475481153
479323565
137596981
684551831
172492555
122469792
192097860
454212693
21512007
585842757
311137522
338381147
518726138
483842070
793339229
482436675
752830495
130459140
788440060
136952349
798952924
166526467
332935229
667455399
615566657
379571957
998277743
847130103
790322252
83068776
322294524
547598018
432989623
266430203
396579731
38761322
148367828
596591627
472818366
804553173
489612299
537624054
540261872
987694877
271306683
356290856
178322561
162937376
1011882
924365524
201596155
637529189
201539953
204851153
972906952
741295401
149245139
421513262
691811272
207201355
173937824
346462211
532626257
631220833
764985388
227137711
107165280
984144448
272072847
135211003
548404343
150216165
502612018
714848302
913497586
983278760
563514499
668530619
640172783
705243708
370949250
514826387
419163259
858589434
402737168
824123290
729118152
369999365
491663129
684653783
439594182
379758685
21156511
297522000
462584907
563435151
382534706
671605740
50854870
233718601
710907058
701965298
920025288
947567323
643940244
949967773
352444208
496847231
750612804
103810065
117971866
185444009
767345657
890140543
198719702
401484712
853950210
491171874
185959377
470792909
966094001
485770540
164749423
985347144
477454757
323744715
718376861
98252880
782150462
920474556
57033728
237529727
839584922
705012810
191196621
632295202
496869856
76893852
283573539
803201502
550570423
966612085
266770027
823947202
264733832
672862831
53076011
516699332
434987701
870139085
119472446
346880552
857450183
980751133
755742643
487577702
203862250
290439810
818548958
876789354
338890562
718651021
738341007
192280038
802100389
203723050
699524605
183562904
249105937
931778275
265278831
55104674
548259234
115405976
789874909
541349953
18259081
422275967
621802703
163651268
428332072
184873772
919214495
119593526
909704687
828711193
756671285
748839677
610491412
367991755
731622347
457949469
351316368
747636999
241248753
273572288
165955759
244722421
722745683
213008072
754617964
224123971
296492392
344164953
875385852
305305750
67794060
596544076
942561541
857007583
773410883
538653048
34962001
888055397
721319113
304200811
887265692
143016041
459633171
723537253
740765123
414397272
226297104
366382214
617959590
154444386
510965840
855253500
387041754
244623551
822805414
908553560
155555529
570676773
636763734
267612086
95100
119731135
64745402
301774031
323720388
183302593
52591120
164065175
642792904
369192489
482583209
185280919
360475673
979643618
628136270
505698027
670009192
568493476
509444953
292631982
247987728
584317274
351858889
805099515
595444476
832361093
958902561
201831894
524567719
523072086
668539712
856678596
703547918
528159052
477853570
303164034
59957173
650006481
123010143
56276955
896339012
623444090
503311220
724857606
767821191
974842546
416541853
106662894
835445953
997757588
289845209
295652094
786105908
818123682
561017488
589047240
97292043
123996573
319627892
168092915
450551812
299987563
940987489
285703246
846597210
843891547
71078570
333845606
79171022
559817422
643927806
340189681
477413896
53997753
605030755
460528005
12090132
478380798
876135961
408619015
611660996
888462279
441359007
445719405
52884391
557464563
928983696
71723034
522784270
978616262
957257287
924502990
166140551
396369531
19231211
757354518
414390756
601021216
205021956
956692319
850929489
694125329
83776075
387979372
768690863
965680722
301700559
811870035
990601594
532663115
592391134
779617340
327986918
452432187
796545184
651080013
272852371
611435254
346528942
627697985
401656430
385357686
315185184
268054721
735762201
447338987
683151553
821789223
832884290
78820083
593987426
404724720
93808617
319771552
296311982
261649410
698855323
480030818
942604130
823783810
711705207
252305882
868504265
710565804
94808625
744430719
641933433
363490777
335169482
479239593
691978363
602497586
917415834
568149570
738718234
126887045
820370270
943852647
740282488
583322385
812112952
747184306
398746948
632542968
519988907
821716965
279547853
293498710
801752086
362650560
70086433
441054923
652044944
2400613
415182345
770157746
4840160
224457862
378846493
289948059
547442160
368293285
906492946
474633891
862782756
315118332
743428342
722389578
40938183
647206101
433496280
327533210
530393801
888630912
403162602
77941015
610374453
403094008
769652940
83696142
998865749
271570164
350502143
37565143
55010918
569836225
920353490
580135988
894103782
174400204
161153267
34635999
364251028
730972236
313385910
583583304
47888433
604070301
934984785
740266982
589229833
876059063
539776181
195510917
655696888
958022873
167457981
188045076
855604176
288714117
826648905
935015841
934701471
729833425
848958047
92426418
803594468
455066149
668346667
35852213
818112233
366064632
430030346
658408455
329984570
192298179
42195949
680710602
694092485
186507951
894060043
959942012
466930373
155757449
392884366
959946146
621403221
870688481
246357379
804800814
533656713
938989257
810862621
152518479
850208553
563384602
525535106
837041281
831867403
708250368
448610432
4839428
781296619
255891813
111524454
990917552
991087891
818233484
805997472
604345079
640255967
24842567
13555408
765664996
364873868
969930611
646592583
49621168
124458859
102005657
544189520
742535561
974761267
693640184
751411502
283568670
85593851
156055609
360695653
166926618
430125444
292910848
679416058
705974404
798274892
204493416
516452694
941929349
700794288
546200093
562326202
520412296
325381972
324475471
615410635
524242138
671844003
438695849
906942500
302161556
796073479
416864532
297272174
31088853
472452236
481344903
414024139
914080249
976155527
979129150
69535011
439472766
371041417
872786244
575578614
114049605
543205871
692595264
590338901
578103908
629837367
656820276
613115611
899733638
955086172
939437463
23086130
797910690
443800340
406600842
694346576
982777725
546495563
444052558
725106210
98982760
323083951
412604901
567889294
104560333
618332390
224104465
700565646
312706777
865927690
259715640
758090278
432526892
571424276
159855052
723502820
829204775
152023853
934196668
873438097
642285324
457922383
418229868
951349750
747231057
776944382
534917055
982566465
951903197
765297555
95635606
147362038
305181732
140950983
191405210
247191467
832716844
243961673
454448968
543264270
741510929
701501862
328862825
339081957
521576026
728130079
76248766
626111749
544947312
919674857
322262324
817346088
678797781
31472018
56250829
5173576
520436272
147497528
266952565
374107311
456453647
726750831
176654966
119602668
426946918
18634496
88220117
156490157
998178653
815283521
242445994
107856854
374195359
861256527
546927285
293446804
622758295
558456160
427664393
868831784
122254738
413483163
502746791
644809245
954085411
549845614
386351701
806896103
224679233
357556399
297250604
239466142
207460626
567405978
301971110
673035750
19137774
63212346
623584529
823377844
640418222
390198370
218324855
93403438
745886430
945605141
613695515
953077344
168096387
888352870
697913623
554521984
162054307
841302479
713492554
936387169
442268803
314786668
362854926
702072587
950133330
813627429
440789414
312759773
478690241
827049977
988001700
922042523
57674913
833951625
33909430
811161415
536287893
310383967
710718636
801754113
837342576
951763211
579966164
848563273
368505644
527516659
81911530
405386878
873531123
386250816
184962511
284891097
731086790
891673704
408699858
382495461
342505775
142887289
532543236
803126314
471380896
770712007
874156033
818040743
21857300
319056301
610413194
533968112
60575618
70375512
292902354
850525283
403612872
642586804
579881524
917580116
466512667
6847515
374104509
710509723
935766757
691623662
547684253
621083806
896733559
185366239
525864704
585774266
234684583
573080257
414352755
103682310
586724647
800206320
277150376
504372849
955558614
616723996
532886935
379716381
874197542
330153530
685500453
285594925
617096571
614694832
4827304
4173043
541076484
659205794
860055090
349571558
167318334
880787975
17023863
738931039
533311645
609865147
385729333
921990572
459161754
512071713
250722025
563015226
74961435
910153886
963356293
950564685
480115867
199241610
427267168
706611256
280801375
362495943
680790043
358729342
82353010
141310425
198698535
501103875
657616997
649651582
817338436
103533212
298835608
29257230
202897107
817213936
207214818
122934250
775816722
678594107
295085281
709835718
916225264
606674321
819809924
98924016
940232983
36887653
736818417
993187609
452260460
379957583
555965186
852805275
620352514
131978533
784008544
133103278
125343064
320305979
44317994
120055332
270454630
703719516
597612569
6432393
24224143
692820278
155140106
999518298
854931581
435762197
24525617
788065459
87785217
384878229
373025543
870026129
232417214
743243267
14608200
505300675
948928183
916971064
635989882
670533027
224659992
880744215
972008693
628940943
922418952
935254412
790102124
328070150
981780080
403267946
132585269
73270154
135886163
648483547
948888651
230821063
723286002
264977317
326867225
287412483
665000157
989779953
800732192
675279606
234231181
28722894
789698163
562562186
143849481
528833149
786655670
282055185
102657040
666351532
525150084
445090296
68044064
889750318
668811314
615290758
920534291
685045522
690925897
191911173
376435812
482865336
417480970
380441516
627370473
329002839
5856635
833614538
261715007
832162443
322529620
9570273
495779987
811968409
700961978
379195353
572516317
867606738
332742750
258177588
762367407
210177607
627624167
424236437
263922028
517214333
819740242
603934029
111008320
771426882
731219218
85618606
220958762
666203863
391198411
946427289
801585231
201007667
8920586
322872471
708139427
390436994
354662406
278018017
315106038
723718862
202594547
490375759
258675220
930776807
824990540
880056556
556939616
516581455
973684286
267034498
348197129
868214147
981919054
493285621
475593857
665454815
238530105
295173837
724711255
113602893
324291995
962569328
160241717
846211921
262433432
491252244
737152686
484406459
453602559
816242854
659030836
348640176
990970062
944414998
70326286
56673574
887689832
494155318
413684880
121085224
84461711
80677814
756718522
442950439
791218738
174813487
207817592
552911187
213005520
740832124
22438105
151625109
910734803
242592593
148247150
67506326
219543763
960208901
184524359
270079402
355298859
403313038
603410307
639031769
544316946
164045232
311016657
517805790
654763566
368294346
616988771
346631917
537394108
45425287
918739549
548723512
456654121
995317206
899658080
568423122
822980757
984472122
450120505
105487304
810367605
178945186
808931400
236181321
553769421
290318853
565867793
629145969
798378527
335988486
65058747
531177915
134611725
909166534
338569733
25824100
178952167
5587914
325255156
594767269
907386861
241811275
256285116
597627569
439509818
168181487
800572052
736365771
294596561
255499715
139832645
839924132
251253908
995509870
459646391
461665296
105541598
168563806
94669089
234218133
270842773
455590646
78630646
596502496
56978367
530303099
847468795
349754172
613383746
553497163
70213272
575498288
126756957
210979227
123768389
613207283
340979265
392137751
239976381
390615497
236244124
449544656
639391453
914125209
19712467
230879185
962181590
344483534
567337103
66680392
92572466
931499846
92581165
653691936
48760443
168588018
566061465
752080917
550273332
270134165
108118943
400526937
490038539
645900874
340008010
320083555
529567686
957861238
649155206
798057758
759146294
936577271
478506112
284261754
93629168
224023840
726658504
474202109
759128887
601509514
593234572
664516175
1066322
58831089
286147239
339200650
561825336
252833526
569133613
975333181
419459243
274475631
187523068
243292318
835940964
408303878
54189520
305777882
514349311
532908193
552453904
284902311
769036986
897835696
139894463
428612327
828650646
660467998
341466585
616479191
462864539
677660217
964479289
150462904
762291707
296147307
90965194
477413887
657948015
528656112
381918788
108951130
905238584
823134865
700555061
516949494
472758156
330839199
212056604
125004824
194801620
605154789
37230238
639633273
818443847
194426789
97196802
172048819
341358147
144716120
896690933
681770689
48472588
165017743
932757484
605636635
745851389
978916363
841683317
565519297
389461726
806048756
901443038
42859706
393120101
465499312
428086025
367041106
882258575
440950939
594554693
37962787
516838292
569673964
768391821
188230532
785439834
64736512
591142617
286151605
279745004
129560039
439856016
580114527
35204476
118708350
40071275
812901147
215329473
1120621
737303674
518289168
294059421
223983444
208982150
191909659
514716385
859036146
700526562
611127296
194404547
920971377
645836969
153661759
402263287
63084264
648096635
131763600
445601126
717790588
725959913
977412235
102430258
868043062
453575290
226639278
905859415
921415134
355266774
536389541
511226824
312419358
529056094
277970869
621996183
957833868
216594877
65458261
713182179
613662232
402096569
57673753
454542916
594405333
838438716
277567232
245459777
550305977
460955605
77424137
851311967
316791290
870906791
265293445
578711005
142595056
437540366
135360276
473205793
638124224
64419924
20801840
881836159
337173775
543925883
337564719
96382182
531888971
569503530
973873054
431075508
280795484
344546502
303093990
566702767
69337000
614899066
972869571
91290643
212616733
152846551
25336239
195298985
461300490
472143294
120069780
994245150
494105635
665977813
329750319
795817048
972576362
762541459
130297278
995576540
644696036
990469354
999232229
371943994
383457419
711435909
423603637
81828121
92318864
743290148
270298123
175753169
828212207
138123306
861621709
117098653
102010163
641396454
582376862
499120953
233893908
530348852
464065947
605832260
129763160
639300985
868491380
89919551
987733124
785237118
170190063
18510430
883693457
872048100
344323498
90173752
76570380
244669281
271006448
675129765
442600397
114682361
928009010
703138519
538856028
407492903
243736069
147500239
266752794
626997078
92167153
603976325
123914612
771769423
919410681
193643542
530451311
67649942
125620095
608652096
189626402
944483758
805483643
915095392
656470838
278660098
433092460
252108678
302911600
762877680
478591238
718892090
796118391
514795411
622431978
582377591
608478378
925540310
675452209
775892891
359252732
45070540
321507427
760834253
222133380
678989458
668934660
967223903
661515911
525899700
639344871
202446942
110671412
568599546
374962511
3650441
994937481
55873938
310908967
607058074
871025275
676854887
786935212
837053535
179332344
388208435
554573780
395485864
199810051
538339352
717835055
496237882
517227074
248906515
916884489
403365999
435841354
189739634
167573975
439288956
30601732
314052138
695463449
395640747
25719369
911425790
377757075
910031424
273798061
40386121
128640767
472499017
583186204
423703765
590758565
707644134
535985353
677686037
137160331
127370635
385119309
941071630
394747560
343053534
7854030
642747787
943124744
409784423
512492828
559209133
574475608
773145496
823699450
995519009
70691354
325536474
280917624
319986044
892299247
30269862
553117667
22415137
21413731
213408820
124283392
652589153
634416788
647698450
195127041
39602395
726823885
126363099
820079523
459340550
48252624
194622329
284152666
462299186
808388896
678296863
748602571
320025041
206194350
493267290
753097543
852789803
329083091
154122124
86787309
612301699
962700099
111563803
57521083
929046366
648402803
825461299
157795673
430045860
528881022
295251623
522759114
437770444
997582667
230504851
486580582
256161376
366947586
412417283
30203790
293067667
213569181
423447542
817691603
479364672
593759086
669298713
685753281
890908681
213672627
550937846
318292485
78197939
830326318
55845465
184968514
666125000
306698426
236800897
988322140
325315821
441718916
460176046
534284589
803544122
697241853
425474598
809138157
167648253
409439010
758800225
531918233
263647184
76390070
524484647
840566149
121014310
865550272
659985198
307969565
978575852
135327996
460803563
6370654
222689982
129525809
842662326
586599566
508982932
825059595
256492144
624455747
521090831
623830477
507288390
562121095
110621957
656465058
909653706
503025036
514489894
603123168
390384328
590395686
777211707
946276157
923552554
116494649
921426940
429951981
892475644
951291167
361810212
553917281
197706620
498694115
34058382
619847784
150557639
50862781
77928248
823842944
676024126
462485570
927833596
611245644
534868975
518287353
562979907
578214625
17188981
789165974
575546476
87446573
753852501
743182987
719351295
564183260
248747133
826892132
20881409
850951043
887729920
576334474
143530316
532843779
570891385
580193469
430047327
267641431
311094205
128155205
47914507
740739153
832640494
415446811
104606255
870793554
937775188
129936767
476140166
911917361
162001810
335788778
283611639
59687925
152518467
604028525
205273734
4392467
895576884
598072081
173888143
265906882
180803691
734911149
3704116
281916812
967709378
503758510
717561169
298313134
365977092
708262574
368426323
933024312
324874696
543206400
380845097
883010250
493194090
250597399
20501878
784851878
118072897
832767684
378433311
913556981
933600964
521715730
537903372
961704385
307455843
272979778
578241400
393895854
581224276
397467667
629134326
160732756
251115194
972199828
200102017
364498416
681825922
823880502
129522568
884693846
948386349
737274941
351836947
251082952
257964360
560111190
952400783
803936364
679216258
458904172
674437898
90508047
655328482
773102123
228875589
309715844
219979161
294031986
606108209
740435093
323887891
815065721
938905722
836639712
150955581
741208929
548621591
216764620
441997494
324626650
479245764
293463045
924168505
107286508
580975727
278719320
551848103
840937365
404294935
681440216
168505783
505237656
723459775
495901045
425915815
97799041
960575825
813849498
564353424
420508975
180552948
432092003
62796051
906528475
593900181
730184541
316017882
917852428
514021287
515170471
522493152
915247781
578725434
554414296
275374668
659195608
200247153
508946346
967105522
509336014
526443871
296807724
294395778
7133056
566927908
920436256
176067959
638816941
640161155
298014072
529283748
162834112
968192070
301051581
334918088
473924942
818746210
637234512
164739144
212393615
957987008
668789157
479286277
285195961
469666503
412441542
293828108
962278378
394225824
926669467
122091120
930586084
645274626
579213008
708397921
19250772
275931478
547580132
734974327
217259463
310515768
558002923
742961658
835494157
991033470
496057566
63927765
269811138
411190229
808470800
561577533
996099403
419551535
617034025
462728781
400722382
6628399
877893996
709261436
81283299
665106587
625998484
658340398
115495846
557782200
513041308
384523532
514644622
510608960
626438968
368707140
658851533
453646665
959705582
344346381
974317793
712662671
18981732
15877719
192869311
138318928
175580309
592998776
342294169
486941837
606594668
79156091
36511193
373658195
705429294
358373919
793771281
822359917
61171588
449771714
32222429
620978164
100619807
641048131
971659093
892647260
375611037
407877138
79555749
941616491
148700671
752903662
646885216
333135500
483901592
731007356
246847934
418510981
923773765
462793670
85682947
568497862
437400695
673886477
479081657
191265693
150356707
307313810
104323310
636948234
238118826
393830605
237373700
988832757
670150402
578216720
473796189
194220620
214660237
522826025
618469386
283463335
539338686
322370645
289901722
961531296
109744749
30194655
672250289
815218348
848778554
897469265
505580752
786828454
388202069
550900855
682323566
796102940
865492265
181193615
859602949
898996782
7630797
783569327
213594126
993818576
995850400
348012537
571539420
854040875
399741979
728388401
205437888
787454408
367225536
252000035
822375067
352354755
806512184
144634384
361915768
589720370
691878063
84458506
244585701
442902937
658776614
880844948
32918052
848807749
707986826
650415573
66976424
482553150
175077909
946516959
78772577
432859622
741391318
635715305
777415676
927217308
143848003
883610346
277028554
714033641
600607509
909274154
440212511
774863909
314858601
112424912
253138671
599880023
852509724
83928650
904884361
106969618
352904900
580326333
417302195
131645974
859799638
842039567
537628901
294750630
16674791
263251503
436122272
186504948
176321240
189887625
279848392
729056051
621801279
263812558
188896190
990323358
159097364
577442799
303291294
152339480
672369178
821956899
660174581
822755215
479647206
718051340
86788335
363249860
158406451
774143366
239496522
634032897
921508713
517131977
837264908
776441634
256240919
288364130
702118448
135053345
141248699
574535088
624631796
97944950
565811909
477887625
639223609
730344263
772072230
817032246
464858231
589984635
215791357
491239064
642890472
175394529
985754477
435296922
14581107
952008561
610468464
706364185
758017008
793318453
123445089
490200795
176803504
796614097
18685140
529252101
434254293
354886591
114383385
480109476
392190869
692146785
385978278
497347178
401324588
624967745
449521477
990754133
722806221
466244053
973375903
677945748
621619291
271063784
522780630
233235173
732220821
113371983
90090224
33076307
154838319
907926073
952993437
779618157
892313040
243636569
674858160
171895048
677842815
437301347
176946919
35186331
760483309
489371163
569194180
535649780
2051347
368477547
958817534
89715237
720686429
179116936
672491167
776972195
176594551
270143966
865254161
214066063
128786735
527774350
368535045
229966014
701349936
840583646
566491132
408324635
26849029
283329570
734759636
249842283
51035651
894832535
680140242
526992235
932970856
638375595
186360554
501596602
39262168
912152544
580091183
235650073
163829671
109348308
821819506
89871207
922624818
806156996
982158910
39221820
563392710
689447356
366483615
329042895
916405960
122111417
481019955
882709980
170599036
474974314
53048857
989731846
254127575
513386200
475683052
710142387
742944076
503644553
65951054
65223597
472820062
39474230
500052346
620998803
634520016
457671757
206503053
638492927
733475795
503175517
438701522
390171134
965486046
338937444
710107427
517598884
474001455
366258662
525091325
561034613
133493822
873932602
909217869
32949167
419055536
329473916
322524088
28779964
646530669
514067982
981572410
580675232
460573432
113702310
921466857
370318500
51780348
241026073
554205253
970385659
293683245
746643185
738284303
796870846
115917179
53202536
265137124
12008591
399106384
283967448
640123426
365768755
378850637
866324090
977157171
536337368
279194104
126865038
118435087
256411816
123991998
933072545
591189720
393901649
218405047
576108044
836815972
410075377
822287533
538163434
910721047
370647535
188056627
848712636
408231971
528177620
339700366
994386497
186773446
440139611
77645763
135221527
852633264
123613087
105319263
866098161
195925351
685733273
201411846
359714694
480921047
415305522
456258788
540700421
403696687
577294905
635077282
638150209
703042477
727457717
930937238
378101263
626381374
397916118
872878542
90934312
724419614
474463658
652926956
375654813
155553585
122589185
622711084
442502750
326573538
182353166
350342687
114699480
219310453
910860291
329482457
6907896
404799575
557298182
427584892
631975049
549967613
73391478
971927124
241181117
211653242
389934527
661490796
788040319
638809738
418273020
398362591
958847524
516175820
795744979
20551580
321317085
319803182
366146784
161017156
568132247
289953297
399219619
59206590
821123044
655207146
472824577
118042927
964154925
954568342
989577078
554247472
411301101
573783522
576883949
952577496
939880935
834636308
182811362
846119249
107784117
574651423
229986450
848565369
478783623
248883976
570544998
548771028
208559347
491917777
557559261
659073548
254079118
81957180
843845297
982275863
901792890
16877379
771042535
272577433
608412152
388054589
115240051
515969559
294286370
918915600
684078285
593040609
624187234
705839265
598315542
141407574
222144059
255813711
137086590
44217280
254197731
583250003
790102963
786087415
375546139
857941245
466489155
458131311
863696867
796640607
799439980
659174383
54939365
261971329
487777093
443663477
14859623
39187764
970871573
967854106
958920683
865422246
279348079
134741450
415549517
802367514
802890942
437832137
808807210
690328784
13363039
522554048
242357218
884094575
728542239
912123533
627415237
997280748
227363449
164926215
247067483
95848855
936254709
788996928
282612709
898358227
11460634
602123925
212262464
632253517
105520234
843556784
922322617
544693707
498095188
88051974
880013134
793401681
510481236
700974676
497522312
63780543
241648477
120204912
489942578
215753248
899839016
447292183
606511295
309227057
76441033
370551013
430656299
639018949
958385869
492262769
145368195
801194499
244778910
520310694
97074818
599895847
554754074
878830643
301664564
211152369
769014153
643884944
787245370
960350054
981776920
884218397
872651538
257318006
86849197
706328770
574544434
864898163
65628306
574394175
902967427
369737195
630398586
42792022
367276975
523029159
536498887
31786177
614041416
471064762
508949413
558726216
174741095
140542889
774072380
59149196
542642528
202646573
431402579
491379819
741375690
785822357
747499009
464755550
21809532
238016957
640092507
878852808
642999348
212369314
567674028
803409098
176176843
184608751
618214050
509166460
809370680
604396431
312633365
359829431
770602396
917294522
452164346
272122591
95883989
387418387
646344205
474387607
309601886
883806727
907514838
937684070
812611937
853268556
450281732
301986283
828983562
380295733
74029841
732556678
688098026
774568750
533071775
509832144
208424378
964203691
481697822
882467016
720167224
660893736
207425883
387324085
715732644
293286381
435831637
377153000
272217996
439734398
7783417
456009799
8942094
760215276
446117426
808828319
869066315
792339144
160840138
16246127
521382494
890322735
936655165
182400806
326846667
393867276
657767022
952204431
335259244
99782775
42570845
236163198
912853723
80538506
346892378
97493541
879448878
51978559
209496630
946006748
897145085
230260059
915315709
492982783
983827816
776278292
503649573
84973535
989089315
287988480
201607002
919020151
354112257
669967481
797128351
881804939
249295806
191503412
108017271
701007743
969737125
909069352
388992907
36790810
569117262
511342595
691770797
402512818
776268152
474666155
6604364
809980423
345077082
786542303
606070288
524029167
487359532
560254759
424204275
187320515
73234874
165292662
687035129
496475002
378864195
830771102
143534990
770704338
399911560
366772836
752276293
883344173
442199914
402630032
767584152
706460688
163477559
288767215
953973515
216249633
956459513
745598192
312087281
7873935
42534919
931738526
983951629
563488738
916384270
111102105
719285478
863194938
378068057
484709192
208549863
119162600
751268267
602503144
150694658
847680816
481585190
786449577
869137180
342220271
383833637
326664644
845702398
604496172
953059969
388687612
884723830
82092056
455237429
167516045
738510095
242283293
977935277
798840695
415093578
1717013
583621540
34794221
482826499
393114722
95288181
253468341
924276032
920752693
4269508
426833685
578038797
160194347
636648237
651844481
749485367
722701253
992588328
192370542
36830983
997903358
118284154
905529858
701929203
235673990
29113377
44712876
470624148
110525164
447196285
275163230
905907573
69260526
993440361
733401417
146171449
991546256
734953574
409584070
764579895
46406582
54835940
916844284
848815990
667317650
663841230
148163155
654538405
318265472
407342522
584777818
34129237
928509008
476561828
844007352
802124924
320035979
115477217
922831553
29208581
9586096
939231893
663570305
247035552
870993136
270097286
841106038
320713385
273634000
845029668
655399381
243220280
714088485
70343906
694210274
833815949
636151464
889301861
516785551
324646679
657994948
18878230
45488522
411811175
495183666
39837056
137463882
143900297
599542956
507262917
291185118
400430974
526082493
166429273
10042912
483588153
268015759
785590050
869680105
229517851
725149959
981755760
333913934
520983866
478919771
592391710
269106823
38493568
131685984
565618411
556960514
914745187
503768131
922235752
588412658
597341391
823859369
728524177
340710267
26918603
485702216
369747715
148571623
201736011
832470873
249359682
213559979
281554509
648330165
734361508
266538206
647515599
464414413
675751183
120834310
609199708
644217421
270697135
378122549
902150946
800617404
690600291
400992028
380641934
542988152
456298765
730860290
698141356
646192678
249814591
495320606
491446074
439408818
806741658
99200499
819076688
545506376
556309902
508697313
873278465
18014207
630474829
82712311
587992237
702763724
355065058
295090742
84341820
310706332
986021456
758911291
9824911
741217554
483902651
430384789
726276928
246173079
237260314
448686337
614921561
934523726
811096671
875872907
739667297
365915562
393779899
498996046
748917418
197768192
808527581
408690763
302825082
806936029
41969320
613066912
631537891
122893460
543764112
6963575
387568113
60246666
971294386
737810688
534126237
761560215
958549585
351365308
83556122
198042233
142652464
868912186
232462194
347214795
817546006
656387494
416335190
131533335
487768169
763634315
403451067
480900732
745301658
272058614
205920059
968422330
632529636
704648359
181610126
139317854
266352396
925646418
568766890
71475024
394967617
870407296
718129652
831122453
22863440
152090522
99476445
859100050
590290352
848283716
334394861
425064627
990059924
454116944
201584276
71233862
654835577
220377649
487876077
996360480
933826095
55203735
488538145
318863351
628556456
684539110
413979353
268763622
76060097
198281513
210062966
856973674
562262455
902357277
82064878
166386763
789460233
591776208
594259102
638565545
427055381
959317883
16183807
795051897
22339412
73679734
168924217
303239206
824546965
307301960
320666027
135622643
112183518
225201243
746698921
836163992
676148897
135545182
61596255
456842877
856574364
57415751
562950295
862660557
847290553
389019237
988742193
487959474
924633465
720539601
903486002
967475205
613081928
560875720
263985811
423841523
487201266
559790936
1173359
83943019
768494513
172382660
453779390
109432865
333021442
718769246
998124634
19249987
159871852
386099900
614306671
137943068
450875484
918205140
680181324
502212710
191131512
541705890
197781504
241490452
270745812
957696338
910747873
59740650
440385469
756951442
213479973
507222526
669994764
189171598
599216035
663955946
31707782
572929348
272584705
16884283
218787219
334920013
99790446
133881145
721457903
494061964
553039483
218051830
240394810
857166650
303629825
620053075
805739311
369153023
33604331
262312153
58485667
567147289
636047546
168348494
931476380
715872995
507703020
2731686
864102661
270481944
415173272
489865961
637265737
410943603
530694028
225058410
424015932
833460483
163373404
166491132
972645386
140410147
322830120
539181531
962097618
171458547
481546351
168797919
976909411
463383219
709895951
585687389
63088237
930890180
258629424
409793416
148732688
183463673
251416755
742106269
804682537
981199079
893947198
794535826
773704129
491095973
311303746
865284717
577231071
764887524
663212745
875538162
252306493
525345840
736716732
137099944
183669954
402083500
428956940
814667127
172945351
778963162
432505150
452151931
158071313
252466494
91552429
634426565
78610808
119633690
338342217
288329191
598212182
795789440
295558304
625419527
246020292
51542213
509406539
37283527
814665655
252240158
910513910
516439497
342397184
13571388
974774683
424877675
589070160
982762861
320257048
396883829
503213256
340126597
537381915
407476843
455638871
843480291
985797966
957568602
939150615
33363326
205870726
378024929
745376212
16662723
813408938
851289067
715343861
213760846
790262371
466983669
802754686
613616387
818301708
815407469
648131185
94361870
907054903
897673601
203289554
706540847
489544268
660641474
672624240
496048809
537069650
247880204
26608970
34387757
107130256
949788236
666236027
315813083
5617758
276783862
644748545
629235761
692964559
898115381
275718391
332738079
252348251
821956805
260241532
30756304
959856609
733606814
142277371
283568555
122600511
97210006
337627725
804855158
430378768
520623687
928668042
753466603
951486654
586036642
544704502
187657523
814816063
249261241
885241572
686646962
447434531
642207122
556364162
870572659
709773493
934142853
898259085
327631489
890269835
579431821
43613943
38462639
996861671
805911948
129332928
958537476
934296091
746545317
481659637
336701874
932449628
253151611
591495634
39685253
112625396
166255597
643354413
669230899
894902542
49509649
427602689
73618661
944297452
922083680
315550689
178544404
323638618
260102750
780392505
296089229
672523203
97072423
333885950
115306771
233166276
566186874
71407410
98944752
297849811
164106637
176714648
176473214
467600460
294184381
937679220
699884033
266690922
689112312
388140719
266074207
345127822
329057885
619820625
428557163
787687067
681161024
691729598
294639480
499030935
22908983
944326685
165820518
501983086
292608995
959991544
640017994
557915660
911352627
837762206
288278601
144632666
168968764
441414678
614254805
671088333
678237805
698862930
517093188
435696010
124943984
569551255
107145646
662852989
934352739
769656073
187967169
65612043
401957326
241104995
719637836
222083819
709078374
675966734
479519072
573090091
115024114
845128760
810419689
366534104
867979460
449536569
179480750
729961584
118160660
603317532
771874029
95758799
254329215
61841377
277351342
584475649
434669915
463165470
474168628
616624775
946342884
891380528
418642514
231042095
769517183
742716651
318429061
412774763
233613815
486195904
615966098
16308047
513143001
742435091
725666661
187748634
453185679
768191861
311211747
58870645
673833365
619648154
778621527
36918897
175904168
493059653
618491920
916034140
495047248
102132883
683023462
734374738
987981296
358293813
753150500
783995155
679783600
60507655
980148704
558876248
728959854
579533588
732080648
855519592
212904747
742177092
463277442
539952874
992465474
671104556
913482381
14064809
992778151
836735849
450271847
435698397
28801768
544783346
32589032
809478502
650768433
144203892
34577897
929551988
123782549
254502
237143292
567220377
858009110
141809334
508439831
582952217
860373432
394590669
631549608
344792494
222611372
929869509
737191675
309941299
347307310
570898302
180191567
999181808
379815011
981844830
274285905
998342501
593601787
80289202
810259932
658012150
865500462
674964941
315762683
969966128
1101109
108850828
497672065
593772301
647789296
297682032
765879686
667912090
447351879
382430469
6517996
662520908
970144926
458726336
679497152
990152023
816185605
755562766
484209666
305599676
703883998
350589795
381939102
822566856
328951870
727789858
164032727
216749025
289254257
796210637
436765353
269529553
581089790
288156365
805147778
386410274
359312823
164134406
54888989
505301598
171039212
301662784
879418598
311870655
320707872
811794508
502028309
137532029
404384944
216428159
869519447
107200768
863874664
611143077
917848264
348624772
854468917
711564206
568287510
201495381
272474116
640302241
718332632
731476133
59303177
125019664
825203003
210919965
762882780
804855849
76497351
751620654
172518091
964152567
724778792
938111411
304487820
105495748
144375009
52467144
345817121
787831792
336604534
863193346
770511324
537488612
954848232
338815003
318583325
638951553
94129981
847257311
519169294
783417409
812643799
542632028
743722384
460612702
717950481
95622215
424742694
344053149
715172164
283310067
458712427
404201481
153232331
851157510
919400988
126701178
168688129
859137443
496052612
905620834
557741935
204127645
563622293
694827729
747712971
555691424
9063448
658827049
564195227
946792541
191381158
182139111
275917738
171394351
379368110
636656868
374692319
938776542
531972442
383361987
489037641
972214237
114658993
163531412
386313922
207604730
659097032
590662123
464084090
848035754
451468430
83986599
266722386
773751295
771752266
87326780
803418355
432557752
344343751
452957713
494859968
874410782
445658416
648309599
879919728
927705999
822503414
132287368
759347697
563822268
981359153
778964158
979033084
287813444
521018900
823499324
488220622
586665769
162994296
816610232
817109994
36829707
689994337
195890705
795276691
149940152
776577446
419435771
985703288
175091994
819600874
294637417
476834614
889542945
835830436
134329407
155428194
437219144
108862908
86380810
111331924
871495113
456671671
831467098
332481429
199448818
735974665
192160894
537825364
384974272
78985716
137355877
222239754
842026693
227248446
974432720
801925369
875189486
717012485
481053043
86866440
775422011
863565589
294502572
556383480
211824979
66232319
337452656
75934467
153989885
754198130
22729797
747027792
794273217
77963932
966883224
898774446
923234210
429396430
837784680
265302175
163033779
258677594
942290378
883226286
216364522
486305731
154211752
901354151
363549427
517439651
927984297
907833487
324653620
414064243
123016728
142876062
399549315
445975019
282753345
664969833
398771330
158852761
171606104
105336453
224729779
960131612
222170474
970326588
181312414
399804043
872914845
899135693
614077317
178607933
346061618
84244539
132501971
293704925
542186027
576322082
10492271
578309883
82667542
376607137
25519344
477093446
702587558
366974011
341902747
767396084
16702155
645966623
692571109
264486535
81642616
234292558
157783234
954036796
248694124
885793471
616691219
492570951
944939312
39815097
427187368
665505327
728854036
663957445
453336619
51591052
482319776
301539548
342621265
595439984
528026441
159814927
54973381
461438109
112549808
50445390
867477374
548995916
176118103
253784298
607741467
666100827
204825664
27159788
728429912
44342012
609188344
28650345
747546561
58444502
609610635
637777210
28460175
953726723
846200777
957511819
345429626
235847353
881450465
485085835
816952000
589934526
131622576
173231118
559905984
655994857
483886162
194811244
811630719
180335449
971100968
733334372
690791066
28971868
478428245
752323579
795477268
705596868
711878660
130776838
327569710
995001687
687617554
600705519
215050174
863575013
698248061
459892456
839429635
468442343
214643770
328996567
211701509
312618748
340574766
983628890
649008335
421500776
373316944
593424083
311281963
383818187
782400309
685007926
992544721
482786079
741431585
623524020
191215202
816931624
406834772
468464296
862044591
870331136
933284794
73921694
482559206
134207582
883242901
614292982
746169040
444450802
797316288
112832583
360566522
596210542
962731898
865244547
277851785
533551953
752738383
243611713
733758630
744828189
999809647
861694685
935476001
873386409
499513639
868295439
255110686
439596541
29543532
562310332
277826981
957537519
351551962
333943337
919538775
222350169
596484567
677177279
133836572
323422604
629307869
619386002
52052416
217982801
852064172
538778764
937449843
476975200
691305520
261308173
250392552
244937885
860019215
740345140
10283225
210142303
114292107
931930654
265504501
685250986
144830025
541582190
122326129
448306341
814449238
444009744
97539167
907735434
512472713
607180315
554675503
795742493
197509436
663746448
470845612
16264246
672737970
846287624
55021705
471013635
944968412
819248648
686295298
138601787
106536557
929459568
84523161
443467046
514774817
640370129
300562685
125195863
108757694
535812260
381759815
632052010
213914548
364061130
562859188
950058727
238501863
667912594
610231503
175367106
491771463
173002211
497714913
854871476
38566297
189757556
259722292
197417808
735370054
720624091
336702064
139244251
650198002
432292335
656716920
859884062
561343790
656232302
770840542
247226827
41735021
59047076
294396097
365451524
220528270
723164782
234128138
420881734
976049044
657427761
110341269
246956009
637864888
290624943
993055972
48234254
35396367
3657174
76444517
689138870
997211507
3591892
520006010
389121727
632231722
744923921
326439939
349212858
863918988
340865566
723181854
491197751
252342768
625587579
590968043
5556377
817979506
403606489
706242767
170099530
500781430
25611146
997300840
274104802
445506243
112371066
284387342
131542097
126401035
814116886
602407092
542891489
908093584
213638938
76353401
878465894
575595628
701141825
739123439
529217961
272891229
984520116
983408655
479611636
142122855
618076878
782040284
6951722
899313696
848335607
416895879
114127380
292516157
190517841
473318966
332769204
139978914
3295557
317157536
190391145
84442375
328816399
933401280
527326408
610247394
573418657
410170392
305487376
953564810
806476353
466237263
203683976
856601248
276276391
18068661
192854250
11965133
912041945
369664381
52182951
956791279
543495229
686035316
853214508
736457008
636543622
230479747
344304826
247361349
994031553
363764225
445725282
392126644
132282762
958306929
963122672
494155139
171400331
760833663
710364603
561368006
821032639
886188050
37448058
203910412
114390286
453269800
430605457
231955101
48679456
450210747
561050643
797054410
947711890
765879998
702123915
49521958
585423851
309218740
13543114
227171025
206910548
44903164
514738209
832405996
589197880
572988926
556810388
564132428
376804339
271243746
147440709
147438568
697691667
824305482
325034153
406420638
30270744
984970837
329637471
883345262
489122407
84151655
341186183
890443627
33411734
818351764
544268607
58994970
382579479
901699832
466118332
840857529
174243854
627071631
36328147
977326146
861173222
660269479
30394781
218843132
395465106
240399130
272821610
294883997
685282121
141435403
984761300
230976803
574511205
613034078
941911798
359506839
421664432
497970634
965099781
579757347
552852778
699082130
29853594
122874244
28219415
492087212
391666398
953603832
587543863
460834927
281863151
743153585
983126349
225584013
151454964
827909536
344936438
518957096
85391821
881864888
590718864
161564227
442643333
533464585
848821090
116717562
582700571
48217467
747479313
205300162
184333099
281207908
393965406
861899779
649577748
484338281
149301700
326439815
846698687
875499035
93089770
128903788
406973084
902595031
737912574
686942917
793921786
175329261
725626218
480966981
369391581
438078961
843207
481470406
890036458
374222602
383815928
935784334
205675052
164966835
868719687
249276617
193425720
147690511
148621025
969027773
943530139
985597298
869204366
132942668
213915015
392960817
505971043
290603138
405592914
972239896
412996138
392444423
169574332
452210287
84540693
702877747
934594576
568633591
541167866
101238501
396660952
687228627
543172330
437638900
360718863
831929385
565010450
634246481
538496103
678020308
557270867
728130531
442978985
474977817
114776969
17377713
77777930
265590315
817412961
648742216
391269607
169712095
195416464
92649879
634186161
346616776
223376532
297877443
141247855
843837874
105337866
288720221
289163024
743822515
988930508
659336766
727325017
646475173
333532069
239318001
955031958
903134914
92484876
810911942
180676338
918280333
586354212
400547861
321214836
20902039
910748455
965966584
18978845
998438523
473128094
571089474
871019393
545726586
971680308
812016563
465513438
204084924
702704204
657109891
628918108
417814108
541354164
746636918
28211188
157658439
513458300
242110410
416578947
261139583
288781696
814192763
691141787
565281354
971208786
854106504
23627000
656268060
724069641
194691468
671922894
823926109
104565560
746350066
648044565
605065733
612345701
49388205
885474226
309488858
545735639
848243813
650884466
936644656
277857981
268883350
10845019
65407554
907296962
932716519
582139841
423103243
103697013
187501828
552333782
406974459
590853240
545064788
936531231
394584530
336059047
318818511
240884245
513656599
514575603
795312004
474671039
1870521
426261172
279464836
245549983
81952800
926727488
473940208
781897664
771900991
668871050
778959016
11998051
644194286
55665379
178187608
854203517
322614916
428388118
570418411
438708868
613005695
44683929
87577458
690894847
560574241
809580752
485733051
733162755
9869047
995517025
635970926
913085494
643419645
233740505
829556389
641286870
582242444
909825953
243220628
44205402
364310819
251787009
774631462
860285081
19672394
898690007
979716544
814807187
48754397
333392672
184988621
249845614
417217508
584414358
83133440
370822173
851013903
286536587
855577531
795426860
144941514
407675763
567009861
50167280
483715901
806266119
661358085
263408878
845792084
221849765
519909928
826207500
250393488
374787864
197753609
344252148
460638634
296954992
592938685
401757401
967733541
252320591
10682781
911456821
239943071
502844868
580358895
414010233
838621317
232668320
718612354
333395051
447374097
943072237
992699670
786596712
221744903
849561559
662451934
223523830
465115529
855502489
402456397
955753948
511075375
92531222
628042957
230460802
25353670
925634356
640099084
789938653
672100036
67083281
809532198
313267174
722186365
80124990
37241459
1860283
660186232
350456392
438773526
38085009
266822558
848848742
102091796
961972977
680801000
328312232
973172488
576861861
115206479
977798423
526174351
502448605
451979317
120726537
293979437
509059020
418322357
563311531
285463778
324808611
331912543
573492599
564309268
248853091
971646290
820843646
247758172
967347451
656623114
840743905
83307871
987297558
851652021
27590818
129488531
762168803
623959630
482383567
784183091
639500573
530056188
37827664
219604815
382902106
162924066
435654544
547697325
931182535
283747026
285184466
408694266
535878545
579747072
563890000
31904092
522855443
439000218
95157933
818384040
980501770
654275170
302067314
322839128
325719683
204767085
405050795
198315376
859239768
391775904
563229538
5302934
296117645
556570121
185963864
899349673
16825745
693167337
70174330
407862856
755267244
461235881
393854140
629083378
619802159
251231901
803148918
14428172
309237906
192684166
267613230
355873638
611333977
986601624
123152942
52072909
228129714
860793354
408368385
135078122
339116881
86728662
113249528
90684077
359879958
422302199
591490765
731713962
427839725
453686557
767376550
898390361
20756534
671841615
426874283
586669927
139613164
490986487
594756195
205038028
929157376
9792424
67639391
280995536
73674969
604224671
169838341
369486663
519895703
722674811
274503389
596022995
658634306
849039636
94522488
561673078
57960405
103280141
674687123
226057297
723172036
669810673
893870016
673640684
40680816
865884615
146112294
462494797
555364898
168955732
521089869
49607394
838261768
306109196
601779277
471520273
600155153
290114888
598826856
792527910
634121534
817247110
354878065
655819390
18280484
952022727
136146850
589616600
501684216
579943516
825632557
697144629
958314264
508766175
924009157
356936623
915523363
375040969
411271579
153534826
531958365
898046576
98832560
472501275
41009850
634323603
134005930
197804411
345351481
440581604
717143796
154811903
840707616
857595761
165062451
998999583
728543987
137199072
474841349
568151892
907837222
781169901
816958932
523621939
238826132
249730148
585461283
681748474
820622268
563449222
615862484
27194830
972751016
244179205
356258752
17338142
131590854
899485129
626308249
893556056
498792764
859311389
50627247
33464418
271775208
938692461
817136843
648059909
547853153
199222913
985201713
611411808
894889077
71911182
611820092
377983541
495955374
31840965
601673978
545461270
975562509
268194116
334735165
986122364
261716985
169837837
966880681
504130479
524263751
141062274
982223321
663601718
280420324
602173245
476121784
798703510
995446847
59955092
544201236
54751214
97840724
382404692
821025804
855867602
263897614
497683769
555559982
684522179
503658061
757649099
483754852
525837881
55663710
872974843
758249251
281001169
494558365
74514581
889750737
363293036
391270028
641045045
406679859
319829182
433073429
953274466
151284687
663865541
73947989
737653757
931639993
744485563
841925157
676705359
117687043
135866164
370642856
464451067
432505662
770624037
453504659
605358695
669962822
176147344
970707410
581496275
846772600
924333496
815166720
441885164
453463848
845117575
970559931
902612696
953964700
368216075
342900459
464159353
241188491
739969422
116651952
131831178
288276892
43987988
159481478
211166572
275392494
567312594
156709401
955348092
153832907
714970450
10523960
889191825
363541938
89836342
828450266
62871350
685276581
984052241
719115030
274405073
438831590
768769372
377498483
323515011
678531291
413704565
762669883
367322597
869384007
487747588
538636859
368946087
468053246
576665572
54235182
627513171
754956176
61044855
453099982
911726335
512034654
424997785
668763423
997153862
381309906
291833611
640864250
712686218
795593322
229297168
615025540
382479051
453718360
614194597
998960550
872821289
591796818
569465108
241080901
938963890
731761987
353383341
465318329
400089139
951406506
27823200
403160063
917158099
85310546
645599792
968371017
366649478
866678520
579295512
632874089
637614949
894648832
46175338
865852568
362332196
675524915
748077704
56788138
627963687
941520099
288050583
140411750
711216926
413359756
640754552
314846615
363396668
855883029
601084610
765622419
827966591
64803670
236084392
164630439
22247521
783568664
834940616
451009074
863731471
471060558
284762022
167037177
173021841
846732733
471276204
350581178
168973470
158525172
33935043
731898445
645379778
881859897
126520524
222087760
940454035
780890475
148735709
767319655
361188295
532244076
883209148
333789474
789937030
557505692
202202583
280045063
752841531
871863149
291748283
10815083
332336527
469242119
783130204
32976295
246215220
345198732
385093474
69334138
750297491
236322895
69000168
694425390
168331272
115818271
531427828
475626641
306706421
856696182
814878064
598552962
301748761
811327915
114462506
123585311
102810116
563605230
745426588
542534939
435542831
206662105
74433608
378601459
783803957
541318301
659369219
258529573
520392044
949110945
476769184
133162324
413393339
996008878
440323059
538930703
763458068
260333853
614964807
152669874
975016795
4169124
77144539
110717134
605728865
852152797
253265408
847794657
156011
833568301
718976532
607966822
734095264
763064106
465867392
955746847
714969333
686686214
239284445
267553381
732707437
898347579
307951713
479357705
972307203
584611758
132901011
533942170
20194095
891708349
9752852
631254244
784889293
447723266
733890856
877649941
448714043
88726450
507983383
114004732
736153079
286604775
575958525
386997878
199617007
893264126
648567056
451997074
85337515
185478126
82676446
740085277
493546118
792998082
624345169
555520085
702870942
506387146
434218933
916506375
255231461
166402275
75775581
780214787
389444241
897886130
596580902
809860073
322830806
287728765
20386230
109990956
46925286
798578443
366956277
458385695
186153070
441657458
216476210
778876520
982500447
810977347
615732853
253921898
707794907
994228145
813174329
211903650
974736383
843508681
908999
121992337
448994629
797387689
405483389
348801147
792274116
588718143
120310558
168948737
321760237
136041607
206963656
888399218
97920585
515802127
724462756
208446510
203221525
367076322
873939147
129236833
160520747
813121611
146872822
494917891
169632023
2767277
255475756
242034796
852406261
341639313
233318953
550785998
546959299
215277055
720297822
652779945
558369212
856556532
500382676
196150096
629007640
986369450
120157027
588609111
568687752
872929956
49796352
888415007
360074446
146722661
115081289
727421722
678921386
477706216
63511056
409650780
967515027
937385216
290956975
813996280
381537771
655055322
983685588
19112208
134580003
905508974
592694677
19138577
199390810
259146425
317476530
83670867
555936671
136468299
260340859
843166094
118808611
353814060
254835765
602253783
989676277
974484341
424077824
829178269
636609905
520279544
71408863
296001179
639452204
50277336
803695607
837204012
802832666
929715761
581587482
821110390
990357680
500979305
586014592
435684048
812875694
28947991
715559196
824372075
589995663
540043367
265620232
38066226
118156185
880061009
407267876
751753568
221585905
124811522
505417663
263975569
679110936
180358466
277298483
387552391
160725779
546370869
190296345
291824871
281079160
534987015
460444964
223723719
215871163
221315146
30174878
80670675
264999369
264108889
209770291
493956155
80571926
185694874
921313196
666715998
323675389
16461752
132324037
320847491
672364336
346977418
950837696
468112483
279227894
104588675
879821613
961861929
496268622
183546274
121404918
634249319
891262909
211210045
13640482
898980330
977413864
485901290
516021699
943320438
667228310
27779408
728403108
962990938
259756316
975326540
484301053
942757389
806156474
125910348
718921161
66042153
144826954
365438474
962486241
582520604
771650897
670222549
211904637
486026649
510788125
918043584
37159354
939846457
433737322
894593026
544201004
76231995
964632004
568222613
785391062
855203027
264664347
242061620
772706410
696479556
941216927
246044137
298502780
83255025
747150306
990031186
645711997
415578375
597867791
637721763
37588884
257548232
401303032
737734146
955943729
625134880
451856645
217922311
821401862
857093356
6435646
623879386
988591799
677439194
214981371
196144078
503770904
573663831
430770890
197061931
319996414
483668255
968857011
701713716
341280436
713032270
139190257
483270865
863055294
26938006
405327144
921702991
615948032
938955459
628291573
175343282
714976065
497361786
440095900
181864088
87121278
784997497
501802603
551170616
872160633
223481153
318240962
92594791
789475300
813659594
355695444
206570142
290515698
280446308
425630735
614197236
561313758
883946979
110370990
908228704
14629323
445118725
869849218
761416237
25513458
375072552
637384786
70991577
441903304
569655182
228392938
726633067
370697297
35204554
413518277
171611978
15319931
556407398
546688339
322596143
500900810
255207482
116361199
618882464
823424501
931628266
602974034
113540788
562283227
581871984
747916856
475134054
688435063
826005556
14352209
731789762
925673536
529965142
105933389
556651357
926404282
756448716
461573633
738703047
587213284
119361653
792167987
455829342
441546533
245014313
435440769
762375100
894698601
391109092
754489339
858514068
641371193
654970372
834536518
705330453
13561823
329818204
705186958
164215578
951835885
358623881
868885556
165794654
222624921
551940768
916572305
678026498
282913712
400522884
619420306
179632491
84848750
548855137
710042303
315970275
74730450
305370046
565956361
226031090
472053461
962735571
183553965
401753115
647597603
471996740
524373935
499096978
476924721
625683673
41183150
504522662
793107709
993122936
95599079
967814326
685113640
867697531
742697826
384850070
607524484
621337813
549115868
383771903
753411722
27133388
106926244
609925236
724510591
59559828
228862361
432309623
384838740
342717335
78994274
200568695
324624814
129204174
321238323
966585085
225197204
992269286
14572340
910803253
70876107
54691416
195548739
966626819
601195354
906243704
440720902
428389296
652683553
646188973
175393157
11787667
980508713
786914726
276857173
278167515
4955658
634592281
51971245
287786239
675626460
646750299
763981815
486820579
895603739
245384973
692714866
130955983
688093213
950892261
128459514
310028195
318736049
400126815
750949942
840585714
558998144
517396795
193767573
142367378
898377912
462284554
474396295
186653781
824600021
699347581
798119429
774544554
551869378
834539046
537243018
596226743
848999813
93443046
247647573
864065036
542600624
176351218
693333056
400420731
661420158
786824560
940746303
234382896
505425138
679673283
480877328
70601954
792426244
825987068
322292523
504917384
887341983
716725228
28471899
488120857
741140909
550099754
74273274
897155893
403563812
362078058
408319901
623382861
219856690
254213673
7017270
206086098
257802204
930557933
442550389
183946459
995358315
370198889
982539870
575326072
227577508
605540615
894040316
178518442
668491985
540330033
974266731
673703922
300877757
918908240
618433556
25078246
338984135
653085937
671483333
213072584
152324868
692296536
186237428
392544725
879394555
907978595
87580531
467991187
455411419
916384505
523766558
855254623
482566101
115375294
508934826
519239598
629310676
341670267
938399038
276018101
581380375
306950429
369737429
204503598
862082980
600326915
781736468
916116684
904405347
904487605
380562703
888449925
637897504
562099278
203191615
565426073
99969616
444640211
286771496
894893996
743242835
93701458
327497322
474806934
543649745
241491068
732436639
179893889
800798957
38458209
323054862
365822557
171232849
13494031
571720747
338667888
638518550
324139157
293306146
76080293
479584958
209424095
990749422
849509918
126741404
16866478
727902198
901941079
9016201
783420205
739438350
211903825
24934418
712359899
648268376
417700939
213175271
722834818
926666912
209855653
337689496
422838279
258217862
968882055
696089192
11698379
193170197
703894900
389002044
375937731
91409019
696158196
638623651
164272269
548826482
443106074
822343270
623050969
506648262
412085397
678807374
835604266
261425727
811784321
615789115
892994396
489704168
820966974
539747620
520990842
122196517
243059024
142655552
282026396
235568937
356680206
695638271
890102360
138713318
528751317
819089202
418555844
38614798
234682857
633594937
117279409
634065584
669400036
708295231
545119309
498356081
146341456
851000744
861051565
384882283
925365099
85050928
558845146
113559636
659082107
929503354
706014749
340034098
504808484
286424947
594311961
998856209
282817996
25921173
879322976
113684735
390704915
227914695
749006352
921062849
130233682
10240054
216710656
152048387
398351890
942008809
501549860
579038267
299812377
753682473
583922314
495494846
192568898
682206529
323158308
984638472
392132120
701840102
348617525
234173572
852368239
21317788
892849776
557443502
892402675
130824220
920426975
659338584
948836383
897870201
521061467
542993756
837476992
771856355
275534854
728156089
161168763
469225483
57247956
891320997
188439864
785999683
838206854
431779211
384290300
560887743
38699633
413164997
166681626
708735433
453383927
918792302
542917480
250060078
651579216
980089106
300221457
874230498
582222468
722888515
803655404
244442213
48628516
476774184
649748666
593977602
521865530
574905675
734618478
339494393
635859895
938653248
520771177
245903623
924217635
891748882
112025072
313698353
490438709
105028417
512853180
975540623
242965849
125140030
334050503
699635327
134037337
485764229
320735239
906528756
679529418
495917355
159802089
438681416
579808294
423288469
406753937
967646702
44413569
96157221
438419214
3939406
902387720
954613549
774328270
54647436
421152362
127854135
893117505
124967974
581100887
209461895
429412663
265985664
10811145
340624241
141591760
383678156
253883882
350164122
194543604
787792750
775371762
918029528
791307402
190345522
601023109
194301468
931882244
970392724
15378234
542034002
641748957
549148732
596560578
118306213
833912607
277182697
593608431
87398954
15000913
501618178
511798105
58038801
649649258
447420324
211659437
94038931
940988201
696923449
327780855
365596444
483211896
328858484
350023242
531578317
170978577
946138911
328415083
749447793
55497775
819225427
44430670
58302083
580949396
67105397
714576131
899495852
133424146
852451335
713813314
353082696
113623808
810124334
660922473
38254349
610839280
113534159
649441280
752929936
952479625
323441446
787946702
892776381
487282867
595815646
510518296
356606570
254904556
202375829
975632174
373815330
146184728
838988997
917158592
202685910
570012843
79984863
60764926
534178121
196110326
420030850
226609337
910338672
506933286
464618920
186230607
674927025
136846588
104541192
985443526
817466057
666484194
52564753
388706605
383312075
286039959
234692493
937691609
826211050
465288408
510121154
514532624
875854968
642915778
562379646
199198343
965855297
219953678
239764931
400915756
603163154
295604563
208991727
365599730
926825403
499911112
322702162
347281641
892696769
280727805
529485846
193509708
16994951
442929863
112851508
496281087
723988631
885706292
28268818
760368148
454121741
768517700
278098397
962211443
243228497
321992956
51942277
714109615
238473496
223544903
395892377
200954119
775622488
946888490
708725070
879175773
603532865
443838147
783385940
332043924
286631972
452662913
250482187
929254552
737520520
630698228
243163343
857354910
631019745
878655611
272141000
881679296
878074508
988630009
902596871
126207964
402141978
723800762
905498529
575437635
362517995
785513784
166866266
394975765
263329811
512000793
229502747
504401250
322376070
85527089
470426190
229851098
77005144
211183327
30691299
917538754
110928925
782559879
927052937
905383515
245896833
712276591
71562516
525956860
996489546
89159629
892666744
360838855
649558033
129786102
422151550
935346608
5646058
224151216
535906119
445067544
10842979
528039362
948895138
130899484
933307327
619069597
36912424
337198897
250620939
622798756
134288102
650416240
145906763
478349752
623858063
801229834
875669185
75364375
593709739
647590499
713144074
10266421
944906244
926342652
436640473
532007312
136210473
226862321
554898220
711164605
702255368
200304838
568436850
954987044
423415782
359537677
5599256
903114408
567320860
974606117
578349674
218427153
181278364
703492246
11601321
560783174
785275823
955243208
251955169
389172229
560558445
138790756
720894043
220765247
549842218
23672313
821997078
385542999
248674082
577000404
98116917
725269595
606856991
628462704
784345315
691783812
111298583
353867523
950749820
404067873
675944576
146744587
745110299
458006045
135408134
657809739
572515368
93995235
952606053
991511996
430731637
970104297
58296950
904819746
989028949
779944242
52120494
932971433
228711875
448379892
463999693
403950716
191661639
735919253
615712095
562185239
158320785
700373204
676006157
151847669
890366164
39563148
166837506
933263896
657351366
190721731
169488857
830137090
34407527
646422807
507429362
415095989
830705523
60977434
179725232
108264441
794869813
747909391
861319638
956951071
875650137
188554731
74516133
715382161
209134744
805318399
456361380
483611879
572048482
196173772
546956677
340713446
595905364
831036965
974365253
847079576
753739536
641198981
39385036
721766092
661259873
903136803
595306918
70933295
670249463
129495578
247312289
753204298
801190241
594725773
772142684
786442063
623828544
572187107
796993313
422362082
875780186
406512869
648661439
37426372
894043463
130753625
836804510
89387443
3033500
782013439
654235875
655947160
699513340
410303983
757688614
866372060
456789711
940304428
973630287
986513085
635248773
327311831
669322303
738425948
818609111
7462679
794692604
602082279
728666795
377383750
779340478
494648993
329782143
148190915
457353068
127167850
384835069
164150017
455720109
313983629
631279658
133312
23021637
120374603
818310487
57938613
234964201
612436673
872902331
134239845
717980774
329974674
345795613
971014478
867266429
72258913
674902300
597308188
360663239
590258325
643574801
763507387
655777708
483904726
722711045
192952290
633849086
384605786
660111870
889458422
871229546
625816042
110304450
317119166
250974466
724657515
272782679
589057852
377056
175737821
430075965
125285956
413581968
15068850
740054553
454536374
347707978
928066423
160624773
904753201
761087989
453300381
648148611
550024447
704613133
678395670
992226871
524317143
753996302
369792802
381646718
999445161
707490726
932270121
557684850
757424806
45997958
830072847
474463474
161035399
889484164
28506902
745755503
414904150
720322337
536371816
816611578
706560422
934803271
388326020
3431458
849623665
111987192
76172377
713259403
976994029
734501010
172242117
378089692
689819418
890314517
115216719
686693268
690492400
56404236
185265785
834960069
687639736
249313973
746518168
913305590
892866555
451742485
609818940
755576759
66003949
380972675
575215377
37432063
262243596
639742164
469425416
833124105
607787511
515213116
504899779
540774376
468650010
768943059
31829153
807139816
633974034
777314008
727150279
346430224
454547653
459855810
764880734
284403661
301199064
704729937
680096696
137023200
963054544
663210666
177017640
165713772
580647211
300484880
307223907
49766814
980548105
415763160
794116221
417191138
357566435
77586559
393298298
952273161
667899766
646258227
708069537
200900443
953478773
248268035
672853968
966805150
624305783
368223018
602217524
433701679
935682169
515312096
450207523
104594719
73964398
20311866
472549434
385367858
480875779
621416272
902930323
99696790
731445127
414987814
856656907
421674444
626663937
430669725
986354686
338915433
304304550
495174321
246027761
630471183
265498073
927930673
14614031
242331007
159135427
2341982
870033940
108791089
940208704
788094931
247389521
654071784
214045405
307212478
948827038
349978370
692272816
700314236
594727561
976895405
742583552
430068709
715276090
859696143
516458367
832116008
752375863
938634798
138826349
214801861
398441002
316680477
308566516
539731337
508423589
906108978
829502441
969651169
156554583
375542478
631979525
628992922
188277041
665036164
415260478
431913181
176663806
94857083
685532244
442023629
863042640
903348709
154268286
771565660
911657253
95071103
504479386
44033388
850565463
611767790
491803226
163835575
498449007
42012331
747027636
328119568
908051126
69055480
519551544
229174646
952998408
805665310
482136222
369769866
512424535
117709889
936944042
597464025
128311796
729592618
554932567
304851040
34334678
341714921
894127211
552367501
363436172
292859835
60028862
837063921
410767648
873566065
695970898
998708728
723159555
179146725
968483508
859041941
531899143
948025269
726237888
655949803
244147740
942682342
91384662
656627465
85454635
123296752
679398479
994202647
455403307
407145811
73386162
817366663
24860884
320507137
29361043
318248475
653513025
530787176
363174214
960342345
624391887
22448187
18453195
948041395
196550831
607633782
803395838
923752301
320841723
100780322
824545070
876788562
625811673
362633637
881315096
282350546
152823311
711581246
272280365
597119500
227546424
544729515
621455098
771188592
948590800
859287035
953574495
505002950
958034378
439057230
956402830
649472230
177955300
339330276
13379760
530229170
571235487
759097159
499836845
343726403
302918241
483710719
647895577
796637148
907493458
414248966
976277666
706684020
494151402
940935260
232191175
43300737
636116048
737768851
403294054
310367977
843728608
488204217
253525980
860888486
770657104
610356058
560478133
586537070
618988853
224041084
221968992
785934799
329619157
95234607
420888177
73826945
243551872
400274629
944120700
358469570
88335568
917525502
577946334
309448709
218945189
650980440
159194844
752433214
500862658
710111536
845653841
304842425
705454459
99480613
468800237
701415661
656855440
395706627
775851077
650728994
560574062
280127558
129960862
956697113
687411508
709030832
116985724
342332840
419919697
77261252
316564300
528475081
168703618
860955640
317960731
246772008
301454100
574220582
881122981
965990484
389864606
293286430
584249751
789195643
712906947
937627864
690991367
683380801
174602164
534132876
866430800
429067285
920476708
139860642
323295722
649090382
263310113
584819155
936875338
778661299
879530444
808396352
774248116
130550476
500181775
19771162
149765913
648866725
939591569
719496653
502301693
941876296
953802426
819838278
402039723
74733532
82783127
356312944
430045147
889075233
580335308
780832473
972387430
601113753
718291284
748542811
622888801
85619453
458955549
36604908
355561413
622618451
974009665
334641858
98296675
269772346
422107724
617027300
238939737
911394255
421500795
24513635
526743817
962259653
258251840
623262727
323367873
79793136
30394778
118876102
597486052
958717689
762466376
630168756
327561829
946313811
200248535
794660947
346659546
362829067
87403151
734961185
308699428
358253570
224837420
679994735
997849234
151259981
987984425
605646698
503290853
758892185
882450106
290646949
747827256
711756088
973336610
878708317
33864702
635582419
787433745
70675340
810038299
989741924
293822274
453837950
422671877
181789401
598148533
609370375
337798244
986122268
770797974
671130165
390088115
505447874
261095283
770082482
564304560
307900603
269344843
238424406
952924450
282326522
196305461
8931594
627300248
466270002
732558120
687357333
368559049
380934749
169170458
587299576
147929203
917670989
257995607
844198611
887774180
707245902
816903671
659749268
202284354
808310940
828464529
577665297
369911046
370881207
883487044
578635325
373338745
145540309
872883088
938647571
964328534
279230493
802965430
26962625
253890262
985747682
914400494
345580140
476219558
91567694
171280632
320132044
543697477
243242870
211860706
94074516
388805830
990159047
923187614
364344682
299644286
472929664
688603282
879616723
81915623
791900087
451790618
148801181
435097833
624573553
69349578
94995702
750467721
795001313
564789237
801475137
744519331
595453560
796570810
445888582
438145517
455872231
378846000
762434175
751902346
909648843
931325413
887041203
702182463
673439735
655050267
115811843
698476941
106178720
792256791
581568591
308862510
281404446
612603065
106898239
349704292
401825598
445122025
594921036
836955115
806824160
798403828
592371806
541447085
948165640
900303307
830945958
465200470
994525162
332001858
225614842
661902846
199703158
628014053
452232508
832584194
453295036
395289203
804130173
362642067
816399539
695649074
767597903
279321768
927966630
711467368
123193194
551850334
140672516
807696267
503716127
481261565
260326672
985101632
373187497
342290932
990984087
722769197
364509756
408504224
492416360
568440413
340179226
331209874
61767247
590434472
649110834
749574402
683781600
251988566
264114896
577773680
6580370
562211929
41130611
816585656
669449502
53151518
748300293
673060387
785772216
593883711
498094397
763663693
242477102
860313944
710731482
351073222
135179063
147938396
899172023
922573851
280308706
904089822
359579107
559638717
975735539
873469827
978808138
739106241
236313143
12137590
422193395
722651281
105737356
547642872
788499718
375576821
828519722
84745357
137912959
531606160
905384636
633389291
363187165
707324750
529998210
271658292
936048957
211474094
999119880
272154431
366273050
755835090
637360911
163914088
933055412
657651728
333638723
331988966
430507843
989027312
849370441
258183720
529914125
17442561
716462045
469457727
226972109
487114514
104304335
510198002
577643524
934719971
2069237
732754456
838927017
932873970
337197120
987422438
616545927
541984447
538597472
778021951
249871219
90898344
163359113
737013950
293302463
798617644
207302280
247958762
741551779
696338104
89226409
73377847
50320243
307378435
893335319
569470710
980740610
811761495
824560119
568587942
946613647
973917230
776623331
495085397
164261867
387594574
81434066
502690635
160890906
892307417
119728904
933652201
740397264
763281457
394764249
542180900
332312894
327069968
593324299
611865018
573203882
567927428
367425235
363470504
913467785
50893251
224132522
800726306
558933386
330650572
30920185
225740322
760985755
253060013
839257806
959378417
201847571
969817227
330869138
448807364
93506663
532756765
233656285
483293082
29450739
317227500
149909421
280815216
197939837
658299409
956456991
746039972
914629741
115312512
376315128
194131255
350788379
235835431
740395997
335639422
548812962
564331069
624713596
556401972
530067870
637510971
828887747
198820114
605629382
585801739
928856910
900255976
381037568
643449150
818743720
662175052
938058485
242717379
309438822
491714022
734980260
403598953
663064702
166178336
320453138
10860015
377812962
451282948
259271044
619438918
140244179
894288275
859480072
608192697
599101279
669710082
45513281
851062167
404221753
503244089
824886540
254993821
327655654
884510400
331662696
12519515
696062008
409721254
467521543
449567283
404539778
947248551
409392722
824319948
868538699
143270034
992900937
195674690
184046060
527346830
87972426
668750964
742301627
255378185
314893835
742001540
752426920
458566751
777124843
570824667
681494194
122254196
164732711
66943315
288826094
202625955
784100109
811836967
164222136
240562740
394396467
42320019
379808255
711725751
566971469
278202144
627883023
803550049
281783234
782856422
950991545
983320875
153744526
237188894
489431326
567988683
766268143
457499377
736587132
609423146
996821659
119533949
467167728
781317081
429117360
275607798
890145996
518210994
158132399
947515503
878098822
352079850
331932682
143858988
391282494
92771496
361665203
427920404
810916647
478667234
682170542
336745916
200541903
810754539
487754394
786438122
658427695
127957704
572227847
245553116
190108230
270127400
137883164
358790675
291053556
927799123
703593350
931995941
65122353
103495016
135273932
94147429
544220861
347138656
510053702
403894621
398976248
13898546
79398439
988563305
648628236
837681428
439339697
644504545
893403809
797632163
949634328
360595573
341591605
858573754
153291017
534592088
416495433
548700429
864836900
823461186
945466531
877381138
444403506
605067920
821394454
511365939
727877752
275649724
921521110
71778886
345779785
512188712
127624328
985590133
399052315
623252713
576394764
654707735
560916630
105535128
496852637
858776612
180114545
911557826
650874675
43137394
421188198
29896030
67693282
676685345
2198391
44633956
574221648
803059394
636040536
611544173
595639161
4849664
289999714
814296828
858876770
640729357
691354005
668307425
593336441
796972476
284488816
85759609
759624114
790210667
532828055
259981357
449300282
115191003
269845721
490497288
902294330
897032913
334859927
3918454
458596894
70190220
92038340
591596698
305353455
173699844
78124710
668522484
927007521
793162812
141727656
680761553
650889564
162212314
412436743
247008229
661261262
726203855
716447884
577848770
756468075
49483730
313461384
161188847
54765262
875058094
425998960
802538182
83443064
815313971
859754613
16931677
401372990
172889553
878771305
59851535
333973183
24152015
22805673
1122153
595910633
291762756
849077578
784714382
680133260
557001227
914857055
998686135
863074468
418717839
576684694
29252896
406915766
736373975
248180683
651449455
433634331
325014349
41296073
640787119
294911837
608807766
648989239
251782235
531289673
254036049
898449019
210479492
150058040
837984781
476455507
830171868
982936976
756623682
818191234
364859451
198198141
36930876
663032197
144349637
862249580
409205792
149183136
559527758
997811436
699578230
589240204
819232701
280473893
739796399
275074806
632356551
387675895
685277724
260513282
996935975
25516020
258963767
815279013
984755105
733726541
106470872
708460916
802384937
307330995
283345785
458379169
937735451
152267652
183266173
74316057
246325066
408897415
850231870
410396449
517744224
996350853
217512674
894023517
308249411
567400222
512268493
345063320
6561567
779946325
955732413
16180864
446219799
496402405
622739380
238048688
525652889
663549566
679713225
435554864
22762396
262864255
32155927
592534593
22769472
77070142
495823080
315185844
390157214
710124109
765594650
611773144
573558404
839594659
676448895
959620728
34795627
550813417
731852447
98355143
556072369
834558363
769480265
120167866
456722077
675024964
659156361
260697590
56006438
438423450
18946800
522770640
838983637
753525634
888890523
489497902
154571351
49637021
740161213
637560945
892583681
507967313
591914138
560541294
622068945
668530429
326790575
830075045
798339952
10541112
795350388
553092494
300053892
721411707
436121591
532600047
266533793
371575789
619233483
410966807
792376443
206749224
177689372
42582946
464805584
279648767
421565810
381194809
973186431
143623132
34092808
156260232
784581998
804430225
497414946
282040485
644532678
977917050
681471603
832097278
971933957
660952738
380191447
645511865
398799255
252892598
589854998
825010556
589621676
541342532
699046872
266490653
682733916
336670228
666893248
16842668
436079676
422008889
355755535
112380014
63329285
737368802
854406211
331581418
303070516
934471729
116487964
846774188
127281161
178820356
622291956
758214235
323664760
605980599
35665630
995509671
987347136
564684570
587457992
181060566
328758644
149437110
534696874
723193342
582746059
647389785
278084154
603596066
103887553
768729028
705829418
560416375
212438835
780268948
419138643
431130756
522116532
830289
660130580
325348901
608359074
737861062
765891595
625508510
139385849
452887396
352035528
686289165
520675517
810597200
139710778
554767403
671222681
540522267
519461188
700181642
55805005
808332884
370676807
686320420
849444277
107601548
627873828
808296846
253882460
262390679
173631943
549530741
648376923
668087790
988308437
635699019
640923439
772464478
430970580
184782016
299532460
791116535
496241773
628309341
568752315
616116241
182601957
210718501
701850146
195967377
281729346
102258341
999137123
93459450
139931867
204584929
846877235
561178787
930913390
611374647
520669641
478655371
379947602
125164540
529683032
918713637
495425809
361153723
992211220
358971924
202369957
893913773
207504862
142489269
394752904
235036073
319705247
733342985
414828917
66223918
149066689
263907528
683817735
537407641
128584549
93742613
999256995
730798725
389451328
762076354
794552241
951722500
362796163
924439964
815910583
226874592
947496902
879310760
605557582
656759935
228341874
984674662
683361640
810535149
106844326
793965400
807522947
905668663
147805862
503993499
602494826
656758477
727026145
286940258
966241033
870292307
70498237
360137072
378881876
620726224
771397569
279057794
299424810
840978461
824665028
582816855
761513582
920686498
942722532
851328420
715497910
391188560
27035872
367184942
216838003
905140997
91228660
246623774
323643394
545404366
823865650
806900350
821913827
278395828
391785285
265544187
75152225
950135110
219123441
263507724
750496566
116100588
874281910
426326998
625649137
621807060
340438135
767712817
515640277
993531330
802192864
882957939
690442284
580880984
491541748
642140335
256900287
645739980
31951302
748229300
752412987
446506939
535009906
786620193
456886123
832188516
78183715
232323500
942900228
83984862
469716007
918418471
40008967
217939584
421268547
599812861
254986878
531962054
175239810
231772005
942453286
629821829
980537520
360683559
489380423
638031611
182875295
850672943
966012368
679368533
365624245
711349691
29048995
266846455
21690032
531941339
39641306
703349514
180442775
150962180
161032358
84407302
818633633
329858862
786098174
795916169
746875932
686085339
441156422
869984661
156500413
464763946
318597955
672698804
232926470
37866074
154556799
810966274
733873981
777448597
376943053
423655598
504741569
22511942
176981219
286597323
696368639
306902746
200484031
170171957
43133295
802452032
560552829
360251066
657315158
793868582
675182975
518371885
798002062
514411750
8077448
292355334
29681700
296336856
231830376
219885933
368784803
103485976
342050678
631472365
637385617
519424425
873271645
907004770
878816830
728004434
677819921
607660610
216499831
819035728
881573169
888572406
567684845
381907456
642168009
83978599
435823412
704368987
251862409
450270215
817481788
667393492
328016233
800206044
772675380
843361267
277194407
639573342
508757354
963485915
565804190
890584488
130301706
123411996
362675851
589958969
442941405
422399582
831231305
41279237
687346737
378310207
442135931
329639385
801632695
457836174
164139655
580820129
665048171
817564122
284391945
545970017
984304727
253270892
952596075
402702804
476598207
663229823
283410270
202946267
867846822
698708716
865030562
32035908
896131466
443857179
103805895
844475071
857122801
954601430
603052850
571903174
348914326
261173293
197807025
715505102
235376833
719737934
408758400
12942182
507076227
458040444
443643381
457370015
581963695
451367639
704759430
53138130
534994977
472720308
829107204
632480580
405356601
145376281
700057355
177375862
950474513
977188975
215759640
59593115
293977935
72437660
813723660
976621319
623949288
530355208
981175110
12394473
811980778
820597423
449492489
202252493
420024263
963391855
369559338
106847170
201374174
310503896
536686031
260881902
671071200
678182300
729394045
142558220
835290548
193333260
978721093
461313419
995346037
165859864
139380811
357286665
834524895
943547492
133057340
157000920
969637574
887173726
438667788
139953267
421020852
868022029
287276860
449006155
202494390
609588774
718936435
438884393
741910578
527534259
991778037
643044857
724869342
539685109
814515202
207333582
160877145
184895359
573539030
597224927
839382718
704438464
33561112
331002777
873894591
100360878
329913447
220364547
370865708
737695838
544991593
609923786
817502912
327990050
676485776
115518535
208295424
663897904
755085670
461522970
126501805
212679184
940925675
806184672
573825978
56694360
637420143
593009673
830997125
895302402
284136206
773935405
53028042
40044409
764227409
543967035
715092199
795002706
276306475
449453398
900605271
624210889
836723329
287314943
167915529
719951761
59560009
588562481
587112659
176718165
344776233
880389476
549491718
543587753
918346895
460096357
56686326
732905570
855300859
878895938
611368482
664537472
32061447
372239706
952294637
264931143
653063494
681603837
142849066
98142347
142204058
990631281
910857170
579262707
188916288
633986580
614280488
45803899
845573473
879901498
33857156
398449507
107138462
630648204
498486311
261653461
229617215
734086082
897425318
513996625
140162885
194276836
197315088
946805715
539485995
358576305
332019503
112721218
151824910
848741454
617135746
953839298
562233973
334148339
386976989
5309514
838991044
616514523
578985028
686004244
537889218
833675722
930118640
439085320
487898617
249313311
965753180
801619148
138168342
234838073
495957273
521505934
215814991
292623638
451339668
399351330
411614039
18973900
659488665
782428656
711593179
494239184
572911697
14713219
667286525
583636551
924413527
216672968
260370790
821371236
406280145
790943000
83076363
63278846
823982572
970543396
590197533
37400161
19673498
429399544
775203737
360925343
434088718
201491142
217067712
786194256
840720987
378326785
502765701
392196022
316239890
564064224
244695442
95098881
707010414
529552009
419898065
244032993
212751834
608073464
828638723
262726488
837363122
642749337
779057808
87951109
449493389
302256711
231441795
644689270
409159132
316475131
407819487
816339339
305340538
466635750
672535700
797374057
7194461
568507310
380986455
987819321
681279405
667020563
379518704
254850089
67592641
860671933
625852510
599956625
517558159
146016685
886472884
430556451
232476029
847222709
386753319
766921407
143274525
279946676
58542581
627548353
678539134
252502626
681615536
626937533
485868992
345287631
813743834
734487521
633979235
753922872
14917770
490484294
708851918
877693109
593048031
265329109
189130043
767711622
974208884
842613765
608935012
192622280
42759690
195693087
97341701
231033055
338336952
96940447
863185373
452507574
416554695
260050492
844200375
884727495
575983025
509691767
303153619
459541896
805447501
189359053
703550347
782241278
616430369
50365440
338789115
321218215
689599543
197010427
793702944
664710715
994315075
703793668
99264440
220122619
566106026
230919438
942906432
477825156
290216477
80969608
233230405
548566641
532192105
250351499
260464009
651066588
847197693
254992856
113007918
601876296
46235065
77916576
445207299
203376071
211496550
749567791
862292070
409818523
745121433
123447067
953380415
679371716
580142094
412740670
777237155
947658003
667350524
435614747
127586761
712728864
986016200
701388719
271220412
703584159
406563782
70959688
85666494
555104635
556291013
789628721
769419902
215596378
630901717
31240709
322772699
365518961
620275466
125352739
441794947
920865313
612682469
129745785
582631535
747368021
901111760
683398362
100329480
987117469
876706665
279637708
358792178
924499258
850088066
388276105
333405632
875479364
763157608
256387474
952625583
243833120
992510534
348435641
192676473
138605390
953648308
317607711
997491567
802817044
551578023
776832188
408876260
267210132
713634804
91071073
85433903
288703840
723425893
405459828
696558873
160864865
606915955
386542112
78608302
227964229
762263148
840022012
991266894
517400025
337269889
472039959
951690037
179870084
514916822
585859622
784002485
6108529
768489648
337430387
475086047
103044431
405793803
491876683
874298169
891515471
690542649
187651190
391657045
448196383
212279194
220136455
322550085
843876353
226657558
616728453
978188845
766494621
781165989
817189373
881476742
298545347
328844938
20939617
305312577
534028885
487214633
269937109
453516633
924839967
482647557
123321945
645947603
535243250
79914110
714204630
128956283
880913469
397403821
495776148
761308175
373398225
395616106
572122205
406466129
468516765
811167505
693210153
280062948
538728115
587972125
128132702
487040203
82148550
911211921
12625943
542108826
306406330
797393705
765582456
945539944
231307689
403601499
38220022
486998537
394159417
436448327
90311220
975078975
829139351
994682248
824988227
754643366
149356179
451550719
869654627
118032198
168052198
453833442
626164549
618067692
371963830
279512554
697703229
468118013
12058041
887490818
81500115
291979491
814304966
675347075
299531074
798422375
334903935
172983553
813074429
383399492
963948739
54633404
844139720
828264230
557868662
426767476
637416082
877769715
791758790
895530698
502538832
981570248
940287026
398201503
24370951
728355223
509830625
885276234
556024380
427678556
781438202
392428197
85516570
928785537
409098252
231081770
409274379
331060575
573473473
11466825
693626596
712809186
941388115
774177626
136661955
878767488
825846311
93395237
721448384
687230576
430798947
845429181
465837715
968051409
803453743
428044390
120595680
70833429
606480770
691225132
474565541
240114120
46444243
813620106
757328545
835192200
97716747
616990126
874288948
563443445
896576953
926248834
697316255
183108305
545948886
882948245
954349810
914507310
744887513
701005952
724990810
396127273
19753746
808811167
841488233
349582797
804848271
780397853
742140769
830191238
939896239
708289784
879886143
424849906
504769900
965196547
482821403
656933251
216747440
930187060
25022656
543814579
247149616
798266801
769500937
71461893
90801073
979391098
276577926
774466394
246040973
156411298
105985457
681037812
729444249
696667310
482869374
410640802
17002637
13288947
950395566
614644391
722462975
238670194
936168724
15572072
230249960
590977934
909954316
816235970
757138569
948708320
71877161
977191973
538773230
885843562
942960209
914109386
551363916
521777264
116708484
163894530
676702794
233585995
927809926
996003653
475454590
816740134
542143437
37833209
645735461
371459482
975731535
505349988
235979715
245569591
636309086
537403883
408395507
852173130
109545634
900432615
649783759
840561182
79921480
932484083
952748476
831320758
857657173
706143893
783177802
460923479
926519322
2865119
6988106
334450888
240008080
704390552
29280109
471333331
217961221
951896832
440801460
121727193
391701651
773135263
400632514
415832797
756741609
788361792
40676374
329807359
225087180
338330786
783115813
76120070
414892684
381097731
450885237
270467357
902674826
242556426
216883785
474891081
852322731
990345473
80460112
653951771
154846246
428648271
192320350
502366353
17798527
563685613
287060777
709094783
648158140
439532838
27142795
831187390
379184348
195367477
200359550
899047853
55497633
27142917
699759313
80445081
452419542
89171138
78404053
109284722
199985527
790547113
254319420
811287000
492608398
639010598
816264376
661796330
202233379
704786093
699372593
28165118
259379556
247017356
440069517
351501958
420255515
289750536
456772370
262101128
263183852
225006534
812029313
368200381
705640953
358091879
777940776
782311785
156799192
463813843
507425389
857016147
756445090
760766616
469497214
579556644
717628795
43355038
940009832
534866098
858889637
629316370
749827990
505816415
319352410
325322617
172614470
636624606
615180112
851178746
195913507
422466519
940532725
171499883
133762207
636911780
232000845
49109267
855841844
783357596
369690156
538031633
466836423
291114496
728329130
723320548
567691563
243361564
78531398
121962590
757264664
299507841
1683207
846773453
784434879
57125039
176255563
280380439
840023480
937712192
519529523
283802657
689290851
191983417
744735744
141096519
814532462
218065489
769702212
52723839
340225797
545957385
972852725
507168671
490754116
472132302
538145156
779367251
992275890
260414112
437134221
436989427
830152045
533799119
359940390
36050193
111012485
121315451
589653946
251911836
792045661
200216617
488288884
327880203
584052113
427114079
110479128
619666325
462357335
150591643
157561068
712601102
609790947
473911138
367967197
351759629
96625210
112915246
428648834
281161630
902152635
220638980
226085487
183328910
227149363
723732261
897087864
403535966
107202867
589785343
948695622
313081825
494246645
634522414
606830223
600515022
873809208
309315708
891775692
209079170
331541974
125747561
667873604
552754696
810434331
215587792
225698793
260061739
985409166
602154942
639014703
203532756
417901615
256820110
428109391
829126051
454643774
880471028
243065404
645316250
796881038
588515826
373551952
563788611
846930806
631303371
160094541
270631454
248781939
395649436
727328445
16054502
824080811
754032263
774603492
204493203
533632643
674105915
44948782
746990053
517431168
388091915
712167219
278313465
570529520
780744580
551848659
238468503
194244961
461306170
669084144
753942889
145092071
952546520
625265093
812798029
173729059
842417399
947717443
248323129
791019283
632210933
728197072
194886669
513763362
314708342
524629728
847882312
153340333
819499777
705001383
918871441
624591281
173550423
854173068
743222821
13884803
161694818
595325553
984913451
392074670
123384143
682923140
314435840
907864496
66550722
770014481
303807991
56627275
612585810
807866839
109805018
935304868
421051198
637299869
986744668
296195674
800536467
663033036
932680659
953492226
788845030
566093815
559851254
602373387
448949187
837973730
303066702
280135329
920662115
950693723
722751942
87530791
624216702
430040603
242326537
757172316
486347962
743281383
523421788
991634311
198323236
494987995
443422082
894326618
632940904
904404979
582343291
527132128
72907345
503576859
5708602
21238057
942244898
513597323
368003924
420309759
538794152
515524937
672127711
11334815
695802565
889046093
901498074
660609871
196992602
2569909
754510003
935376376
13484352
473103951
461641366
430972059
843909830
708945410
175700893
638750257
440195173
62721038
410009398
539587817
911531354
863022120
664640173
98201821
64571684
360885365
433315056
239740148
317304862
618786852
366153106
200973532
9049175
857906120
519644584
538225672
332141781
975897165
609783921
978575940
636733912
147826573
328399747
729290617
506311798
854445330
8189444
170451387
100282168
852119101
186349328
370668789
472908951
61485372
73874985
277736451
218770739
729100775
692270963
678263807
383989366
233341542
304590337
450352184
153313334
802756639
412882534
147314724
682506008
996509081
147931811
38283678
53429391
611451602
529980564
609862194
894944774
632246620
835883881
37964207
498942830
20998541
304156143
752430277
652654966
525967537
934580679
125581812
174616492
566503995
573778651
677065056
209481920
555515372
135164105
72834906
460366929
332218765
761176071
511917334
748306794
83639569
79890824
104471396
639916756
632773404
520921606
40051654
380762766
766261392
954578555
208713884
580037162
946071209
721604324
130594948
736741619
457560866
945307329
900226123
495330033
815442577
47976906
997702666
518055476
33926838
590646697
231653205
110474659
771269466
526685602
767667020
734763372
309491630
366082680
673085418
372225004
53502837
646657985
24353976
393902069
228092567
394500614
894026538
793437196
655025006
454411202
312546979
908349639
26268315
603489394
865691820
539567048
958530318
722381467
324669002
656184075
419606392
525757839
502226646
911878808
220449866
737224583
424959336
587982551
300790743
102198883
891620472
663048945
972313609
604191440
68649648
758037698
115652068
491414022
388899663
474573311
415713927
63629887
669859788
761793094
647794642
968312403
63447161
106434988
96486069
277551901
850959308
687148062
46131711
270122453
269071238
530695960
466887669
268056824
371159540
540047314
905430216
137840624
643255314
149588591
947640592
857811966
979272330
188302376
631453876
353662081
415265605
597945082
561574938
663732588
537011962
599281679
402104197
304467195
117406769
514925257
625337533
854648115
210585706
528645545
98071522
129703209
209087492
619686957
163919995
111448440
729509213
986275990
587389459
400504511
655847749
634856093
458552068
810659543
912457162
91319988
957251503
715481623
126829206
802819989
819564881
981099001
146484846
401143340
392247137
192102226
727050836
36230507
171974805
357961693
548243981
564156340
418454680
130534608
890651462
237425259
216936009
701669537
166220001
686221389
994206344
620989062
106378293
55330667
326505013
909081385
271041907
931979075
977288264
598654239
397489850
130631446
116576798
328585755
336201965
42751504
491471225
455784190
430787726
488767504
757198092
887406869
221472809
361252827
407295391
792847004
163510901
137409489
10253066
313431494
82624426
965070469
741729709
447101709
401181384
170960843
612388822
735244359
202940928
412086183
677580968
260666006
105758361
857985856
367327815
648952026
886687201
939170444
989385022
862934506
421157760
255737587
566566717
484604331
715748192
770591122
887432178
946489084
976426781
287089078
810135146
432238070
600410863
820146899
225210718
829596897
508304046
713760666
721246410
31384196
689523917
876020629
780702870
725997061
204744048
538953540
952225722
503654306
942327805
267182323
909771953
750930056
782620447
707141972
606630793
323262169
797144469
187769511
303850092
849792219
175414364
400603822
637836372
93918425
356201580
664230615
768239124
423880235
782451507
853945159
968782125
500235922
33349841
40193736
222572121
454756532
682584564
959571400
892655802
782677329
597924745
422369825
70786816
235991279
159791197
844331412
400861867
213212716
940471647
697138978
638303300
204841987
530491676
29291634
615378851
433698108
231239441
850653008
768903516
200916376
25636032
69719395
15198004
993678378
493108173
902237437
532226066
627881628
868560534
56947491
157367776
757679986
303175128
526135660
379008219
727051710
963926742
64481712
88038907
63159427
653728210
853512603
237338492
620261660
253328730
76272597
648698425
763167874
683335442
449613062
702390407
124429901
553695529
966426124
581116913
867380651
148151563
739540061
476035099
52985797
212542500
720082789
817051101
791108441
697040409
428477327
29572276
184795763
518032967
24527211
32911261
721198001
507527828
553850607
141355705
828149841
632359935
893368522
581055358
71511219
638572723
12593852
165007799
891436671
90975935
330613898
600110861
183470089
115112268
815600586
818092338
722737027
590329729
321894994
183674908
708259142
852520431
331991943
83274496
784784228
997818966
963384190
946473636
89639138
738238742
23545246
293731333
240115556
675683855
731758811
476071794
831069589
454760342
688874975
100339158
263645010
114451597
240960484
324211189
163926454
409147233
97492379
458875570
674268213
8440747
547298880
204873050
226752057
124978759
850988482
624151647
283548164
429179469
222841858
516640006
885971607
865600483
439631255
895369508
306215498
13740053
491829899
604054159
797420310
818454306
823753150
156043326
201104472
79707977
465192570
944388148
464766775
382033213
63482181
399615547
489820031
592981532
607311378
532382882
311366303
87019391
614347399
399053690
182649353
860288875
992303949
509903455
413747023
53625662
542931666
743710924
441063296
225449924
56334445
340830649
84495491
102459984
78051582
696246880
932524761
435243337
597991339
778390916
831662746
953387542
464558063
153252802
439102858
138110098
391700121
53039074
665690993
454556808
107040114
750841850
571542413
87148439
670890224
161250571
890344425
731286245
994163454
519403117
372195689
653329962
379876831
963843973
32434262
845466059
555876866
905908139
436579336
907524478
490715144
406376533
604743866
726189230
573106613
861100943
339782195
328822335
449263545
602288942
809774368
12619901
919672260
633822097
868554425
513375760
931932098
568728246
843310393
331468264
282618667
693019148
169161672
362381831
918638658
215776809
904835411
260499933
699929535
474618871
428003256
271941
826602221
545360545
836891998
662212004
924743697
327068670
226334066
192923442
114752821
367821607
705932218
328568134
841884235
391130341
986650894
179955107
584565437
249259145
213225391
434716391
579760656
299849089
202278924
417011490
607416861
146217055
47643079
790887780
341810117
629332795
69865580
520484121
251512920
415637157
585956111
726791632
875050216
861403990
33246453
607416092
544922243
483369566
202820760
197706254
275690583
203036816
125015283
59324128
733481619
390974292
580920838
78014550
27535040
870189716
994425059
490288790
546123636
858294356
890236189
572839085
95845271
805346039
299156699
721521451
544697568
821325366
182084655
828698954
917586961
605969873
69908240
42760741
572199884
95102007
8055424
142643213
152096364
229719778
193485502
777597362
235000501
840713492
199062506
631801849
899832624
251747340
926445425
11175577
760170951
68084753
368092436
348885899
882215967
570834106
20205225
953070625
895323647
792570730
749824544
181285143
721223676
832278944
444017276
490889421
705455946
46413278
846817241
632381211
205931462
588084701
856158019
424654745
815586426
928134490
564566847
595599642
605491133
874821985
233431461
258345433
7015040
358134909
213346011
934233264
164500880
704618175
312944847
316368662
871755004
614606346
580048111
39928616
958374745
717544032
787432743
90330135
486100753
948941670
767652862
984692060
710017592
833504772
294585533
686840052
400573088
692760477
480428166
838665109
390482194
735383465
488753422
434569922
111133302
641298734
499776877
658597078
803043447
145745081
500196375
537086217
659677907
171648739
35125972
78312991
658833451
357664471
71213779
40301054
387581373
796206467
230847966
910737442
528854553
473790994
672507435
920858183
855002189
485651106
450174551
723917834
301636308
812498898
687213517
388215653
698295665
601725513
663854575
616623720
23748871
606564627
146033598
739237084
423203271
298007192
238464302
386560899
108713479
783977613
425603452
685782325
204571673
407636351
726670291
560968554
427690003
11753727
420824615
564754734
841831740
540736374
441976290
51151993
463155510
769671808
479039259
490088729
786777081
291160882
395994279
262452143
957176494
31616288
229929647
857175242
934436512
344871245
893225474
39311736
434909954
30956811
853917124
28116476
211876149
486230251
269097545
73047759
698815947
175346539
693746955
654410022
107817099
836603312
22376494
436943102
686815772
17913609
307196349
349348041
767052931
840861859
487338286
311490545
742893998
75550140
765839529
11730027
636327700
939423460
623179904
72755809
84551323
85311005
539466992
218243098
687261090
90616372
673318570
284571085
545029278
562688859
453929096
370596263
986616186
550119180
413423059
993703049
741338499
891648706
827291787
257622219
667213022
427096061
388750889
245056258
122699792
818278724
243751072
25743419
355700293
856327829
668122699
627873184
195194919
390485701
420578849
916391148
714259720
105812054
312768891
209907281
801699159
607695579
344751141
723380245
320957976
857633196
852801146
193172929
374364873
926957243
129392269
67239032
399711538
726484503
412289916
437625951
466094705
191214488
693427788
554148683
267665451
931415679
124432491
927282946
607951978
297154949
129575368
778452359
648277920
201536332
221047482
866128660
295445047
174028900
832021596
124585738
359565511
606847683
577273227
358417836
915992741
154331075
322358855
544347862
97333021
585819412
540855148
105527199
58790002
98958279
78498835
483331164
898755506
584112570
61686653
711382151
159747516
88871942
956104770
527766397
827236219
80670580
277276575
206569801
546352375
245507344
180031421
519709838
559591644
179574501
423962848
449787062
429405508
62640053
526989851
921537314
524860629
921325841
765459447
487804068
357170022
246200910
391141119
933474036
5957604
746986575
321096855
300035392
215674659
741213567
655094661
994541762
369120634
960500880
903908010
843246638
533773624
652954347
57766446
382816309
35507924
917726374
145443651
856389181
314647312
150099023
302279017
316622836
231108947
740645620
959564586
637933351
427657486
375297855
170819447
815164837
246767219
261211835
36882020
115977796
120555550
769103964
82080604
527344221
465567195
160954050
624200028
274209041
982337747
178326757
670074032
624882613
93019404
34553475
678131546
676402755
714542384
589530301
313429255
247695965
222193547
194525872
730777842
264142325
57103823
561700389
285436764
642089826
818981683
209675616
582539089
70062402
201934471
454659593
522387357
242677449
511045375
340720429
731252400
418355154
467423697
781158021
194337568
965198752
997379573
933632415
437519071
777627789
754074577
698252768
772679117
321389000
327655017
386720213
584504019
388655187
840377934
89618491
39110564
79855791
213325965
255486125
200507485
610600183
604351896
757949025
166974090
723614092
786138580
435869317
937498235
514344486
940858605
568475956
836272769
124198715
197303309
154195479
467612543
538697050
418189343
269686275
291113153
899081101
947467845
264326005
434733220
509967788
549753014
91300699
65612261
787906618
415969202
884904712
307506703
652196252
762184678
54238369
407400054
530247676
147154092
567760342
269845725
50954440
979941641
341208614
715343277
144449250
864672814
607097360
399961902
514270391
697229726
348154326
520090906
186457745
847418461
995892453
733039956
967051914
636688330
343099295
723873435
676282086
120900334
659232320
97067687
627520604
773781715
453623719
791395527
314869341
246382006
229673098
145513652
62195050
16632531
459251381
17016953
607417579
574832952
564254751
280850118
79614246
899780034
3094151
583914175
117488500
940651906
269744735
751291105
606238235
648274640
168637034
201524320
486659011
751446440
415611307
819398964
223147832
94995890
794326057
940988997
648592412
74703110
78016212
815234729
998841116
501505753
279495479
867928217
917437794
570069509
266829199
415795025
256427842
519545201
550696303
112681568
820561954
160180644
773185348
607110475
14722664
102145382
946367736
587236142
73220824
745759076
355125323
519204138
286900145
714533948
563597779
797101647
859153890
993416004
836586612
26119782
736472729
385982992
735272125
973429909
941001583
443358643
992299625
75284247
467149955
826676754
51315082
77099959
687021106
172402028
113782977
738792577
540867248
823877368
548847074
585152848
68838968
214207606
340977673
143170132
29760264
850893232
828259408
986613503
716099959
989836689
655578485
398312755
645362428
840233245
252326844
714602217
885077042
446347368
969955942
157116868
70192102
353185090
927831715
111742065
714505333
412104677
56543378
380404388
466994125
69306815
393985757
824350909
228288415
870916307
289729526
811077870
19007765
818774391
151109004
350145468
813065761
467707564
425977350
534183497
227278158
176177511
891085815
526866457
828296374
455849994
293328322
106593698
335829604
620846938
399964052
438786590
834326562
896070547
31785807
135609705
93079673
315509424
83591271
64906889
369626198
530065636
434494902
583450169
811994564
372636969
5230504
674742014
990789212
66504299
423541393
44214106
148783786
577634318
2697162
70200036
364206283
699301787
730706956
403710823
900743586
966988640
278891917
950734959
704938567
336552431
485012074
687129381
489228992
275292180
436928004
243017370
615556793
47676015
377949598
71691150
366356478
493175511
508249069
176451960
855206048
151727068
759601224
409427079
20046775
579992176
491172516
523829089
461238502
658558575
517773215
377488637
95169359
948600826
863112022
128607734
841399874
76579279
323457999
303843854
329323460
394035580
951391770
380419436
28043040
610073266
790515307
970674208
957798376
946960032
67412140
158001152
281362740
931911454
553047227
503103589
403987671
358249144
527726279
837950630
329727184
775208241
269372288
876720128
5725660
471886459
244477589
809644440
787810084
830450700
93867172
684432838
510072699
358301150
587038314
688522667
98186787
371450260
610401910
604838854
207061225
999562277
423281225
895388611
161551798
96604431
728623095
30886928
163909282
262085397
203351569
462031034
419842983
958615340
696948379
280010061
62664177
425249655
39048607
712302665
997110148
555883008
230413566
486825086
575646268
50177249
998328196
309267683
440714170
410880128
522321622
16539672
728498618
74832268
793638120
817319965
954471886
953278047
199437701
823531919
91263661
479648294
241167285
145764658
685938181
171936048
636917328
927816507
937425883
265744633
63035766
445600601
756298996
107482867
696358762
475448655
124309948
14052485
642462749
555342873
959689632
469290787
63017120
615878161
108266279
698221604
979188278
53343403
706496415
471924149
493949610
869152765
281597892
799958804
315169487
447654808
382360177
455034265
384451467
685600110
308467841
734422725
519200450
509533326
647710986
614293707
136141469
887280593
306397836
133109627
568380856
359002620
881031948
491047955
63008726
506711923
516026890
353521622
261049817
889340421
423764906
86074034
759560026
316387580
316004936
78814667
886762592
804350753
925350071
527859304
116591544
425015356
792621249
533654327
522352776
895219996
43065663
2250383
292146242
189447046
642121223
492330386
681040062
862046781
134621446
9250277
396934780
777145643
95464861
902039751
221173035
264631301
190719151
571228940
278862673
864882512
241092487
350276101
332510297
701763319
288134119
674341214
229274003
705440718
469678982
890935590
263537602
441189613
490908054
176368089
419727023
12040314
783148451
570662951
24549156
452666354
791017012
939614544
675788656
627665454
788777586
207682846
920943465
59484561
776809736
492188354
683604419
327364563
32389158
524668370
827842594
206669971
187637578
932637220
166770721
550777698
779666688
467259248
283799511
35184332
480355913
979436103
31170534
924548597
54988526
52862875
845842059
998900269
423159416
886149411
262200164
872897601
419498432
775026748
469196703
287566614
772647026
794215015
965754722
203092114
652171816
966091942
304781186
291151887
377132179
520642092
405194679
654215221
650414704
404260087
615915496
854700475
472797962
406984892
399946827
431020866
323156191
964194215
627712243
174130737
803173548
305681112
750732870
815080462
98085837
123680845
24124055
590408905
951045635
124798069
743906054
588228174
459272122
775687221
178214120
981523526
76148875
96534447
843521507
747372448
891645934
689143574
273832261
603546501
244356330
410547126
46445203
82875714
490854291
38931831
393119272
587229343
422962551
898500194
106553851
313457342
919592461
265588082
112959275
297041517
663541806
960833599
680854203
135183628
663523168
896556431
4332912
463984307
2060039
486131777
95401384
699785546
518648166
950919691
331278570
865175043
737415688
991729864
102737934
257015012
757230804
540116737
927739523
885603582
49360117
174586564
432671006
380746433
929060510
689026475
387186147
129860422
548408123
44345818
746931832
851304675
323938613
126339036
201697739
381587550
436619728
620254719
163515501
553584960
483094391
360792246
916594876
984214363
101234833
452536570
106463813
614065532
27174182
502750903
445467730
121709816
111739029
164655673
236646197
345612430
191471929
96303893
177673549
5793381
347266873
74909755
374220232
102715258
417991483
346393912
641018559
86693032
36739117
37240609
194469748
728101252
301711385
122524456
946522990
941708849
869268156
486033312
25986124
633922870
292194307
638558467
453254291
749788810
133829026
813225710
694777253
910601114
875127963
119882277
363302568
452061578
937558101
930490867
681453573
326220472
863295423
449698708
475838736
781534900
636826807
914712681
401880084
791629857
122685961
802104683
868843147
689602339
294687205
64823334
252058268
684548079
725386620
87005115
786361768
594808536
824218231
605868193
860756501
413090881
407891713
69498940
557986314
706190932
32536609
257657403
840285055
354235967
303505465
890104620
367724155
171168599
261573374
610587223
609270208
845839235
556766759
756474708
513218316
647011809
476135641
69321945
941114265
346518052
152300717
964172297
552175717
443831338
499069031
728105037
648274460
609051106
780979165
164367547
237096362
852831962
678290519
722868406
53975958
16797450
982479308
773163806
647688849
313821451
350239479
507633387
470690472
769192840
345746160
327942335
434965378
789388986
814404364
952883988
678063256
634523090
729929154
617242053
223361633
841736662
241826475
926833083
948604911
453662321
971932890
224477407
328974099
130123436
549658241
715455827
746958563
143104562
650688840
516558722
877048113
682541140
709740808
949388870
158448252
294368090
849940930
973498008
375545497
240329203
677213229
59076512
753743271
609005985
713794631
669216668
365676870
666137435
444054850
945928732
289805023
804062871
990755136
398992907
4490026
756301258
409936865
628095555
336010724
603013512
520522971
848454949
189524606
408939083
291532961
598329683
734404268
428017733
620566098
142232051
912385453
864384625
98174016
385693061
524111155
360544819
763142072
367241910
978612131
198967248
371327879
902043344
842717652
547347998
107195216
501890486
331573036
18629225
502232672
64431834
615869506
703266575
609284132
228025465
407612801
57807329
793883854
227709808
878026131
568448460
790326153
719758508
843590483
814019156
513795751
486914525
400648709
293620897
478436260
34544058
772471286
905501667
605627695
24099013
961536849
970467795
70377897
339827285
301971915
157331516
368250951
324881191
125041637
912172736
693208024
783549196
847119281
933679755
354973695
120037825
131359470
450467299
52205948
20369368
162379611
875410663
810392063
18894672
855589015
545728113
396295795
475982264
232085504
945703786
749805899
760483370
803919686
903321392
464766022
584600059
973914932
48963952
970615024
244700397
419158429
326553481
327729479
359467025
512619821
590816371
330085196
269077821
918958425
411517590
558670727
475985818
976640328
779775091
315912238
265225747
868494170
802434843
454195698
607593960
677824976
360567629
115390235
820884110
316904289
106580130
905561305
697475213
482788391
879962514
865386100
40453220
318901302
67111218
628808794
348968196
161239963
321645392
792690999
94865496
2338162
154778016
969422226
535086816
297211263
35161492
945255078
891495754
754509226
506125453
726405641
933307582
27210449
665574060
464017647
266782700
429492094
410606809
46075922
411224089
739642898
218805472
875181351
502306199
343998816
170429374
813007725
585496171
811432028
280360762
417197978
703836627
657741076
200251217
65851814
955094055
76238386
452067489
903729634
386210889
175619222
574906001
949347974
334922215
641865584
584425616
850158355
270493597
887948792
854822447
30104714
770274302
79852990
393878711
578852485
223223179
140865261
723942933
980075400
952355951
770922858
48207249
136840376
660560660
645646484
858541360
778884886
833864794
352989872
920422211
254533463
145232318
217057509
342243726
578329826
575326552
688024407
899445314
372727923
598043699
792319067
619683004
955841445
861817071
29946259
495983714
845841130
870695698
693306926
608199119
338780687
281030790
443261888
854720002
582795972
460361904
408985340
201664393
877754409
427611803
448736899
31312760
935431162
694635003
347069276
882579067
975991939
910700796
989579051
374672456
731128549
838147380
171839405
380460688
220466759
128936274
879787450
475215044
758617232
767780242
230258611
89941986
621818641
405853586
618474015
9014586
406590108
848999551
898937515
761090929
717991649
593067499
428777508
104565913
610400567
740310044
865272535
778807802
162812622
189804624
826329156
847513785
365950577
440639975
913673284
173778397
662460132
694368372
538039231
615889892
739810669
450627382
633591811
651062437
392634904
291480750
458631469
142961240
533498973
793723634
697097872
144521407
179520669
797023084
749372245
684511982
598524357
94221733
591705205
349455758
970327090
674278587
102259958
872595535
145202747
932345854
851868466
29920494
642032086
893192849
862758553
959569366
426295986
214955555
955819424
191380552
340278751
332641772
17450575
932003120
563058974
830168993
625687252
308703917
951817446
710607972
8552702
954574421
578925445
183664779
581814498
350543688
56372708
757871501
892995931
653029841
631971285
139244344
612885282
30217071
838478795
513379546
595695734
593132437
959019431
224591147
414151834
537288801
498741022
241160327
472949843
140545557
727864797
812993202
495241863
881810
749691566
157546114
912262817
551787390
308441179
53754100
58079928
282664602
552637128
663037471
990560302
358547267
379485526
132719651
826219694
439171974
564358214
936208445
416607086
105558780
129752671
866329714
630517062
880100346
457457797
24277598
430658124
621651348
420562363
155872080
910353784
952368272
403921736
98941155
328939243
833328652
350141142
350782422
791352080
197789421
182936346
406469774
328830222
749412388
193919523
717110042
155085820
182748185
988149666
707455367
263839957
232598849
476080805
448040760
120414894
36483165
282179055
289605944
204309537
53666195
366243833
483268652
882339311
712570702
464665569
208057408
639351308
990928321
324305566
519900055
385133466
627905677
494799458
731218152
556656829
184104701
980564318
588024209
58956814
276632885
52568196
461498744
11196053
450556471
724496781
507625680
289836589
856737196
567068828
631402270
620192737
134791418
396651799
136622063
366050713
367900579
728913296
646526537
329967028
874473746
777122613
886898695
712016275
625958588
433829906
268467929
44412412
868451810
243058602
769121668
733033034
993616813
833626577
455682065
510743153
39431877
660614838
740485165
25150822
996875355
588100865
407676504
126550109
623326839
265648929
511738294
819495901
668574770
413393589
554754201
225647667
680033831
568851204
184064159
181521452
404118380
391021692
726259539
661794684
629569590
988347117
758168546
720914028
335885181
868356529
466253874
426187520
272215335
565422992
910142051
994912243
618730101
326816782
596922559
781869581
874010381
776009406
75105617
238338509
802298210
292741607
522683765
335520024
269403348
77782892
457566514
301002480
685499780
745770160
457766086
587475134
515171420
750853119
401591672
214147374
461097197
304288607
653383873
947837672
611151326
548349963
328000412
44177264
757886250
74090862
553186339
187799652
222626297
447916534
358287960
185567530
544665922
559469406
853565210
19882943
229914915
462255338
858973814
807998354
286814135
122893946
487112764
222356307
53930282
312682044
220298293
549609396
832740791
327821838
418461604
384339739
650680314
540813271
718307834
394264189
78486331
639041024
888715398
933071619
424886576
578590462
182325949
947388832
591363993
199963475
297892977
618169985
934002957
328824843
218339553
82101563
305320562
444877406
55379568
638431529
427452549
567995606
169153663
925509746
594706852
200974648
283299796
388953985
649420052
716040338
47659586
565809330
700135947
181133457
414634815
619851915
943151997
287130616
494928080
620676537
585620430
500801876
732123518
620705811
321884130
828096810
504153145
464981546
632881442
961788440
952170342
905949720
923585756
965690917
411410069
541853275
886472234
975983529
236651969
478989287
881054150
596738
179725221
374084294
108392740
586274670
733439192
934095234
318359337
78891231
210831810
585246616
823036242
72870333
892874847
887653648
249147422
447825940
939916963
927346432
21671970
664404433
873122599
287610871
888943149
174865086
682547290
243405238
832130562
456075894
72479021
749397963
607365014
918630841
200427201
735430656
762375564
372592495
890406034
174169701
33523027
469977550
486497860
571683188
105711508
535976630
624053518
110009066
880644442
80426726
16082630
959752158
940493291
414411894
895592419
396218067
203470781
250864670
918778968
153938132
743579155
640575800
263931636
338703721
486855390
713114910
120845005
588442176
366741025
811949993
480744248
232542069
116671212
536415253
596739438
2464842
974864064
434665287
250379008
880186764
691777280
321690923
694292618
160060327
775174208
116074418
846614081
628578117
437832763
258877288
664895850
465316983
247454302
761926626
77669690
622969302
995632625
954134696
360277895
387092781
359568580
575785412
131287388
875463902
827516058
609503177
864321302
321684547
217445287
871040464
63577466
141939337
101227275
62396790
136189052
328982399
491647401
145105208
126765155
942540987
696025307
956259451
824553767
876403482
983393821
674052131
937969258
625653110
530831316
812789631
466349372
531047485
179253468
664836112
968161814
693465491
693810852
607630064
883402060
339673452
704431735
138663174
57559758
375846849
363384139
617545089
267551804
779449311
618476418
398806770
875182700
598451176
786148918
372398151
975749508
300055674
227622485
454328035
134092294
431242305
17180898
543346798
173802272
99419247
893494287
329866911
358070355
936421889
892098109
913484993
401231177
720881857
383377724
523339401
970253187
898474980
367081190
279411923
875041814
117528568
457982255
289547426
311616586
878787474
248051324
325174986
214333698
361306020
28081379
596503242
200493980
529952716
735249365
510830823
128374585
904897559
469340537
365079203
52588077
167567474
35333634
522204360
529273152
559756595
416129522
362615511
711624723
930183064
435702820
716051972
373402753
149350527
635559764
855042016
519535313
183581574
283726511
665032979
777981002
988805417
830252321
323436570
578008959
848147074
102251359
353189955
644801338
287712658
979494999
221981424
603876146
625628590
300194862
46483015
275259863
519063323
978918301
379539633
791955569
744303676
24452315
525687859
463923519
830596917
720994583
662989853
226438201
598833151
477798988
907290916
167897666
749006018
161172184
381949590
779992070
862545721
948649806
194386400
425439621
678964603
319250565
505797072
552084234
245041840
923347319
152517381
524763654
878654709
866420955
135437647
9630354
70188749
770305404
838690061
447611743
751754682
164763690
922145779
128353049
680690364
288729210
508693632
580685722
644879626
784281286
857073500
140480210
357430298
642460764
271086286
373527295
507206654
56609613
584494850
371774173
588471582
514438759
103414012
938587223
375333194
503770382
548415004
425645121
356834726
479840509
850342824
525397841
990204826
398778218
430231941
253505301
506209112
185933660
81702715
823526557
230242489
337749399
852304161
494255678
620524494
41209179
368098845
25071614
392134711
239487073
194483861
996595677
482426975
661299525
442609956
44037059
622924553
746657732
275605043
346865836
900844783
666765354
553651215
157712207
555934713
22002070
278231828
274456182
750999326
681140657
321308840
945195749
419651620
471393340
851766554
804188774
712359043
80202102
414065118
762632674
640545872
624471692
300004576
183615516
120470726
875442909
239268778
517579740
829414012
303774260
368238090
475094174
43528497
603265555
917881805
273705231
209733979
513837608
203848192
674081176
129875216
120834812
382126561
243872276
875311348
392237081
168947691
665792691
106822932
761574703
32970988
773575586
252011766
442082091
925277503
336866538
39208015
750670369
583890945
292826081
921534087
413066089
541323733
956575648
478005080
822721150
940918115
564283050
879278133
454103822
603970253
483762492
396601379
537962599
981315658
215243668
362142525
15082546
40708800
299521255
262555301
983814561
280955362
42950330
144824528
25367862
509677313
119831907
470482985
825696484
532951983
790756927
69365721
238332571
854847335
581251301
511365496
87558439
362022953
91897251
913542626
724211527
935379523
487061666
325576826
320733572
238425753
311669289
231723869
552575230
933805062
533819855
26645096
783764527
178813761
494617066
343293286
186530455
836543823
470700498
270474030
876921721
42550520
465792253
220789135
695308304
423815899
302980070
176372050
406081907
82755120
970044587
434120822
978891285
630193365
495359299
345593300
922379848
192217747
929665858
597453165
730032466
201891553
658166723
711216089
955471699
646757625
774757014
176195824
775528058
353141367
685930712
481571379
118173562
737579509
3458853
297323575
452979775
257877811
827989514
853975016
463614432
155243877
684831137
359880868
2734325
87632111
288546068
236279715
258298812
835186112
651709602
442186984
739357219
80821644
296304037
757684525
431908572
409268531
590619778
919059604
884889555
34142532
577416581
541901581
926163810
912278616
301889640
679476828
809006046
132544346
725413758
417870987
676802971
725527525
224239953
432017579
564763439
94116247
390838895
636011460
66369132
273372482
473023885
811110163
91733674
273032605
448336775
932166433
415548093
274430644
2895176
938497804
993421442
582610354
553458714
244794926
178786201
913722750
411696061
93540007
226269674
388005294
937589693
290201692
813436385
939624374
362163589
914595578
875583608
754506497
399189304
139664819
493524276
723087258
793987386
125619362
357425484
937709617
212066764
284989183
166244089
437512869
920391732
687305274
337977168
225228355
118977719
661135502
963155837
746167385
317421974
879801250
599324021
167654197
31741359
170799024
276326189
963660672
503913509
604865535
387974867
442939139
673373062
478704546
113185929
518963984
809333923
397198994
743751414
716400864
515209998
56059710
794848498
880473504
850158278
874106311
121620545
448414880
848600710
290501557
78655554
40682644
468677048
427975318
670180729
515873477
977311734
786073993
915817848
474156039
404222095
43630451
695666578
261812907
142909636
457198291
451096012
916158162
587972439
503513170
659181590
625963724
984591428
735204194
481080919
757013045
407851984
934171844
322059037
994328196
910153652
399261257
485374155
655141874
589096987
649455781
670546167
370237876
397399812
466088409
779609726
688207822
19102107
98143829
679449574
37726598
420271865
585502340
203261507
789027829
214674007
992359149
334338702
893150406
601236001
535552285
477393715
110175323
699954321
682364207
861154372
516110730
101233294
986908570
740505470
403618329
977224685
999000451
196747520
31484149
519580725
481272593
45491092
157501628
705690545
469759606
220243142
387231367
351206546
222339728
906669962
243896143
765656229
164848711
412396474
627639272
72042452
743914020
236110686
436858955
301547742
330059462
902097328
132389512
405862066
794295918
426503527
551113469
726963012
349936243
161046147
843096239
523968808
758785856
495339888
720741604
191794172
835726818
386937854
815560530
803343892
424452363
124934601
23248140
885446344
80787125
73684852
772967761
799585293
769648582
575393884
230738541
926848556
370719794
983985553
199618717
595206948
594870746
833247277
16623150
98036107
502214664
341657393
641681793
669848873
227622010
686743123
219016038
998900730
40896951
192315167
876684674
871894518
837908715
306913943
201131245
298303204
667397171
40766303
218451313
562032824
285030510
626921876
902122357
548860749
399457004
755087930
119397745
203877271
275945394
570639750
748466220
343592227
394849063
196717837
733350117
128205177
669612175
485442836
701355970
712802073
34329504
803922085
284656805
57011719
208368465
286637181
706537232
408743132
228525123
983628286
828137790
329458038
766338688
810208529
269368021
496516403
13653383
986402142
201766072
682861518
803756832
562386587
623114150
544293179
177912885
241223450
164310836
283960451
576578067
530071673
168595314
889707813
182031901
132848055
82981747
68011398
476456641
75305388
739377393
812083584
429757525
806665141
531741626
123368877
881780365
846046333
420056052
33569740
509820371
848731861
974203139
818510319
498487811
653431163
987363838
184371532
568692582
799496879
429423527
916520181
154178427
663484251
940519640
502417959
539018242
405936563
295713662
117130151
703839943
626315285
676723035
511571585
737656199
841650439
581442514
895187345
727291715
504927043
750743623
865172178
725272512
675410903
583956705
818335471
315614325
810996535
58627562
580346346
759865933
826698203
339439355
199795101
169438880
842496006
986716325
948276500
843935557
314656689
302590658
158909937
817920641
237184939
591369000
481017741
372658367
249657546
146880
939389020
158071652
705551350
652556677
343819062
381133013
262710598
455958272
188701281
279982128
930981894
557789315
178688767
249158044
757071700
163641834
687075278
708858232
968840183
770776923
447971740
948384559
465980096
728524582
955482526
616111451
616744899
887823492
190700109
208943457
187945599
951973257
35007607
911825993
332059221
250905616
852227394
17818948
576441205
383366554
665708382
494611420
646635553
240916446
849941007
48243888
2859675
356356061
870704182
651310440
86032873
780255070
593819377
879071444
57896907
999306993
581910697
180225446
281413504
405061090
370678342
232097144
39681630
261037303
30251291
368979385
498746264
580631660
86320019
114498801
933387917
310118396
745601251
30320989
317954410
75618853
341918781
229027811
31658088
394617123
483080084
114265834
364117450
487897920
686117320
681563330
416247455
84726068
891654447
209132450
637496724
262354054
129058814
970869651
544957646
779629847
183174369
921817775
874187263
600325761
525946410
498915569
325133588
77659715
966585496
337359271
929131117
346501698
527005455
785402561
401551899
541056157
370580016
983732571
92269717
630149171
788521343
542234913
478544098
564958564
280335317
471019050
905778232
508814342
280092755
948878880
681751029
607661972
398635224
393006291
985021048
601363191
418953375
595145582
731340670
312296192
502738290
357573160
720973459
598076816
359169
873270656
823513709
198987858
519715841
383165314
596175232
514884205
310895887
17424835
849593659
964585626
446264178
225048839
76837493
569916101
936336840
93677470
633947770
554868145
437813472
67151180
919434976
704370769
86365294
272974556
80858229
363633376
275864824
656530590
783276944
635813736
110862875
574257963
798205892
687763265
486893649
82072736
860149696
92467227
341946554
815685738
864804041
121314820
573180928
959144055
120455502
768593833
615375983
772568520
236923848
208993977
722341554
892376758
235476571
629269454
961257922
894315522
110105007
871587297
148836739
64006474
991097987
692648221
703991703
508185604
538862477
282438239
138927188
497376541
724345846
106304763
605547556
933930611
398609810
875346745
843399783
959171052
323139674
792719356
991369001
645601578
545642656
79030008
549860191
15555546
646001422
650537800
926768937
62309335
916860322
47598680
652384813
158191408
955227965
741047414
158491747
404641463
472977523
849920809
297971377
534170010
786602892
728680764
270168729
945380665
890167262
446331701
427781198
340945380
557750028
932631994
595243393
797823151
114406963
337073037
370417001
459131956
981901329
83492848
951028871
954290101
977755815
620611710
117412448
365637796
861381494
791497734
305180638
776720460
160467218
197074874
57850138
311962242
95677361
602057806
662739159
864096840
488761967
480003215
150325213
386253184
336037935
977504155
499002831
11232499
969623455
697589303
895910869
423223375
519832312
227837677
705780257
530091234
98334700
607429660
781052002
749156891
805553803
946493228
7018460
686689999
358063979
549839738
923543584
628987538
447531051
301615532
347941507
513767509
889470988
91224353
271950310
576847899
648475896
425409053
749483928
755889214
360098069
236944360
389648723
259186628
75025013
985050362
752674427
886041294
260343336
892294503
670544179
571869317
414643429
7363692
27236705
88067623
160733286
410412631
339835927
680405020
913393356
633380186
771003391
190806154
362561689
689466688
510016893
727097791
863973550
762523929
441393826
473873935
126791191
767943426
969814200
888781588
598717701
947904332
233391565
174552031
381692071
914179553
449581831
394686205
1851644
486727630
280120637
92142364
996959667
299690749
92175444
104083744
474618019
609645921
770996404
792372368
824093507
154346453
777528624
271910151
309398791
317591853
287202893
647074470
101214582
365170270
872010411
848491213
613617096
908507158
401952958
337609830
456762242
78434660
760419494
10780528
30536287
322058140
118280516
2708681
573016683
670445789
880279195
657054214
362469915
772020744
759172450
372223636
248056668
363330013
285977246
394273106
654637427
779995023
608867247
236838751
309054979
468751593
887767930
780976943
615756492
954528697
672635671
347233754
345839657
722313691
939914306
846464545
679336991
237490558
791130848
75460678
724538779
230755796
740684002
973040238
530799238
93382507
375911759
928141393
819164770
720773215
762347622
720448027
287442544
336052958
617164687
596065378
757098286
547619563
819146447
94934024
186101050
619737064
279883980
271844115
250346293
194408372
650195806
426157092
394885594
275689227
851217666
35858666
557222137
666877745
718289556
900521405
461906214
26111749
656860558
253779981
178347802
562822403
434134011
53846054
453780574
715610723
794325656
814420261
900062296
593160771
246981041
271730396
836275718
187974366
508016231
384515410
95899092
187836321
77584724
666635195
871652608
357153263
751845648
444981278
402323474
350051403
844381836
329574404
702846649
272135973
990117674
640978977
412316895
359802968
488556194
418512939
499487674
491870350
625990316
918346193
514615577
980920575
374538973
660911241
602732578
37147744
134098374
958051575
918794671
495667264
344295087
487729686
394427651
985194667
787850319
22228211
278918241
336064367
807717317
211482498
338599241
722833948
859611412
6844641
247327512
941303173
31996364
699521023
992227136
95630465
343762284
717147377
852885902
212187345
727844638
985818151
745286877
310471442
155272326
776865829
811698891
19989705
558055666
508231231
119487064
417503178
745267220
429513736
600026609
641381529
198307165
386585854
74626200
817090920
428425955
13996855
467225878
996691350
866046024
723882798
487294564
985634785
874245466
672389360
598971292
70130345
272373016
272501227
183350536
23076176
915487580
304402347
849587955
73523810
385980237
539268777
573405145
439474576
760119970
72738915
934381803
924410468
456786383
431099689
457114463
857194763
584825961
120412345
618102777
23407574
857225536
501671024
750596783
796521938
212970255
611928291
498321620
155990090
35319900
413071366
800667831
878315823
834961644
34299769
556010602
853492772
22636426
591711839
145371783
927442324
421150487
786459326
570136350
297149824
604953183
103016655
99403913
114526779
385191536
613940467
213913476
42371893
776902932
150799647
217279743
521814976
250707328
215729170
545039560
476888692
285009152
679188468
650762674
144045245
845064863
374642862
594484459
293527065
981032587
525750528
335249555
175431200
899154776
712036628
653437119
479336568
3969941
65972846
31430325
55637457
349629289
114541786
60303916
404456470
165421394
386695373
257217095
416649113
563859579
742994082
116573863
763137579
759738842
868020421
623729333
61612409
415171972
793160251
57314335
864189020
450182828
365059120
642727522
821946667
884456805
788268808
118760173
302559286
104483941
418064247
657015355
28242831
458454312
681850829
702427242
920906386
109926466
850836507
394400920
997566850
618172508
652466603
206352009
720525557
888060389
647720730
627753408
529626134
35543213
846908932
630619238
769521141
187798861
602661071
100149909
27734720
954792015
313418146
804796537
668163358
179902242
184269925
916271579
183847874
62730438
881371874
759582918
784608443
430008243
509272268
688171294
607984821
817582236
502463094
913164132
11600159
800975891
807416901
875328675
352677246
940104373
521293947
765292953
494280999
296315273
612736114
220118884
283349403
154149164
528179484
260475272
350300298
153946800
152725390
894053643
349066300
134760808
301086580
192620267
142611655
685417718
737690103
826409278
513801807
4112044
366422215
261087682
236307243
199180963
514487786
897280071
76644108
578919658
621062770
352459289
155257797
273850502
837606462
402518711
304423730
209994154
176502242
332419934
252235972
12534945
144328005
417854639
609345292
31065748
579981384
861946486
656166989
571210993
353349570
176925385
256698004
891743819
347688287
857225144
719851404
552433442
830277914
796816826
920275114
631849574
596919914
579126403
112368397
127049723
517003121
97027750
701425285
441490006
328755562
314814722
697769159
160130228
167271701
337808251
618165066
262518680
654164179
940158454
384210463
285874093
743317110
685875368
517608994
840147912
735866031
828126937
683073791
207453110
898169001
996595059
118940517
42661348
246580876
218398917
527057773
360157300
732516887
229285937
427128631
211127278
641233356
269170866
896552875
102610012
471825275
49389137
129957235
356552463
682117292
511212951
145422681
159818013
644214784
449750368
535461464
117418874
220653532
828551376
895833857
412589435
508347765
980264284
864691623
703092150
450404195
870760904
548320730
447149189
291502329
112593720
63641941
999427361
883928332
476958197
128265491
17445483
476901333
93010901
340894522
563503458
443626440
448016111
473629726
751308627
402889393
867453063
172961284
348026591
796967964
327184637
382709327
691210650
146540525
18306971
934237668
22133831
806096245
477072886
203546656
38268041
219853981
506818548
33575281
136357016
630445926
412837098
753919989
2055541
489390277
929014365
641622830
279139132
921079078
900384651
9293573
231342453
716320878
91137188
501728060
525181860
2883786
867276695
113917245
95987767
12689420
507744336
364628852
267921143
228906088
17860833
189670839
982750990
796771006
404416443
210676284
175858280
230875604
143488860
996685887
546955980
396609532
473559606
322178178
639285164
933781455
526507742
19523199
615212612
245476120
879627054
483888694
369169503
508253759
471179387
92563099
395646659
528360095
689370381
847684756
216891055
574200099
449151924
850962134
135617721
71839690
278003386
275163687
238928145
613088793
577200254
924595716
640757185
384725723
749621161
674791149
608502466
356629821
74986396
134924460
408736968
766182183
298360263
895480600
438021315
770362105
699760529
596264552
644692833
714113712
65546879
195682713
205009037
716604126
688310223
482288703
66188528
576074006
821020534
306439155
934704090
421034100
434126933
516959188
601742714
788777099
304534997
794856316
501131738
336498823
900135759
471818155
159686718
614576586
935214735
316058850
451986342
93282884
601636475
171438176
308102917
139399952
431527527
32444737
162189859
530695956
686047446
614688475
219347097
466820786
663850613
227906768
880779131
638082103
678370578
549627128
77168283
30452915
228367533
412160356
230048207
695437102
550889809
698175412
600088340
930938735
689471273
171511132
682726586
923423083
457526268
101064460
716897911
484631953
973664574
642798218
384794124
428303105
969765963
78762424
354758542
409637259
60374993
724475237
51768311
212743603
951526197
878845117
106097585
823117208
72467097
343174004
345169344
13958735
209934595
714255796
317317505
409923602
825920486
277660566
299880385
196782232
244600637
987711661
7715063
59475864
554056518
154394016
669347707
875688317
303062337
342454536
126113644
305164287
636360895
754305833
403204874
763250519
232023144
894510724
496446561
785561637
637252778
560183
816621349
397102885
593926234
648970445
759747260
597351307
727580254
406724493
75081327
909330807
596270000
189646899
581532275
53177839
957891759
274518872
539894330
303934389
780091694
804555019
919983534
353085784
821401648
130813367
416231049
183761866
986591009
765171173
122644200
246783303
423825248
606350987
329218593
842532149
463459569
56794149
167497196
431163869
371824706
316877633
28325197
806145287
498734538
509748356
639989143
120613232
36981422
110227804
598409727
371157706
583223512
100094766
624153770
179167242
897583531
323270583
680834449
861698077
973759482
65573496
655479050
6873495
46136506
348568871
326871431
837362142
303137108
973157199
921490996
122728802
665579841
162605896
252728261
811071706
819085659
610689399
344288111
610654977
822656358
963266100
283000104
921941343
647015864
679007619
648458484
312830325
250683018
767418445
562316589
249164501
740446185
749747752
461538443
655333883
450676021
876336869
282902794
60566871
109624549
406135706
941167054
447011057
758464040
215405038
899871596
845122631
258006838
612783163
43837867
732577927
217265678
56936252
882016037
398955651
540587069
487056421
175843198
894664239
451001991
451298963
558652455
197058509
821137681
178704730
380320597
243400007
254774035
961575586
900853674
561846769
70278413
712023043
418904341
439641324
94736531
755868018
115398570
816315060
934177482
139703907
944197187
911848042
1949783
394016905
767148219
216665045
592318405
684886771
217990609
884648477
570410575
175335475
688100878
875140023
477364523
469595796
26979317
86220660
175581835
760180457
918876892
540249502
467751470
609692417
773014333
602519655
331333423
748002633
472889698
492908396
451161934
659010435
472300583
434266668
919586840
786421203
634185209
480405085
203257069
41188570
55967713
989694535
712492384
725438297
618907918
774639799
140211273
705568653
148103622
43741702
433669557
776080639
428134550
131865067
907085242
898618808
941392362
328892479
687390155
972368171
777333530
717802262
776110101
770417407
845931864
22392696
526611399
426440789
327115295
42643877
122927070
335176489
986063024
563954311
63646291
473246760
347064235
219520970
574572927
718655655
846547390
241299649
779991193
514736685
154335824
723291393
828505575
4647168
587108947
857720347
87624111
521480601
723979522
14958095
149996650
902855442
912297047
657323362
44864322
703916493
168389233
411087489
688945474
251749313
765237839
770652654
889107888
149310811
692196335
319236051
165269848
540505448
439037660
82252963
410268444
158898603
274014200
629194438
626668188
525687372
817755915
427173978
789995645
77359296
68213857
916931915
576811700
809094975
181636358
477387190
409389
428999616
678934321
433085716
993308663
292585582
788196739
512111212
630941964
55821722
667153152
424260212
424438271
91603218
673912681
503293281
484707291
958192680
144687742
908818482
983165296
124170843
658079467
310912730
714975007
657385466
30833196
983121918
58128148
374232574
520079422
827714252
954317890
324645154
928662865
395764744
922855075
767595792
683840346
208070686
983708310
654748577
637234814
777814880
558451406
703162404
680317495
344825301
798796707
77094295
620817095
120912146
768068643
488433410
742209725
264214499
51390021
415627308
995682260
838144093
960329524
834948310
490588924
140060276
459952575
760346858
478472142
481730079
329908028
702844466
193737687
780557713
34066085
586326903
919759133
662373281
761710664
75976351
991388926
605557431
19867252
165213204
398013068
674510704
127692111
535139574
43749613
50630898
153179664
428424574
847004361
878899940
590142028
277989570
356424297
987819745
267044029
322723935
711256426
67612843
539454601
933380552
273570690
679751730
49023514
780996
817469354
938795005
708650453
747844466
999729478
748587755
153753068
735144901
214713350
975308057
79209305
808650171
431200237
339306498
547610126
974046387
462527964
674676983
451864845
95761930
356125943
129092510
580780849
775572086
1728819
827271724
792331565
591940421
486244162
560554485
742481807
396997168
445496105
445665320
403254921
23987492
374913752
982120677
686747537
704198974
188978029
308644364
765047406
675273917
996991203
168005852
625338113
223057215
167085528
208682460
765291792
835578124
207768905
712177303
743211384
651562218
638680683
46379122
564216505
18095768
749491205
514214485
226884877
655166951
551369380
298042671
371583867
725269085
960487057
778584969
735099074
24585738
426773931
169328053
625421070
271112898
349374894
595636937
182248706
195178280
605645077
134929452
237615238
436584668
462253929
357877001
997593888
984871037
744587402
40161417
47001528
336222594
442363812
123192217
154643858
599283427
673431387
566100605
875858649
550193668
442376601
727488685
916151231
729037470
879746653
489725776
379602186
982207044
977984218
393352574
439639628
870451892
663626687
909921440
278883638
694133668
4424243
947397214
283132306
991554368
103491946
814984270
505251304
793517722
932693936
48723540
707623846
922496374
879802999
251121772
502731686
211511932
57514168
692774537
998733926
942501246
952454714
17863959
204975464
510966355
86347249
72185537
819130605
658381905
227168428
897429301
177877133
473265092
181614345
895878574
205964161
510567993
801796808
272375496
390392778
873029490
944784543
210584038
253129395
845112837
847279365
550066676
804659720
246322016
431024747
675402251
638665365
209156844
845884384
283246526
94588427
377650702
779747134
647891078
254399190
134336484
770864734
423652550
191764607
982753387
297767661
707640092
483797063
761262961
85978662
781169003
480438052
916573070
21206346
85767370
170315816
927302538
43217190
860190818
924666311
971155550
723799162
861236919
356585058
362731048
921839770
772338766
32777182
915876875
386097722
352832252
896557533
194780004
210182999
135978915
517781456
729591151
526817420
819537084
874193667
209154992
843246176
568137041
478646548
557983739
207024875
395734394
978564636
803456137
462160072
42421223
215446125
804302345
582354592
437921064
545459896
315667227
67742387
121880704
204932235
425443146
769664228
734303969
776469653
8525591
332099564
14223682
292158788
279858466
715402105
30581139
80213101
943946444
812554672
488472485
60444656
860069793
839881767
996255156
410404106
586916610
392930775
233013493
582726455
70204083
409211921
64782434
879214346
861069204
298562234
477372445
150891380
508166985
988616220
316127646
351870564
791974619
242117981
491013819
896940490
890662051
499101837
643373095
5569319
510108371
293585468
815821673
635666206
400149116
48057394
430713540
892418634
293311237
656575338
870959375
922400348
293790985
548798613
530270120
12225791
723686120
205174025
496442112
760526388
775740729
775524305
226946259
919356886
3189920
572809825
957736177
604274665
146696657
479656478
700786223
140782986
682760275
554596087
487934096
795289289
855179097
998241487
807317889
900135114
758117618
427832883
512461630
349412822
181121921
520447211
188110070
877215538
811726479
975632599
817496447
957328378
990380049
566724405
861230211
964524917
413633629
927004874
872736542
103234638
578857135
798597263
663291102
569702588
977428504
475047730
753821864
207853050
800333910
699017845
299470943
291591364
337348674
500502168
217129929
747036938
613696504
631957029
318218623
502403229
561062126
190778515
504382547
596005432
106985144
338486198
375527047
446728852
581744494
629641599
68714888
354149357
314185864
464554621
185309021
315718041
435199948
652869360
299346739
352388400
831498786
601015511
102501964
255562404
578149659
184240531
228373545
89349480
452043206
972536578
920656292
88988843
746860020
46439774
258418842
562183755
171130958
995842241
357482603
458496240
492631477
57719737
798975202
412809518
524650667
713779415
155043211
566443795
668728886
695146730
646434312
508485626
455454768
356582803
581775590
182960388
165160155
614065321
380259418
268161631
609585425
345214051
338680892
737298684
904850043
615211034
263502243
712011138
911719669
611923280
414039756
784850603
869519589
342907305
995807369
897284188
516090821
268537095
368340809
247886567
582350029
761686541
273928625
108965124
545369128
82384559
541894549
353110607
350752845
437147901
927360908
599628253
848315478
82608208
196523016
337098676
191751489
612159293
697798113
69544995
935614239
269543538
911853243
274551652
976866941
264880408
212397305
155012264
213523374
820978367
828992886
849484004
811680993
282774786
161324054
540962910
809694013
546053120
109069603
531364990
310317015
448190070
303725883
581578744
137795675
312980630
821605856
532315596
314001080
874372919
745016549
998106249
139154598
981289937
718841610
685236453
144243431
308411842
223537472
70186710
471092221
960245904
93911170
85270130
130773630
385917876
148516918
231789419
63350710
265721348
797022133
580405862
139068320
54054743
805157842
646329980
556495759
542130369
545737879
941570030
458548309
458601536
676610910
709467538
485542686
574158049
237266190
564053500
894713732
814536785
164073353
78501087
670010067
934329263
244673988
659098961
916257181
807912858
200036504
391135399
891094306
71988417
758831226
314368399
506948005
491231312
195541591
209113391
164477833
776957401
995451759
215631557
660014839
879752936
562507138
472876199
329342634
730003097
453473073
444177373
186416341
551412378
495638728
386399999
758033116
830259285
985262239
859620242
369795296
955222146
503451660
668801515
829856382
76271085
846984663
30600188
266886469
38837450
256504389
389303166
965301593
302395148
542886120
674258121
214014627
977932039
165836658
132365130
800851341
766861834
474573191
69685537
520516800
661820003
154698414
603844202
483087424
272900000
150742427
240526686
858504508
570553645
533860724
22271527
51038228
905602200
599628104
783419162
31813901
310014369
926403681
338122662
250941559
668581781
851585143
211742093
279796459
370550204
802223179
930702859
794903474
685127500
616401301
107452953
423615096
157802107
272674735
161698077
471409417
400464506
835820714
309769047
71482867
47590429
977808637
757169437
762606344
159856302
8114935
420369502
848631175
851570082
53352797
286474529
763912226
36085942
293630779
429537737
673484069
108436611
493578067
966795095
526113535
302392222
717484796
686948461
435153932
472782984
553702105
161310557
743855498
979676005
753361023
976258795
202170405
963284075
195179846
94757478
260340857
597187559
768171034
448650494
405144931
896340526
620090316
408141599
370978617
941761213
173388756
954556611
586640850
809291882
694613380
156234744
872428233
174298444
403939964
199106965
661258552
559565095
243677155
911145587
26836660
583007956
319642986
599583044
500400946
590092419
418700757
320254957
575849649
191328650
673708284
460982160
134844790
333317193
996195644
590774443
851099908
687944199
551110307
528004363
897416672
774775157
786748731
617820957
106293200
581216791
913582358
471820835
737929418
608284771
487841535
23647783
967053755
110995832
310230803
388365510
668830171
838861514
919595307
107584075
308845041
685564648
531807435
802655549
774968506
786921567
227184935
258265286
860686507
657584100
479072361
228658768
407661060
135514262
478260038
606230586
427709939
830904755
313304599
701184978
160593360
478725158
535045789
533485409
247890455
965712834
884833858
523450980
208494966
871246336
795988868
530413102
708901170
663352995
156978093
628655649
87563949
869245023
379098976
461746206
525254916
113658462
682338550
8756057
872362237
780261030
961771381
100765344
583620763
47380057
372804121
628298770
699885811
171325882
788318529
325012821
231502230
565838412
396441986
187661922
254465142
709141013
677593066
826655616
161542347
511889488
547773923
133854541
260181644
766737331
964552643
131406871
913922858
110174635
618779512
81625135
43592183
607222972
261057673
756355225
228478355
607836256
876245468
120613577
474293595
131655772
53362652
901758545
938318223
946657836
154566504
368293362
411386882
5959506
541503323
480014089
912194459
886339084
756018759
56853981
255908995
384598499
723829542
589109639
169115330
687226902
417137341
302360775
434394148
455387509
866180831
508271100
59276405
846824519
733902876
474823660
347251585
318403058
965035548
576987502
516478498
737941017
220912194
88207736
289723462
901429635
785522780
58009624
905237663
404771646
127190455
779552282
163562141
859655921
555056943
658702920
771901853
537887690
850178271
892511362
587250290
551608368
258785372
922703271
872376671
363141736
348665211
606009702
512622459
761154809
84393713
316922692
606897546
361962353
366877671
117848248
55804732
870171607
176525159
833546267
280317334
922019549
155669433
293707306
186783320
204911365
35216855
882881558
92980869
666084505
189559568
850586833
806573633
678876968
673035277
228480575
584015324
264006511
330871233
373008064
100204227
710259792
860544142
12930164
842829495
318011625
688094523
941729144
120913791
94206808
388581374
686598270
138245589
916882122
855687227
845144747
238331680
245201556
760138547
859339687
828475308
573494530
128225973
375884537
737847363
757848129
191741896
945979038
76459014
970328833
800645235
655591979
53845248
286212423
730933811
918531926
528361728
469424795
615733794
696109824
937060082
544196753
294705391
176793158
504228277
556335439
578656853
701874563
932432470
704992068
736232523
560350842
673246536
961392151
234630222
435213530
485080941
649046646
521874483
186179376
311475031
242094300
357911207
85136617
278035614
631313726
647270280
916034090
604140167
902313807
29052185
678935638
711455224
449311155
82948798
372284251
758375631
826066551
892630224
131713407
295210733
678574641
152916701
434770899
380432798
883995235
867018329
561970439
508815086
873493363
886897137
371282302
51641456
722554088
921233336
939777757
531104568
545950642
923509494
753228522
809798409
595399064
608242261
285468390
516451800
502508495
595737283
925540498
592430123
90701786
856125267
21862311
412113255
778169387
481122730
155947047
454555731
618197688
974813315
961766197
156318148
262736303
922574203
849600739
691103159
315638015
999046863
493914435
112979958
976226562
935433208
502724720
902721285
483024977
906554587
963749776
670156317
481448961
611479083
814702867
729267667
532859063
813045591
573083900
863505875
398980318
211240907
30494517
267070190
291984508
884088579
785226236
969555676
631534021
263932556
502934505
538032184
207455004
301971206
729479427
721328008
771295158
951282183
508011147
595779581
300922479
853025280
801824074
672428100
68960993
517201426
602401756
449674133
715444697
74229470
768969072
67244849
225708740
31217206
917746159
762509165
815815834
265410348
364676867
583945887
639631729
216549126
958540558
276246854
205823187
673299453
533902369
824748970
596824620
111686399
347650009
90645923
529451490
990937977
480526834
860979367
854954524
266582303
992386271
376438882
632468730
689088904
424568075
301416332
859682090
658774977
831680813
782937876
792711775
465589564
235542835
832541813
540266411
785713496
530751963
467030071
367029417
496808739
857555945
978085067
523963203
286267405
867580071
290455214
237111361
988227049
366122158
311863504
214188816
84687481
609850910
63857617
327611925
636932508
504210091
229307932
928310517
518226170
760265516
784114342
531845626
201548774
799349522
895511432
507677633
864857095
841078901
638427149
338095855
132187488
902510383
580559439
437331224
205539074
727773709
91822395
342333087
18452824
149738754
24011080
896958265
998253675
465181452
860072065
948182668
604880959
288912830
554890016
836676976
890681805
736643445
898288141
835063624
709496895
973932816
563011056
925000775
631910862
512112027
645755832
378256142
217224340
862647359
802805213
242088636
521455338
267216937
923101515
343388079
141875999
391171401
786644341
815237620
147363680
841510909
943453559
52363435
354660712
475370889
112445794
143373085
521191540
519627506
658726300
904068387
911038805
503888375
363249303
126640902
146261997
632210072
753554785
539463687
595389315
465932294
60263424
393403232
864018038
758431206
156783155
217120611
369796078
70273760
628827015
104453003
210639004
968589560
856354043
209954919
313739542
183735757
824791517
638218971
490500784
412882307
233834242
942894298
842447770
682259079
508676758
548698064
367545937
454391059
529280170
11077976
325087644
167285991
4443295
123904212
907557673
82090985
153587742
512497724
90066437
679238967
481686826
477580572
553066699
108935030
759936591
850483707
848461291
26832158
304336618
18684291
930972299
723485742
205977655
686528357
756899661
188401150
357605609
546231619
903661662
497759183
983926613
637882754
58301767
564627930
562866582
469962252
915946493
497449133
467471952
861111610
796702027
573805320
499601084
489910636
484069538
90707302
619406905
258819900
630034494
295726147
637638822
181918800
627853215
178503067
543947304
364127039
956384845
654930734
372897245
510316360
329968112
579227907
294481775
55982085
527868296
607852303
584875485
328254122
440457986
284633628
827110420
251018692
213045360
427209995
418542875
447542479
149157344
278918358
386382852
561467916
641579724
735107359
291241697
322557890
539311204
268309140
914289533
880887184
683156139
612969412
350160828
160573718
180890441
276927130
953409508
305929247
660178003
511958369
889351585
89447962
268393590
514243836
25494937
277262885
793177622
567306728
937161344
237862119
685363973
685152544
582463483
118199284
550916802
209390876
945556655
428091347
487565428
761970690
286304105
867373031
421234898
922176819
951245217
546075599
975000012
458576952
651644523
553216303
738903607
232570344
958484941
88753851
326063954
626198226
149636330
491341197
183517126
238414715
234774217
358759869
199743299
580168420
46221066
320317522
744741944
861823155
604373606
620213369
487585115
611140549
552820829
872829268
829031714
506138143
254238901
956539278
102968674
122381935
252830625
268673108
998769637
633941122
301721927
129645063
305837899
475081751
357117899
670458016
633371706
429166301
628689483
656031572
817678659
321203448
10506695
121441710
988885368
357179048
184966540
314566183
470362476
15998841
769304632
667654474
776054560
748188222
371829142
119921561
343242678
664095189
845062464
11154762
837430363
453189291
551435642
102833069
189283963
197541194
965918962
569056010
226881689
976348190
364565369
827697482
558120465
737689417
301087101
278019358
119372106
358520519
565970364
696724563
662195570
893680760
708738014
393318724
374401235
829966048
898958790
716690598
965068757
127629371
724489481
302711562
180598105
232496561
79890754
786386500
391146505
602144490
848427477
254423931
739523906
754058074
638105256
208245861
693658674
99227698
593528014
457799425
337917831
59706898
974027450
21096697
519416803
441632210
659082673
700197336
130277596
348570515
937256597
828481863
81830994
745447027
908904895
987353461
6662318
57749731
503697366
305442703
194597347
474643639
34986528
583169651
450504044
73623763
847977638
300316273
782697429
161683799
620006144
186953664
318879278
745376265
851248112
137265084
654925038
943148230
578852469
216090204
545190108
75652549
26550389
531757342
504400280
945544990
550969965
122482383
301570434
669435633
77202952
55901199
258847913
141197616
82999036
358581757
45346707
20946097
506177954
416186008
894899695
58380576
499233819
629090463
437911952
998669394
434615689
811773187
296171189
655269775
769709451
569202111
79311513
596910024
752265020
391627301
223822473
734334929
493218800
673357583
718188755
684271180
939917496
576809460
443842862
714081493
354108818
746601691
801007904
860527888
209229328
467007863
309030053
497448308
209191041
610010155
899335602
406285760
583411980
289749256
151358415
768578669
543482952
883138880
725010352
289219983
64312944
406174846
796270060
540979195
311415478
283129096
785773990
545062615
570163373
590954681
719110480
432690964
744445960
261977221
12351045
721606312
898006942
700253573
745922458
31911959
320595567
860970268
534799092
400790702
319051276
711330600
115653580
940620342
168915611
652213495
960736862
706713929
657451540
232725237
829058464
315985560
393151564
621421371
561342196
175026763
550726859
478164614
160356219
985996951
861637654
986959084
706110056
869823723
600814467
294325408
911900318
62463308
596159918
804987417
395278481
884848745
688649169
248088913
230740681
542808783
43333034
407577645
668304002
65848352
926988405
593504720
405284057
933958436
386859506
719256316
544182549
883351762
185188642
35913039
826170993
715723920
103076550
618581812
574280184
878080033
560334945
189796865
348396682
445467746
439380244
984890984
327697510
197902575
243968659
255005181
346773803
573222724
196087447
556786724
638679726
12620181
548376759
712760353
795117737
67393127
414862057
624607042
176493006
170918224
117501401
332494184
684204100
272967254
949562265
63702459
367016777
643624938
887746873
37677083
200044518
245627162
453308545
58146431
994646910
673130206
455990215
394980881
883984509
300066478
942163855
891420155
596843997
857445621
790232904
376514398
673647292
726994950
205799695
401040793
74560864
189703394
191408706
816951444
487771300
704760300
160467487
220000380
203047108
41195805
70142870
522676925
277823857
165624749
763957647
430792005
852232996
17073193
20449345
349961435
733712064
65528953
460006330
276914160
709586217
392796832
531785689
329596052
740174820
894127274
810426902
411600515
293997421
708112919
792284461
673760514
30537294
525582122
957764052
398878214
341181139
462910648
418102177
502861110
728229720
30580712
84942055
314230239
135074686
784969624
737242806
465873878
200027159
355955442
398586334
461777034
290809921
775246788
938514265
610143655
151854069
611918751
883877693
950350676
602758819
98922196
745422301
960233935
66634469
351065603
884887
149994643
707220833
778112419
653421053
629373205
205784698
964467033
332655679
177115282
638132302
688058367
580457885
483277552
906124110
708567950
746448998
338843190
786151668
847028980
991618631
767731774
540273015
37741174
184496575
624825504
297547884
368883347
631160613
99824909
100522217
688337799
659922842
602974357
549763217
937133205
134091384
443497681
651058805
845819227
645066852
715721212
697615062
398636615
223135742
31788295
104732769
141449997
565342876
440663760
643399109
790324664
489857433
606967454
181576826
720403710
37332496
481018250
183486269
434243316
852901210
661452258
587924903
873078996
610862943
641505269
142398200
841938945
608461635
78772846
631609882
328854958
210779157
432514450
827758677
707683779
816200906
857839523
9427226
379924306
54726911
670492304
987457938
829776528
246380884
86279800
897710803
169888717
367048858
65652528
571414422
693045979
830276108
873115836
875213855
3283775
767476905
779180760
72167766
661055701
320685027
330065802
487809398
753733935
525401217
700157087
482530121
740615263
298477565
482246905
315694094
445107384
636368308
842853281
825377621
363476006
16159163
306646413
626174077
285061529
198089439
106788446
717452959
517122599
539307338
575761621
737167327
669240078
19264811
548117993
867379824
126418401
474969931
834890488
671102971
751619815
619506049
338105544
852245776
904350041
748907256
914285695
746081794
730661253
386331131
146329714
779216281
368153600
646755768
541381528
325679467
580863298
923334933
433332496
466778157
244915320
591390873
131876611
905531469
865791363
691771300
62467242
774506674
99421569
682767782
884477135
398075679
145857775
960938575
342564843
677995250
133336763
851994140
465139918
39080318
365857075
534444251
824553245
88378615
724525745
728486510
170865361
690774086
180917983
402782071
199030028
995767644
137706456
339466390
694073431
943210722
865316058
282823756
345527857
159266817
773435422
447581859
310535631
516137611
603779977
513652440
186784990
201687659
279699987
167088125
101107812
851329154
880865551
202080270
927714222
678713894
616411558
746116107
722032525
75230183
297363949
10324140
753688239
502702198
895944628
542345907
137443779
454516061
833435806
752578460
722074277
51426293
334011347
484872681
684506650
944100078
350875619
166196114
236953704
142929626
148231199
53291222
516662464
136553044
539797338
562860123
706898073
779886739
832122546
41020113
559301435
159301632
752157980
199636636
486846087
322374248
72446694
297233082
534181947
990041466
200658364
176122847
278676110
837664337
863461895
970886982
991030049
794303448
9652755
313675867
510143008
897496245
513847584
554823860
930480487
743912497
39188936
40500569
841605851
173114200
164689714
171403208
887478956
170434924
143324795
353489837
934305460
14649801
670379158
179258624
351100186
793207848
681247359
148688861
271881199
24966389
382331828
577579008
445911606
262093643
93352089
321496105
889320149
116196056
395332126
764891634
89247695
648601543
436973075
147461255
934093741
209211937
333788299
574412015
525509220
24943984
838430608
434818480
31910906
357498439
130034619
293902209
757936040
930379703
942202750
385034769
622595795
683313287
244987351
411243565
607697701
239407210
486635907
485578914
288343135
250732665
480935952
934113881
227687091
613003900
969723948
40169625
598352592
894566325
61546167
12528501
877484226
329351869
740787749
5619338
803911185
76399967
20409606
931525930
339296725
865261600
945208434
513672095
42726951
690558871
334607183
671252987
209329223
575181554
420643218
317183662
976418597
806168384
15246179
473491591
477347330
739202146
733464819
326993455
156067486
570087533
863471546
385248348
592243679
191183465
705372194
851849139
748539085
874089372
803521534
447523065
56667345
767104932
684739355
156379187
276552831
819178673
341833679
231400501
700726074
743447774
208438002
614221893
903548186
537718910
6242073
70570698
802902865
847412621
808889839
854211853
14894177
462295379
147948875
690558818
813472124
416325708
159207310
710513405
767180187
838877022
556190729
642742401
4635881
863122592
517340584
545934552
570229595
774341254
782436372
300970307
558936733
619508100
238322807
977235557
913186715
522001217
630264256
978759896
611705848
596537826
414515771
467120223
202759690
707609495
396753925
939294784
131348474
279341071
74994096
457683084
560252288
693666888
877311142
754711496
530443165
785073160
94611193
304407116
366527925
513450486
235403754
904071208
775937649
379432665
416912654
92909419
881133437
556395383
623170652
13441657
339771743
158907592
731879060
262231344
894838434
415936002
521925002
924193769
458015657
407936293
468059744
239923000
188505048
700006462
352420768
36272849
665982855
406347501
706741875
265983363
106304643
334964349
171664518
289324593
660180303
703948960
234025929
698883132
231373174
429807636
206083466
65607941
40009704
234861501
765637551
398571611
319422272
602838022
483595766
262994629
807222766
862740019
35868777
720336738
927849598
223257735
238017912
235107103
828507693
247495269
732192590
856962377
968431706
122391449
986304419
961217865
892096533
352015591
10815232
476582367
670885446
207293376
151399803
880265541
407675810
984076639
996473583
412504972
729109927
24093799
616047321
440752093
685052820
466045300
871679482
449909717
526313656
84188549
501544953
892355108
689064511
692145126
783306697
96692232
130361855
271272313
873371884
64372203
328876199
479603924
710842910
420450824
563389310
79897609
611671299
348730511
669011049
384231552
325318742
969767615
318567578
781008621
39415391
822934337
888676536
625335964
598523220
926596868
590657434
864953990
420584154
373678304
503183883
454725342
66645719
478594333
603489332
477304096
450974100
184249636
321204449
332587782
704762544
542893231
884118692
104264144
553525024
744266710
714964282
640046525
701868213
933825557
810918783
765043535
326308523
277277589
686067851
878706189
410106723
961950588
310694152
237354166
375968258
749108719
774553831
750073128
64978655
913915810
988161695
125605367
668688130
850158940
963039562
621638731
668837388
37587868
281284332
121748243
769224382
847970418
453264
795453835
336774577
194601987
557096254
279826519
913510904
523138951
400688089
925364621
414364532
313297540
380103471
3567264
440882347
518751379
616555819
906177896
496949775
657017102
853886316
481197194
914739354
403886195
160379342
681214802
51979387
564926748
282879804
608756981
28534235
307293032
882644686
551652832
456302343
895688224
80496570
148902918
139433728
889556866
619533957
736502641
389400607
997359214
254515413
11415522
585901115
24914994
979088452
455000600
341497493
42962797
932381408
735552166
266719341
659313058
535719947
998969694
500882889
995159424
329946168
916816304
15313080
998366759
732054534
904879440
292159774
449131430
75633892
205259313
43087677
800974909
223255874
853272880
469785288
169104879
18796766
50983439
865760052
605909798
310984808
80893261
358347968
780443297
90710539
825018583
518344851
957738479
797904287
504351838
265229297
999619599
950953076
39517819
86148423
648756446
454729889
147379083
435814445
401314668
920887822
249046305
657324196
848124383
402668970
475173324
739068765
432213543
446468345
533298391
664737443
984268795
20965404
937163410
503121742
30279401
869973257
177158392
349576248
243277057
930074165
183631355
801207083
374641446
982306458
219830796
581401935
61688438
285213335
353991649
825662946
691857789
603385538
621403703
29489762
2796304
365962792
150433983
384469625
105847691
50555870
882968781
554209867
481342505
594880055
672334610
892187249
544955976
755981385
671097563
22407183
473712571
768632863
922617109
599172777
934338679
867204826
414796965
919293686
270994418
605422805
460677001
990393895
170335088
757786379
540509395
832969142
460654906
964702065
49966252
698345372
285314060
301221447
811150216
28523030
576608842
362249211
166290644
642927291
33520370
204803767
737230575
34500307
583273563
63694207
331756642
576325890
921373766
295770343
783643914
945751415
171528686
839300884
816444946
7506864
141715515
849859750
119106912
55339442
604932444
771326589
967383144
856859010
117079611
733812901
3531455
135324606
259436721
545402395
78620455
502210055
136396660
721926170
606787625
522114063
551658096
75097421
696051459
807990662
994282022
529147887
200663393
841171230
434208491
965333081
311501800
963968737
335341399
89361484
957644266
688254613
557009595
612839839
781661909
956058676
741394662
526968032
209577067
598189394
7076757
882096352
21747757
191385718
178843364
458701806
376070037
200650228
382748350
683552006
732333527
685335470
286782514
763019898
77988023
803675579
956868590
348578260
895045354
989635795
293013932
562078181
20417335
261055436
64726024
953598537
322069073
252742159
655800076
337857756
967569951
352532366
150482047
40053168
215882076
493223681
210968485
946434713
639931196
455804925
11963618
99557017
860234096
380741932
789100575
565681837
70766427
618709397
939882134
772095855
311526931
331313640
508643478
466482888
988819948
948847144
606916595
187964297
810911139
440862892
753210907
293867637
753458877
823534723
99620571
901737365
251070590
439840375
744779018
144875747
643136231
876812954
534380055
572203533
73886435
124872338
273802768
39619046
86170283
371774481
447879044
898999120
185873960
95982692
974573666
455098687
684095678
370887642
394283083
385645213
679237306
942925192
563994958
111111554
13215009
825799958
726197925
54183636
244819448
964113847
338145765
830275076
433407349
190148210
288462423
706175493
72215168
643726531
492553883
479021091
506725441
640460842
113699464
880960098
331181529
956505227
954516465
372271954
863173115
675531186
743307221
59298844
394265078
75169676
328006658
389009180
301189981
229837025
42820327
724199881
422069658
637743184
239931210
947185696
64267720
89724237
883098243
834904947
986721625
398140757
932464724
980041915
217716486
549129937
258258888
958695041
358147904
979185247
897618989
389695236
728403805
5744078
196691668
876817787
910758998
797551711
517118212
814365819
951475124
626629197
438693386
655664492
670942262
705915834
722613563
863964043
829443048
87632238
206882514
431190366
603231439
744094421
635542925
451166371
288619180
497196633
178046097
215990680
734234513
36421827
767285857
734275366
955230143
843193602
24823915
964861080
256690090
564656434
415982439
314906584
724752492
483273785
97128864
452182607
768000245
484274084
395814655
918009215
18168208
708846501
655663087
401945386
521286675
837276356
553084016
464105263
721298317
599584347
78671476
795624946
544781234
184223027
269579410
648601756
645546591
97170360
978349501
493392357
11448842
129004008
186803935
524814414
719291914
343612044
973079820
692762970
319145655
200375060
89393411
231837261
926415430
827291497
835157180
192322864
139047489
308967950
682233454
637862824
183279681
129892967
558108466
209635015
164865751
774034657
763519013
880895248
276617584
607827
881136039
802003707
857713758
738434510
939395690
499923602
522701780
122136931
453427105
910156552
96948366
665571314
238675971
748578420
609545173
966558468
443634646
133125960
368476804
206959209
95812967
720913764
859785465
272012324
368336235
318414826
815268472
99778074
462046402
2843493
821924090
9839741
408187452
382840590
768805277
509524193
52866211
12197351
137899835
120204255
44180188
467860692
699332856
829985007
91809016
477217867
545765094
614902751
319980450
834193647
934874544
207552667
518368238
786833736
937063129
894890290
619426702
721099390
592707643
649726792
495275517
754964075
240391943
165950283
488543097
962987952
108172421
708874326
124055432
97106029
45069443
493541070
401093262
197232711
176943877
745877140
817242823
236112073
578246614
838370607
96111371
217794254
809832012
407044698
54037317
199740703
668882507
256222202
586106700
253062393
213889108
977719841
409020689
79052023
502724234
36146372
939380712
954387527
363674866
876916471
104000051
982146138
252009769
729630218
179476210
940633226
605810891
419439867
298251167
202842742
253710483
469555133
649369650
603267000
125683537
195168455
409659128
699075165
602124725
751608329
204883804
114182566
529974984
16628227
390520740
778209160
972801772
233420954
820786984
523953385
584937468
192429504
331892633
945934125
118457174
528413169
980484741
888191669
820598134
246845784
140271885
664502821
980174507
592003141
276582784
744097130
272623649
77307486
936142977
891584828
891568447
201413640
401942765
489246506
696661580
620497487
523231633
498149992
680291631
616683398
503569083
46316061
801570702
904259050
504375307
721020727
513249171
83824690
989796159
163357283
707402181
502117484
870929176
737860827
395407788
970547934
17486794
67879650
286285041
873120301
809199284
932199980
343946594
293231318
661407687
324947216
341562192
337431710
771774089
35956840
867199874
28760400
170415036
636581735
396795187
574518442
122107461
773050709
517518714
879262017
514520958
316794175
460274666
571688974
556411740
540539271
156204665
672525596
354616073
789377269
779820593
194905797
901855354
38569379
291071868
825178480
655637759
802628038
52232094
511210370
732521605
67819901
260398368
850797553
669596393
144670535
635963192
380872045
508544434
146631776
535232962
43223026
409301845
764572629
431687237
466665360
298133111
364905458
66460695
858446876
953990773
413840761
944766055
510226812
599051814
465766937
746183324
253593919
720536361
461985092
590101795
755187564
916143910
907110910
241215888
405516273
390824440
456063525
126499307
810291258
227922228
756298694
299692965
354592422
660627019
2049294
175485718
343670827
230124295
685837098
838206703
403186085
829268961
553453783
697577499
75160041
433229029
472885627
752275086
880598938
406199033
857093283
992543183
762162618
167688175
67975630
716458362
243473990
661491720
613844161
164859586
958327136
261511935
724179127
232055210
43499968
364830602
449599655
81265718
200830050
26638910
985080107
28362512
988614875
786288618
249419535
278913342
40134591
379232745
708271216
812837961
465862416
771780821
776812303
739648753
369994058
675430586
869731783
355017880
174914181
227885521
431463999
342593992
784972221
558343302
866098658
592548101
557288525
237271128
687138872
761741788
180552846
114963337
358064786
905762847
707674888
69158254
365223961
208140833
53319992
760905051
813866648
73101540
346308184
882095041
926332758
398531073
975101015
330900583
60274624
692658779
628844227
881485976
140259676
918911205
784907248
384155097
539985693
668976539
111121252
392743103
76963508
641164032
693819222
936537392
736985565
124130526
775622524
647900599
870630001
985924487
498146348
408679258
722117732
967338337
389420254
988924262
420761241
582996507
175113399
832149823
131954881
539224785
682595563
319552745
48221700
640298438
807367167
839019372
177553152
959871040
899912607
320778647
366311299
576427530
346172169
1451396
948784957
446288985
49744495
40456984
834379133
783274567
995260929
305126819
522340147
232241762
483284679
202311070
178438189
780521851
251561441
95713607
444056643
103605410
385717527
324127694
630627691
931327673
390824572
859171813
105591188
964390193
654358024
110283692
331989959
564558143
298534747
59879459
417568947
55931300
299706340
513458458
901229758
250092256
54089078
678311745
951549170
984863991
608128912
760158739
833807140
776483579
51150871
476521268
428986788
452715549
551215323
280668346
40473641
420852407
420586994
649934485
62282119
942403249
345398428
339927768
248698592
572261780
632785690
910183755
368947334
529685971
499738694
279649343
689992052
62643015
425548419
754921008
269133686
137568905
709471519
233439636
260831255
209918613
873604770
895652136
487758740
545594381
148780083
836933873
823605793
151875966
996620120
89798483
472213433
190347506
38922236
377568056
730454380
697395796
56855233
286097079
94560814
736150250
507922952
565119017
689927003
299431960
956462461
236092027
721594169
995660038
941070155
190936172
361689544
902412278
948723302
859510564
569285800
854722644
523604068
695422775
821559367
833489306
337133666
477163512
727186192
279348689
60894256
34406660
649619168
76659157
380434600
536249458
862077889
29355318
201664099
591374779
196658648
218923912
946180579
351602313
777324270
309688556
605703729
973487433
568354484
522798477
341741615
933495233
655138978
955342691
812185338
616094775
405155601
707626200
317712596
939069359
201038735
364709641
343666139
408555274
269148497
294522504
414056673
304718820
969807743
366181518
332806840
554436154
94535801
900765272
457636295
490041424
151122928
71363567
833036052
866474909
131864304
604664351
972791348
480562
786170507
344089126
847921078
115230457
428251294
116967938
124955006
689611558
471562697
781000712
843393955
729980966
125862648
431797794
461577417
666468934
585613626
237861673
371061673
189930849
36518445
722327584
9476318
252568127
496365084
575280082
265848234
230175913
544025342
159062776
480155015
962398455
238583490
519401752
991266128
172714250
126591686
952236810
60707097
209126059
20401541
467892601
266441387
52707850
834483145
739733018
281249537
461510342
976689100
145327524
590010809
706176746
886397749
568245002
618052150
373808553
244872414
481175642
53343175
20643087
429672981
734800941
586537472
663994449
97913327
788916690
113862279
108354013
463540234
682970931
831057816
240098387
859066734
651930602
500692748
420583331
180947008
117353652
506411399
792752515
204489961
325360829
896886305
967571282
24708744
884851526
12152404
496632824
850980072
336361729
253784390
225316614
604810426
819430461
660016771
186506950
303590341
623025510
493385854
948495472
298113275
102561905
680506912
517149440
36790832
766335839
80829540
447128519
392651529
266327061
366300818
934171888
319559669
33768993
566444044
846420914
244905567
124475697
278764266
690188629
92659387
721282558
998543566
754762517
634140238
571673945
413829764
628814975
30981048
977455768
886880425
644889792
647794661
294469531
687762011
464964221
858554650
634292938
855306319
68675519
285733023
614012780
605129482
907882692
927435336
892943021
757579092
167125228
260523770
416916451
472831943
397049201
476156941
86849573
790214695
320033004
355007538
956668927
683974747
560004085
483449964
751835695
294872806
85410435
485481670
568542549
502796337
332972830
578281102
81934385
208313066
346983095
179729111
294666227
882026472
178614171
881194453
548170297
594442719
45407637
39814347
402513648
732194423
70482302
450906167
78213032
801170774
124390630
725202127
282439289
862835885
172061975
80452625
325461838
451523303
714469220
512502298
739425553
298513195
881680957
352109441
158256852
655541425
454640268
20827040
133030953
858508242
896030142
471987241
914935966
153852668
615369380
786425963
889302858
483015677
144585216
781509709
628573207
440339627
675071170
678671849
897992197
44948625
802740178
289932712
921126068
999367583
242306086
795697860
771071192
923132789
633469110
478373372
775603679
804275110
266246806
780786327
36716064
186524079
155203750
840802160
219052244
247298116
187449238
218820638
219409643
596491370
727783673
357292302
93499499
216050816
23806984
402414221
415392485
98753213
886036151
62534798
873287942
558776344
614324516
179200580
290307636
864143146
282228937
402292924
156729811
205546149
899072759
568745187
758105829
363535813
899624332
290563119
647798762
206750653
84429210
960683445
121253142
270789196
134632262
128285102
136538995
487157226
876084809
180105386
654208420
265129833
620515759
472789090
143151774
58217680
346119883
625629107
246612151
282126030
886314274
949198969
408543145
774950921
26619311
869112279
908994401
613906578
959149865
442501302
759080485
483102813
77620549
911209792
428695389
495263654
834887684
971421139
277454834
875064094
545594691
175001829
510558569
883739673
725915403
24249207
807115352
796980353
805773482
77192675
143647390
562456556
224687897
413939222
823941265
685359425
416937839
872953846
80003994
489799199
264228866
226956366
135802017
384387464
661935236
481008347
742519198
680445727
319576922
626456100
514059981
59245989
877825220
385836398
114062805
770362869
751926806
612979893
177615225
49204257
255702437
911383207
183333766
908272285
839307000
816102889
12072771
431622767
934789359
303575825
942627957
761994793
48901675
889210462
543054302
31138482
324630139
570959130
928139236
531370983
512715988
968384228
53720690
769907652
822619855
736569960
433725453
655310824
477161407
186833613
969463928
292968265
464100352
561832744
840914130
544746928
1429050
814027935
288314083
281621694
795911868
755385219
45331761
794963622
276942992
459551407
687939686
531476112
736627771
729326775
583350631
309285687
198174239
491089488
561331200
555216125
23929160
190138993
588674940
709244110
577254880
950769130
821518057
877460606
47152480
764908384
28915545
919793430
206974352
283358575
39610551
99827887
462675813
195138521
555066190
200451856
217076188
865914848
966624985
547821675
938864106
922591169
2659766
216516974
999409093
72079395
806425700
937128631
730107761
38120261
96016778
435451415
795000018
865667279
883227832
436597693
448670426
438106628
413676187
512915436
825981516
573760316
952245061
545473174
611671488
130967508
824413311
791224892
771025695
746258610
690965215
884111348
131405888
295428042
355709898
464120007
288920946
494913712
486258737
546427037
932620128
777597918
274554434
984773733
798165348
195178953
17410692
588891512
8602912
475527551
280005028
924132767
802261292
365492289
927949826
824701861
275669976
219210886
433020048
864598552
762768669
471358531
984427485
680759744
55489800
332709531
432506966
832016771
89864977
600956555
355274842
458691457
714450776
469533958
201200693
364055395
585184409
103058960
448036123
232201910
240434973
594682247
889044488
894264729
214241137
479091777
798508255
810629663
516948942
218819919
214992382
434036877
694700848
656611499
39151958
965143959
435631687
372856840
985238524
136121513
956685951
489965075
74489895
498442433
546497280
251124676
192512634
678481771
656113821
856649439
154189365
701660720
51406465
860328051
105819341
669981265
42004163
882692408
363577875
333038355
187793461
987128297
976132562
75674740
449863437
985687198
547678901
391188854
28618810
369433803
971326043
953656152
316991699
637172140
329047475
736180907
824025806
233012376
300307346
700347136
357547167
548093380
269786558
657826220
545982366
483671238
511934154
413320190
364868992
542194142
581855329
175572509
16899819
527655852
339138914
551391516
592689108
940300858
144165403
44385513
942601404
83327084
36402257
642054152
471530760
430160627
353581676
431170827
121636554
334878336
7743020
161508980
554704052
650889915
199076003
380751309
511924777
484570807
715740802
579269726
869331945
188895422
976153736
774260229
658371635
901116856
94528348
488319854
518665593
436033044
239212496
402795406
586607867
679237858
377841998
274837219
626763166
195628024
418188818
579906066
200197776
412188261
552838967
714208817
426238280
782788558
379765545
532204766
703032363
937239656
959797924
790454548
94066185
157682345
441075637
168985060
972251208
157098497
932713843
574375754
483904414
910138533
773409428
759024139
99171378
298717033
261708143
131748036
744528490
385405171
892684612
449429018
776130920
512830333
917116319
313195086
398702306
976716932
992961499
522311490
454126201
673540125
428346507
662826519
759030169
695173482
711824912
293433153
509418245
710489787
38124404
809374150
597262883
40136735
586289235
689566709
195838154
929056161
384443323
760579852
591936418
568853647
394012468
866197434
105237962
89790381
982887587
536268000
785491209
125845240
240044983
615197096
767529357
827339337
342349682
500045123
18254634
273478783
924675742
308398121
553906390
812416985
869469470
797545313
504648474
29507366
63256064
220496067
597381637
98715196
75711058
659796382
923453453
85707180
817489076
778157745
261891720
125932169
886544809
287601420
720068431
227614043
496988095
714033568
142933688
735612374
939356993
124945860
527515048
676211733
668602537
996254418
854962628
818669428
153680405
801589880
594997892
608652275
614019046
874705495
815531635
25583576
155039731
647165385
528861921
286187466
664468778
789362992
145978861
295138962
111617384
606307344
683258827
713007878
710839985
512135034
685380890
281920825
438475065
374011883
809019626
60012339
19901494
989066275
650527744
143316277
732769431
841185462
805201558
826132096
218005074
166589037
486606621
717338737
56174545
586073092
428755688
604097924
525227121
953615817
732414118
77862206
579673206
287505403
467491303
647188831
411884213
54263207
208181178
153545670
143284498
610027744
736551637
641567542
253080086
569682964
600865606
317765930
43973808
792041560
284727367
34814296
166420466
244441356
440269795
529432281
268208337
557654434
125398801
801061041
668401561
108790658
510337909
789801325
509612918
646797959
843482948
710361660
106484535
682575454
266311398
483003523
714992321
525441804
935955937
160555019
89771159
224706817
828715927
374036508
275566379
682436488
862403394
228512666
934501913
758369244
122647751
966424
809255629
880330882
376337762
192209676
472689200
677635245
865115568
483838752
814175461
234736700
181607219
486978178
554564441
63988087
784209142
79907060
878138551
55069877
992652011
440510619
848458005
623471803
694290941
49750309
515486626
243379414
498025408
857872339
801299606
812270215
896705370
97303708
547787874
550056357
372630106
266217332
887217298
940532068
881725401
744582266
791190701
690140775
344719905
457370452
742043010
476048815
7874704
260191177
241722449
667344577
906970109
657455331
109574705
566151454
458093481
668635395
473296165
732686620
128842441
410331502
496755651
977252064
815033782
981305164
910723732
626245878
688533903
102797912
281121802
457808039
931179355
388661242
54283816
409833236
668036273
800744092
472485265
901982814
116244718
790564207
764724024
992566002
219811228
984504630
663284986
73821984
419136733
192487246
853159221
958604375
47963482
443141885
966666977
74438666
343382877
831209754
676663741
632458681
763595091
810897128
425010245
956426532
717291300
767168538
347724578
484265929
678363024
66981900
267552072
99443157
116942162
395250568
489030334
624155916
559364983
577542107
480142951
612274405
235704316
739215080
225053004
691253052
617925939
499075455
607462134
417523876
482189184
401559672
277804234
592330918
895424677
892443876
703111966
373320798
304396079
384013287
971910251
80712378
403837160
242776695
405834533
679188101
717883795
80470596
104615727
878739947
876645905
427507416
515466960
446395485
270655301
606027426
839211791
181464797
269134319
106613936
606969847
662291119
101368188
887796925
342688548
854037494
542287136
80246070
542624054
29901430
626854481
311502756
761588007
541004098
694985602
425278030
478110244
782060200
497377230
681121115
915047998
279397562
276597079
476978833
383660932
592046569
487246965
178227207
780917024
115124833
268232739
354245603
20690467
157492761
132996591
446349552
597435621
251438269
868584492
612702794
419121831
884223524
764267393
469517811
397624898
667674391
488007724
695918717
412011763
781734169
247746026
313043138
770266352
690674801
828766950
831888123
813611185
281880748
189404755
816318626
165360913
286338128
845200755
815002672
271601197
895078483
373022731
956656242
634735486
333679748
803000
448782124
216018373
631500577
512320520
932167170
260171749
889357088
233905754
98063839
586056872
451000204
918898874
248930887
705002567
814920566
325478570
873030232
575244776
826752085
818484478
682825038
259390240
691110184
712505939
54726386
631959842
948644354
379034879
458548720
236307150
197755722
752127139
743476566
921337071
759812968
851638143
27857038
362469418
514281093
635042673
745809676
497165451
954216600
281866511
795328745
412729414
640983941
814714722
183247926
930411757
939294962
783862610
399544929
479400931
862568344
316180680
650517059
751390793
637558926
559653343
419480332
314701542
451067101
774488066
349175418
404018370
784687600
643685901
441876352
662361809
104821889
832020238
796048957
967732656
670417542
152001014
777836541
256048727
893393739
850455676
77899587
738859065
404097287
143666434
230943153
782742098
909408215
808218695
789322125
699399661
773103255
492787620
115474082
541596437
794827750
613846535
221050222
825931036
238503098
158584068
807182506
662437398
289090375
489823284
107491960
771940754
818405711
836031977
211246202
452062021
190971704
502823314
964033417
979004347
318024539
193166572
571035746
847729725
973164105
565799540
888873671
815134285
868264384
505576917
10083433
787235693
584954744
910205331
607519646
76455614
713824271
94118241
963845617
762309701
627690634
691029954
170591814
590295927
60477068
526223726
685456588
268500898
351859926
245221355
532793259
806110983
156212994
316314850
667213079
905575488
896650464
343407709
703643216
529137447
381780848
649784873
767401536
528305237
572860617
547358525
787800514
854024392
61293289
106796294
637728659
656421915
539998311
70703734
904013416
618124069
699176776
786876283
85701618
869538643
179050300
110119078
845557381
501770340
949995440
159386139
457302706
3070212
528176117
72173249
103185347
460376687
948423945
765124092
572748924
486812016
236226937
739779821
206265467
266895718
613647593
819759837
988195489
260117338
629737316
183642940
640008344
64837291
213743433
689816082
32149616
96060548
565460093
8134072
875206008
674571848
352339107
205719130
979533926
593873820
594650433
621003515
168987908
84141062
910592569
135459973
122844332
136043344
50062404
813697605
626265840
224123163
817700741
667074626
573418532
50004359
728989802
428899103
939208293
172436596
427294103
634484845
204696358
335265353
238034832
442492794
582188266
385602328
670309112
866078699
318551626
40034509
382710336
60037163
367706366
18314164
530343820
372846976
398695268
853082864
737738544
568469790
666413820
523962605
911067315
783285278
353375759
737529292
448321314
876042292
741986352
394578050
108491820
797961277
541620171
158426693
441602644
737421030
132293450
414335499
325210578
61389478
331014208
317597632
739188664
654997764
997014716
66006077
450491126
218212900
420073739
995806198
497467436
34203160
763643581
431869391
472675526
60921599
124860002
39672495
712939097
404108337
101804675
737396376
871253995
83253066
649310435
177786083
806338919
863810117
52208137
533894021
831932116
434658340
49066014
414273969
969525947
851755458
165005825
481046303
532150385
114791285
892552655
667683146
439345203
724699788
33675550
200549150
598240053
144579185
41633023
937941873
203408391
782742050
288502511
958563209
305416489
693725638
422020999
965993016
839268895
592105992
124225539
653016000
700246937
367046815
477024386
557594118
858304942
844383060
306877047
109510306
713579229
765540141
984814503
969023046
777657321
591556197
429540003
487542035
545071077
562185762
345091575
139425033
399444972
402605169
571683309
449720533
370708864
784062900
518393559
690370575
253279735
736369341
717482018
75157319
718467934
77883849
491511113
306530847
867953310
436360928
666008938
173772349
80029480
527598176
874576423
829722772
797454839
194814299
773834900
46835546
813117658
314514623
674717514
239091563
950335484
787242951
93286279
575465997
428969173
880233295
85304828
549900009
738897141
575079432
477522923
330498186
710772297
755605027
747618954
812301368
351530922
538661033
672266592
273893443
659317684
982599396
479895002
338525884
834378597
665618090
108387478
470348447
917938211
452680711
975166206
988478524
599735762
5745416
319408031
687265507
698827609
777424394
476070842
845658004
973663648
994277135
604244370
802240950
235271268
695370340
928482560
462742558
723223725
354409268
982249835
261947385
268739109
717523091
901658645
535379730
53967778
964340372
819907970
781544523
288644258
536863034
755196242
419326143
451579333
209276210
279742058
100464908
226784339
207075193
64975182
611558069
49803874
467055242
35678675
959068695
914558100
557062464
277155733
627802840
951291998
313565148
230878348
989261035
992235840
976666272
744220029
498020727
852738705
945394589
822633592
128168631
669920369
837831644
657691880
585435452
212372613
454650969
152637429
769111318
350875479
660398423
224439017
297586055
459014945
161229598
682628245
686513859
492857213
96597475
694366998
682273179
157801995
28899700
542247292
729216805
957108016
150724924
529830918
706849119
903933812
342793455
848591200
432357945
739630050
897361682
43055600
950641017
1303140
124391124
456280968
368132961
957879491
443166976
767423820
110226784
970674272
337647056
586069741
146947975
575637638
340414214
897943080
978597064
182193497
586976142
451445978
44246320
5507871
313879426
823431905
475138675
94210255
718002636
974548563
817242364
516189496
212873802
986470052
322221774
872066119
871106694
73609810
730273059
401970585
575451821
74788174
679827968
687918973
971176284
419762760
942430800
603343773
822481051
972918130
368157579
578808520
601853033
972960581
97724362
5683595
605629648
491102039
363578571
562794524
99300896
367658144
283873710
570035709
793055390
324696163
6298991
471767264
173788903
317185655
165840104
433375569
8547221
459574925
54641243
243861449
555939621
50264053
355856427
519128799
368762766
680556579
417667643
868180110
76832683
813179961
176127589
626551201
218959747
945550121
754573267
726013985
120896353
143144617
508572421
636709511
906191980
262021777
397297178
234363341
453266676
109266912
150316670
124804051
37309615
917582083
577241750
816788970
267097616
20602803
921009681
417024370
504039385
208662996
150766754
307658303
453658027
285603180
878743334
273138104
473355086
624278008
295696072
315158865
344577145
595213644
172217909
495116331
529959858
962222127
111578972
957296529
60707433
602421292
961117371
977530134
406825382
632334112
549122803
629806075
730705495
866950166
784076056
617917477
364967752
153524512
226363319
627888120
391262563
774560056
987477908
502509089
820183238
129342690
825519953
264964926
684303406
438131859
130164619
491977052
562685298
845277096
172915859
258176852
679383305
458879274
561429307
809590180
989240960
611759287
402802377
666157691
544540897
425170202
871033559
527874523
49140584
38114869
410951140
163351654
127278956
262028501
987342867
943964317
138165916
326764043
449023966
145183882
833784776
841020337
231069093
564246729
412803926
471001688
808668820
89808184
982972479
283394219
498542250
282410006
926761777
898134165
842008508
440625684
722372069
780307101
266840137
996470233
23357826
118979731
918430846
145210372
262997268
725838156
719843536
623865130
335806706
713119055
783715631
646988609
655202411
957348234
291254836
463153010
477665254
335245426
7902605
216128711
303738243
75943213
488620597
196710264
842844263
805563745
460243508
429832807
758682638
707696167
704142163
158859573
415931111
296465743
741555223
983107443
332107019
599193921
899616843
760984716
733862935
117801597
27459551
11948786
777328286
914552488
7860206
576577843
293448406
30523159
589587621
199428451
32670431
489205715
908551359
237917722
799298226
92809863
806450576
426416721
467706536
17262922
478265216
717957185
453573556
488049170
982436039
864635292
910908679
496090036
317174672
955142388
509611276
885391162
780792747
721424458
274517964
378227144
381495607
47165515
255014241
322720248
631712427
783636906
152459054
969980888
543889573
474930939
238326926
504996233
317568918
708751783
633802783
747172569
872423840
625069871
232496369
170446705
977699953
308835434
110657043
880710843
795747250
477657179
54414167
579591704
155085697
268676395
970893795
92145058
819719379
14181789
444454222
61407538
696986884
924713943
964794143
956546866
135699113
373805908
665589089
572904606
525711673
538807891
367395150
684216318
768493134
928301136
258663695
847728341
895656212
191742643
986949828
152246498
187050256
725092519
576801598
170538285
317265442
545250386
875304390
38281963
170497994
9307916
966308355
957164396
444712310
410191351
831526744
745420417
858727603
983234360
715528634
671924790
623931729
414409777
688373957
53343820
808134081
243471028
19845522
885228948
665501909
560454732
355242097
968976054
428420939
982179932
537406120
349693061
779921739
247922119
530688840
669266398
853089593
489280041
939158477
969561350
114964874
4858725
477758258
582450633
436298960
115589846
913608482
212033466
702909087
423483454
56025482
981993433
374920324
175596269
673068441
865502590
385930614
820348844
676691401
933463395
557192144
149349693
959821653
967786523
226078891
991919223
110480758
316675071
733859485
187258873
94536517
953492757
389197060
77423735
953459636
946171554
350133434
778786576
710574342
775618604
507695377
898587901
96951974
820022264
120134913
782777192
181728567
276359925
675612860
528580847
523484655
824883410
137123322
608062857
253541136
673605198
405210164
893368682
181916287
644294548
527339137
453291765
210848102
233492086
74160611
986368746
827789464
204685786
771000585
980692674
827666121
110551766
296336024
801565216
385555006
897905384
956617221
246734506
690200089
674771940
766149823
578721609
285924515
608485406
840607154
661582994
451772929
247118374
983049922
228363448
169328837
256727181
691567167
988417567
118466564
833087806
470528927
911129051
989335256
850649684
683319548
351955829
792214275
335287134
430069048
344468951
190834186
453550552
783751211
457332819
291191790
370775612
294712221
434831868
418359692
876937003
717372439
400921077
878215307
912157719
245038398
778379126
456889680
344510475
212983526
192934306
855758300
745582025
102229464
177644603
246318194
355330102
647722065
696034283
420158917
894650859
977178975
640727039
898740320
42123710
782582018
981830021
190095422
213280029
324249983
214098737
183800474
836237333
952788133
989976510
898717742
958719026
741493288
888075706
122995988
693918351
768780357
311159273
766088614
315673916
78709734
212257848
206042401
806381530
360708599
93050567
567566556
506914541
62197221
679713426
17413879
560532074
767319220
772956961
613328909
255326414
739785539
585133788
520926928
627272297
934678938
207244305
437924970
595693954
399089482
926435640
920054793
643589905
848968756
275402339
76569974
624858311
578766790
411349902
792029260
802946930
127424794
429184809
315670290
797349973
180917371
872410552
964686971
542012855
559074962
924597130
708226725
207117468
595487592
303997594
101232020
493916302
298144013
419713480
180615301
839545922
10340698
569176666
219632785
749806641
795630931
930615832
888871921
977935447
667142739
622844807
980190365
239460452
894236048
556287810
470242442
18702919
333420639
991447917
256594860
694093874
908530007
144201925
762724628
607560482
504438476
796625825
246043055
660443653
177913696
967024573
593990612
807595655
556888176
926756552
767728036
292347513
239322228
490131312
783912038
774501364
428588638
677325745
47903540
515647017
599360272
506242236
204511217
741627930
610899466
792393251
721148476
532070469
662085238
762469273
127224565
424064112
923684590
943949307
437612218
621786527
992940322
719682309
560573728
272215008
77591457
565148866
481639305
187521029
364285713
413942211
843104869
883964285
637699727
255699058
743252063
352066444
69361564
994759928
281690966
834418164
197037298
46642633
894203657
712116095
33026505
570595390
204449079
193209133
544738657
898769069
288990014
576830131
823852714
945044750
550091564
292577693
303173198
58605023
271038745
785998028
951778314
517213069
377176751
382582025
574278234
117896451
422348857
698460073
919908201
784427004
405779773
402225460
400077103
567913194
580705335
574488076
527323726
536834348
974182672
897870312
816193673
448432609
1765832
487193348
535464087
498600777
541553699
937489880
381622965
178025252
237757001
933739027
83267441
164905589
582761241
486590737
704133738
656142089
656366110
273204599
22948085
554382735
453375487
24735927
26355466
526323047
643291119
908907541
409880300
82044600
150575677
482993777
659907030
571207809
249410073
873851138
571013077
262041214
424635884
603884641
230636221
875432954
83901424
124373458
813553328
37424751
110659731
933774180
182378068
577345420
409665575
933807482
289200160
526254055
62285478
616341109
689331589
107951327
522025103
103458223
198253086
662886744
621970209
926739389
353972792
424659859
365498866
648787140
66967023
146276237
365292373
286880341
275136748
770832491
357931175
744211463
413572349
162553409
314623075
73709532
342991682
959025977
42079710
3646588
328155726
684277344
163801915
808358540
691414448
601243922
511219955
707596313
677152824
261830328
99430426
730397285
854230941
498558017
92670523
273736156
977247916
220359286
722320365
869535911
465672927
133650816
389265395
654473783
713487670
385937784
846724168
499892152
410595331
1064010
665077515
722408315
246740360
138312852
852810609
539198511
186974232
898441140
335750670
171955432
666400096
247414103
490643845
438914703
713874459
445998402
980580475
789618637
368718980
393033097
528254324
14232411
850963206
978017793
349381696
758673910
567580184
996769143
650640132
930190197
873143828
959457012
293542581
770043601
205975067
656811085
6156845
704662361
114765582
155671432
427604807
675666513
684974362
33887912
689748907
166311001
228870658
899616381
684465776
348316270
867989080
887562685
167401791
764744597
889579977
587289638
256860027
306567790
552294888
47337545
558159378
258897816
733698746
696960976
740678964
534531219
102656606
30537001
664455480
846712481
905712938
812590492
507005487
512428900
600560684
324288573
845178874
43950725
807892770
166986403
903200999
273659897
878408261
199203272
445675324
455885428
572167265
958232049
261359210
249369095
507210350
712901775
685164835
764500387
944460900
213362754
552943377
310403020
384986972
728663163
252473624
59291444
219491880
762837363
531270080
549631714
865588929
664875928
82070683
97420305
187953111
172254122
262373939
7488432
218859135
780787706
80655076
428132212
851590084
521304447
424255739
27621956
772363593
832302281
276935614
290411369
27686422
65744194
383162818
288531135
415472262
624454300
974878686
752602310
967631325
733306672
591197975
617340286
439325588
545675762
412773706
171278629
265756688
767173237
214741195
814255162
138935661
168024383
611038111
829900264
735337461
600309183
240270247
485133454
363979679
562574899
36569272
960822659
235898827
601255791
59495346
31072185
753897260
920243356
263394635
190502869
579149529
295673178
851761428
969363366
954348554
297814457
64445019
13395429
267784501
173128870
487504988
682833489
206365173
117280445
488876089
754355315
672927068
521929028
196142276
910934997
687602496
321203066
842733125
365079042
322453923
141567885
353584970
790053281
139508595
79162350
188709344
80334309
92802647
422636994
221630668
283070643
114630618
48135993
846716328
577732859
614755364
513288693
304873077
558068216
708708240
266528019
4057621
399565082
487334080
562557131
337502193
83878101
472746424
818532632
797789365
561440534
292930739
429932625
568849434
770843413
471308729
295142355
714677517
424980055
950394756
728725527
368968687
583844578
683515178
694681836
619938834
378247211
861828660
931737986
248160745
994155178
10674093
121660541
551101112
537103029
160896785
401346221
705457951
923701493
748455768
195540550
56491641
223635217
542181585
250399039
976152724
516201109
126837255
263829059
975047234
135584778
828160521
955043107
522601770
856015513
771804587
532886637
77293609
754047467
936110599
442057824
968313422
188371945
330487308
250400991
991589150
486997168
388679022
141829040
379218279
532478451
736110781
985085502
845420735
133978447
867582853
199507745
646831289
565148648
39084006
640404750
36934100
641009866
852689497
470612495
593657196
817858258
782728455
234817087
120130818
344254641
846834763
588254065
767026586
201213979
886065120
361762163
955219834
172052904
929367057
214176039
94997690
111461606
194930166
998660724
694015597
847968681
365497380
639593774
109878612
961579914
847380889
701843401
585023188
459448630
704865684
344942809
376108596
637855278
842595990
361692718
480863779
858841922
844605324
875487905
627569574
35160690
591285339
883671670
87980149
625988873
508251824
977462560
815618127
154264289
238076606
119047492
929613043
4181823
750396830
106907531
579428345
173909328
54126054
626759220
117709628
479188094
106990289
213099621
92657187
792882160
520788220
773166718
308970406
250553647
44531509
91832140
358879084
972975082
801567508
791594411
899921452
779226101
301654145
281658318
682384345
807573335
309575525
421481216
155857606
860436471
651434201
732698342
789608214
117259450
860704585
27063511
406704690
650326382
963381260
33235185
629291754
173394695
399020853
20691439
365513750
954498428
825223948
35033674
418625865
790879006
819417012
423381994
25576241
647685465
51255161
674430854
41607386
170994882
100024942
696614707
380138204
421598658
462405490
454583317
994459602
46581451
656958181
581944979
92334266
395625562
772866029
286280615
770614334
248315663
724870951
749907169
184563398
729121167
174622429
803660618
716665284
321361580
555675213
176463792
753336756
870037309
383683631
545434937
496256593
476235178
363862936
332864574
435874588
430067618
518064238
446137239
199904421
871020156
489720293
158618748
467200366
949535173
44730187
421934943
850060448
575921432
838054404
68316202
90022536
9375741
960490809
728477181
656833025
480544879
573545641
370846933
606535031
526124549
453782100
809369321
225150685
43898629
170203663
534974727
645689912
377135676
924219458
207454816
212208827
31679843
784627845
977497971
603083201
41782872
107388533
349077093
665728325
151037858
150668560
767721543
638365044
420453833
946936585
803607146
284924033
854319204
919310993
366913745
377287137
998236561
382581932
164213072
887594246
310766664
308271004
140845229
217939290
675753354
652884715
309218024
783198789
697289470
897006527
970649051
153949034
488992066
918290905
712673547
478108634
754982116
539217221
405380300
981824919
456561014
224278485
703265944
760457473
124606337
626642104
410260625
998728154
905450233
302186039
70810397
275791171
141063664
224556623
935181393
456983400
373958246
893880200
855002303
316860323
383888921
685688485
277941059
789086053
660364741
274060757
821080107
73819044
989418743
824331936
62538932
14980666
205931598
566703448
68006103
714935639
478220467
666254912
57710659
791399122
373131347
771626092
469226189
915404859
410646551
528452917
900712464
781949604
215645664
199909757
503681934
364051422
120167138
705442705
123549740
262531424
327697238
451232277
943714891
628692108
835072367
245810670
392620603
600923940
773585971
324930213
599584141
640166272
796290863
794963683
131343084
528606257
393404203
253288351
231587890
558782107
828146777
595267752
783729396
690095362
960633905
748199671
501701838
359118632
751182398
751522543
788056525
820945337
857128785
592679086
855903385
518688029
843671320
161119525
849365109
605105354
290420295
285907981
983037504
820237064
359483558
335844577
96233556
460193532
612289993
128606913
9064291
702400552
134774506
283007385
451605224
685441471
198772463
612777626
725157077
821318623
22811007
34134719
296845487
396832856
294941277
393299601
322806250
908301130
893847252
436258231
519772112
123475686
369300361
507867594
328041344
845407502
419723263
969387062
191387337
156739500
500145761
404952060
627773807
928707817
106307129
946066815
113593027
28811728
594893193
991552300
92270425
923224757
511864925
743692377
936487988
584672248
806144177
617705239
579593891
503463371
390325425
309431389
392735000
200546410
684534926
18184856
571445086
127185345
63392090
419357730
905186871
790487423
759604773
247209496
938902213
647157101
445890543
827380691
114395964
518291777
950992457
541703371
248242181
220920184
752363964
494110230
109048899
518193654
49177443
204821753
568245250
329136472
388506342
91495309
238900092
383340434
561309935
329477610
186001365
559444262
425540566
113206966
735747640
22770875
199825498
899525988
791601876
57084452
416238760
314057918
688233745
3535315
968436818
18473506
339172499
602524391
431780909
201857734
289061379
764879306
304378678
763263167
50554949
21464575
157133489
409871167
795895027
207010196
780577419
982683192
173810192
393120186
859646022
41002018
899944913
223074356
210585203
41731203
511047443
364060474
891667213
99311248
230992948
195718746
510308554
675869234
681872722
738037946
791609460
646490466
747859348
518497051
869824187
983330945
523718342
686694321
810769899
994260857
547516179
278339
745275030
953396606
867342247
497596010
596169710
194398208
107232354
964446730
643461922
117797349
887246500
929970498
927587659
908405372
796801744
679916054
738118617
88919085
44039842
31691889
800695516
209324921
941622838
576617406
220779662
720738986
770076299
320175969
747930008
82960395
786103266
424468963
445020463
859872509
849233596
336530994
455243844
510392538
574352957
504311307
602629798
358149119
729544081
125325161
382451319
420402463
450785173
112683821
589883316
728213983
743555742
597862408
793135706
907281398
873218876
701224647
389466266
293116531
127008505
198622151
958532519
720873864
600006721
394552051
205028610
123546676
974490460
813312140
645245432
279446150
665517848
29941169
431132839
841616049
92699842
942197545
171092234
262347903
764661539
482164537
805595572
355679861
761605639
280314529
448839808
965316184
449469675
247571168
469855082
540648101
436712408
709929414
8947472
324585374
482292021
414758751
290618799
895626558
428330760
242517498
453787086
67254642
777021940
314468275
468154437
816470492
918049136
920053109
90233436
496772007
30635284
729955903
12669437
402759224
693456988
214539831
694282023
865813873
254829646
995152409
537835964
225707817
665540479
64400001
947063446
602381839
913328755
34531056
854059133
734275489
214419532
195397247
248989096
284693326
557572496
249045387
104047321
378098527
801516597
444770951
574007124
580216003
76703064
811347841
607800061
277456356
457783992
235994803
476627308
311692847
756661566
181904009
643514858
75731000
859560640
260257340
450391305
401109809
428084568
4879994
894274186
866586884
304546660
242040539
603113976
356636650
686208492
479595874
584844623
97776556
360501472
668744442
39397666
546000312
664596631
373658014
769440940
444424764
570404943
328156609
816306247
356333182
355451980
315424545
843481085
264646804
630610233
622064374
412706628
522879305
587255021
541400418
321964243
482885806
746583484
957820293
315929685
228910569
661608753
574687442
831499434
292160330
330440448
255474962
180133849
450991855
882912258
955294693
536761959
182421162
738116429
273915373
355201843
508281138
797411553
996547162
859233333
413851283
819909292
384074429
264311188
592735476
895123523
438302801
573780606
119637190
60579639
45374140
285397806
160137582
902014468
167637872
27418512
305654490
175610611
591263522
40221651
568292603
231390026
346873792
28216343
224754133
983210107
882958525
370684548
938503803
232010489
599178436
198604129
592081202
659294207
979327242
758811720
38604128
531892948
176135471
910322031
50704063
367899744
446074449
744084952
397582437
467806959
451755922
548777527
164474868
7966866
643031650
819317147
688716097
148380816
431624469
846765136
217260970
393414284
68283221
656531129
328662447
654071802
333154864
199306332
838824276
582033826
597743579
319503056
552998464
147074131
58228622
148749627
850536654
350060480
194222740
116372089
530831583
457181097
649454310
408009910
391965253
596060302
223186550
941925203
682823683
24718714
696700308
812838275
651074378
896644137
296349277
380152566
935670253
412736988
134349207
557566789
727176752
170474490
218658495
51714775
215050824
446206227
415382381
207424116
947051982
414911710
760443695
495452093
976313165
40949560
614300433
883294983
363378165
744989924
453295468
657284928
648559754
881706964
242593218
957368593
533803255
907818371
22072506
779494602
822431913
836837755
967363333
93911174
497945995
261192993
552652906
115700061
782163123
360868043
282438478
886889898
166406186
714822343
76456420
153435406
572434652
678226613
49563961
25234428
585361592
976749101
760968140
136557609
722307573
326650936
728885881
68211392
147875845
927710015
66232802
69714860
981975066
736832196
769107667
354827768
693453334
180104028
124323065
310373139
521942889
578106664
326405446
475246167
448123342
992144919
831898128
518687976
982747516
479495663
515095945
132371162
506581607
859122540
989260340
266044240
865554268
696690205
284867437
633544562
293820709
8181432
44379439
594153958
57725163
969750915
86030936
486107111
22149403
70776355
987296296
21451670
972533793
98493281
161394798
927102697
217624071
513557660
403633968
251506268
307883432
744581258
290473301
468376302
624260214
167065658
229151511
75996885
820544445
523448887
327347988
649483286
9777660
259580681
738979186
385592909
69200702
547928966
438806183
306727099
973455885
570472195
80529599
647435161
700179751
219845919
989933159
291217409
613570695
912416711
476676622
365741364
225675450
794326065
287839171
353427045
125521489
439511511
2704918
119843441
324244289
53799124
877500350
610434296
837628213
736180451
143743884
202335570
786481937
896601779
371419970
692681776
271847306
531431949
215894170
634796101
376447245
891683255
750743032
35572732
693191001
531020470
107294981
710827917
676147867
210484739
884217940
89965204
280391320
922938909
732899891
444184160
218917477
325494517
208589878
307974554
365773631
320311502
605628833
222037709
374442230
803276109
494356243
891547311
481456145
723061601
960721323
915575760
231317645
936895793
238794069
112051335
626240160
606976207
175709722
557417623
76436419
483861768
857221137
444095197
366460421
294304012
641909010
128580962
931277957
969846218
501403159
415754125
74193250
639586948
165837287
420709795
470706423
642157561
773001342
423993425
813506130
710169726
857929775
177472769
103808167
190601327
41166730
252865403
73057603
231180205
58117630
591593348
151932203
75799485
523335484
507865956
289907253
812364905
839079238
893866642
295201925
864797897
837143013
987083280
175077219
113450217
204854475
430415276
430594153
487856209
771390209
807579860
887640200
212450704
477418598
927654002
620840523
222436489
694790776
8361508
442425611
634633990
448186910
721445383
460423623
85284483
285511524
397056922
837783680
814077652
86875118
897845943
785912390
504692273
716460073
601131408
260443261
352921923
852618178
200254742
42608708
97920588
99394433
576047829
923023423
858492627
822534001
948403481
198287433
402836669
928001399
535480625
145253963
375498938
106794382
520424638
700177215
234438996
336254331
602061076
689562540
371690289
298402292
677723588
548624512
91205672
42476098
64914239
325318875
920139852
413106623
478084194
428729017
714070627
51180802
538762216
428434967
846778769
892026603
102496972
525307353
701843895
440974905
265021039
293759590
565033379
454021755
712301910
632054840
234778384
260865853
335276723
511938946
411005002
592073983
954174727
320464149
171803814
747671317
29180822
740073333
224163103
700845726
583195153
99924169
933166947
547613634
831753330
511613792
88649266
956892680
97839215
652617200
80747509
448981665
361352519
899391101
967187469
553606704
745077880
677365221
334890599
314272540
566796129
56422947
300516615
978833826
750029816
319317880
304025808
722296919
975720830
320337689
752675383
66362771
585478102
441048130
181394856
42805394
232999150
890227919
614537842
885237871
362036125
101954514
382752332
345333826
182027955
763414336
545688215
528813162
538708303
943655441
258898654
579630092
667377372
432170011
670028245
323430504
944052323
310746111
812083416
759205488
648295070
607834365
589695331
860238377
90754015
256009289
547984454
193901979
731161564
924164873
966031607
782590495
412621424
84868512
752021563
890784393
62420354
43352803
270803186
639327000
24353607
349767054
439673664
771213434
341279921
8686486
949220354
483300204
335776707
608994512
669296976
125564657
253508482
54358992
740934463
290299015
563707203
848060009
41414670
632894566
526463353
779076852
617593282
626691257
61172903
196976495
238720975
959913954
900021810
99451872
205837047
368136252
165634152
409445125
262211307
303250673
377148403
461420301
507505339
800236981
438283979
230114124
964015583
176657844
417894385
235858481
372843734
753769179
655976666
483303407
500340
269518858
994964408
722425599
635889719
886466414
226337633
948924222
337737413
606928490
178934252
684899130
297799777
92196004
373911435
873780654
82332600
485018858
731125759
826184159
33914260
873470155
285895278
917311011
366876815
984979332
961900716
579945613
46802745
265773278
174726643
966447796
394267919
989764700
182672424
509655385
119236157
517558146
530054678
569584767
647135763
38918006
703208057
414438439
735012196
95057575
85136655
858534846
827875865
594673522
720134178
931003824
843295238
6835886
582021559
831427674
308221258
821866943
474278361
854817361
812889155
603700883
363695163
399673052
653065634
62563422
380541365
920858642
2086806
54875885
12916296
456668965
900909716
859029313
487416671
955333197
56264023
630509261
52254084
701375004
970130661
343369771
356296061
552880854
148042933
877669021
947493157
196264472
988511886
316561338
197238462
845533521
543482841
292216081
350527445
50791400
930113936
645167311
584527593
770195608
727906439
899872029
994078160
679034439
400526064
105744587
647242233
122939223
126959903
671347042
306017049
461440985
540521954
54599545
124166805
157166089
255508114
881355309
327679979
557264135
546769236
98504517
319519929
723231524
161945327
275557579
215333571
316675438
119966968
42642910
358969236
261032905
158247385
831473942
176608151
661728375
444454643
217485886
288363466
717070941
148033215
453038705
843562568
172127095
22665603
204023816
853061033
811663120
813391301
211722721
773762198
244460169
120241420
513200044
164205820
926930001
549251722
111506902
272380818
683217238
941566079
276441543
236327018
240072132
29084116
910444523
554766114
109329700
622282615
172049275
867787640
612412355
502590557
368219971
367944078
844428752
982781935
336802017
484052527
185708171
664766342
29454424
751650193
753765460
694822320
658898640
779501385
224447161
320296902
217464039
297995173
553709466
99800351
383088078
314320585
790700385
997059921
375082609
445612632
52527617
844525693
415522578
248771097
328099945
330335662
438321614
437125387
546412997
884619376
546380656
38301360
296070136
543087288
189585986
7504573
357513394
319660898
208821738
867985876
406279394
88899187
525614160
41804545
130478830
29527700
94917612
994202257
627085030
385389088
935438435
113800307
112739299
953663248
303142376
233603952
833920601
179390141
278296943
252342410
107777075
380427126
341643856
81222008
10685198
442546629
861037385
801917590
339839413
201289911
960171241
181668982
119002514
339369835
46241969
348868263
454641399
870372473
396346773
358965185
668255181
749203711
367955346
655026900
971753369
341319046
614055647
419311264
75876145
21129107
532482681
173078689
631389192
264008515
673148680
396437497
268372481
737365179
901851806
302710507
141783145
521443688
922461187
195552629
148932669
992606560
866525862
749881296
371792705
277869869
519186874
879308129
23477999
768809229
721658701
768469647
50435726
47429544
588012332
198397999
337903268
335397584
821157869
747043943
545603154
535278846
434662082
305087559
934910910
857399387
872579691
504804457
688060207
494892843
336945851
661249444
349912524
236981299
284704082
951211956
134644443
599757108
89555955
397395262
56993453
839131505
236192507
558079644
702769745
968207845
405570873
648716159
286895560
133191515
125394827
756888908
156227887
910229814
417235236
385873827
361164103
626495423
925349189
589352907
35202451
594665426
886018026
876951520
884324343
450530471
583087511
963808831
882798983
216184757
239955702
944616019
920537968
30880661
590073307
752869613
450128748
941683361
905903389
430225900
270258176
802734386
367132105
935223592
155567893
42820323
85027505
858405172
105901453
80284403
768665763
331487307
212583421
519242622
645482486
259352322
861003211
783168611
769451742
340626965
925882161
480759894
438027940
939129194
490498828
601950652
847387900
158675208
128628813
770990212
549361090
864974301
898982246
815041009
274531101
302272149
654957085
152283538
15867740
340647532
563777537
518831286
696595420
366604153
78037533
692963597
590690588
744720957
554638597
3588168
934489203
904134714
442837896
844902110
486790571
118049871
385629299
374936956
860033655
673211305
159391166
480292603
366572146
978029997
748930748
233115513
501202675
434957603
641937370
621646152
724015525
844664470
113409413
176069879
717860153
214927537
180936864
64153888
893450152
404022846
543871330
42877866
130258956
139878499
420154503
937505943
357820513
647878792
20066166
939435062
524580276
558635572
972176868
240108974
405055563
206210375
849117778
307568181
323678565
510901309
318429021
727641288
688387398
617178044
542233523
455159486
314950371
897139591
713873238
23725289
719550135
1321661
804662025
255232631
797840777
766840551
623442956
979562844
26017321
464268976
495674426
688949473
196305467
147153141
17562868
120305786
738591770
921227741
562539968
115526793
38829874
788394150
432089492
234809452
687474289
686492525
995336030
841534660
92110010
344893759
307255838
874810490
552314556
938102918
865882791
368623286
11416027
351896681
340711569
958328949
336152763
104577154
557719195
251977897
831653815
307531725
527917310
623491731
770852768
44791960
476346103
948591547
357557689
267514395
717440564
678586707
860207148
868050550
315935976
327101138
854759601
250748457
433891522
768697344
39186733
414781967
285049480
570072252
424173179
999001853
803241241
966029661
780049065
46076177
69282144
362216026
139388242
309580112
757483992
458044889
125396854
353846065
850283508
946927763
263468905
418437288
401701036
884560862
48317585
81384693
785565304
64172750
666759279
419902739
560412633
800345668
505379078
109414951
426587566
573905133
240390722
180367663
986991989
514936953
255438905
369035126
741001012
308800173
626595160
322323247
241248913
240750692
426501694
707021919
888258380
369668151
84788207
611047394
445478854
534645177
560997538
612486671
347511267
614438938
218848705
296700594
572806253
289928507
97030467
284756338
414608115
994856303
159126699
197025805
142083983
418182235
740487571
354452271
723259870
305271998
136478525
922122610
233413818
201809893
842599741
528645347
178194370
827462435
129228652
234737143
365673221
400516698
749343237
826653995
475537154
527623572
530425762
756801638
95123558
282883023
173552243
920912615
845537770
90693470
259531575
50751724
939255877
287192019
861818226
912847729
631105425
359089507
908285816
679698160
768495276
496940105
898438711
945711199
776971385
9920355
941815803
765364466
526007496
662427416
752829234
530014570
203311264
804751495
340048602
625604197
511253881
355415424
664611182
41489266
965525580
467709732
269118339
128791763
58779872
305681279
644708321
213083350
920214737
163515563
62515063
486205579
535557993
497684478
391678064
216897942
67041715
229130230
616528010
202508986
208260690
794504322
253296077
355856791
971783794
742989878
325583411
547991057
156112962
600213141
467009459
676239338
172908517
693743826
301207052
717869105
980820560
745474629
651413770
414026783
889070015
927002919
333079768
366535448
172532626
653341699
389537428
881299120
613153446
869587638
336971865
874062770
797308162
322256629
619873579
19582250
153809863
562239481
428551577
802183422
475179349
526617694
239830241
602840321
893024844
994025726
689632483
783072210
502337204
949192514
483951115
622540614
110146629
964949275
239314985
130276218
433139051
249998465
532518631
417846436
507031654
275064390
43034670
513636216
574976561
24261137
789851366
8657245
113531636
284335113
92028558
320577920
859177239
329504254
522243307
636003335
670545972
325829305
405221684
442141709
897401915
805663254
972622448
876587958
402229489
131241342
342370853
287667089
479537645
702387957
911738419
946430683
298750596
238053112
690859513
490840806
420115907
806867763
685131496
949226300
516994985
429061903
273954657
753029059
241145338
747958978
36590625
311958324
361754567
901272214
460241182
491646959
734436452
236697716
180427035
100214739
24937086
692834086
914286468
570087940
580860101
486508881
571102657
757496152
798324442
451277721
375779950
794268933
384881139
496467461
193472691
29294117
446783272
353437683
492554815
710813033
241960348
354553583
925861689
727093102
309286555
28723687
691576605
973679916
928171002
946800666
956885556
964059221
190592842
763031908
981293971
29330350
342496931
905371919
939294005
168779455
68602538
739074807
884366359
455094564
611944688
481080541
825243221
705367984
171700038
618677264
441213237
40845777
358512830
517467900
400121737
716913058
536252266
650554848
190905747
377245617
714974612
771985394
567498661
962203876
307538672
773970181
794611663
256609134
499673301
283489046
88934451
100507463
683081567
144023347
420498545
612461204
993884505
875646686
542834084
942889280
317255622
52895454
710925666
580888854
39569723
672505668
990229731
212486434
748792348
946915116
900844767
834482478
169134203
498204550
829006876
906213623
916797712
653881823
831903062
426788280
860833813
617497428
319967138
872885699
727317591
978088304
726497992
564818670
644372425
250968258
53328606
802030251
116237658
597841976
409609248
370524623
366998244
521345251
17541237
148323090
129352548
641577318
904570643
829766395
922216475
577376797
189980430
698070291
989739807
475513781
91138940
606439487
123518962
239440349
619592201
349706274
84142043
618889875
758614061
297341559
755538644
862801664
185261912
220796900
789218064
699676704
21173603
818959300
954142945
184967607
684420151
56751843
30664653
924669744
737054587
455027609
190140062
354799160
204390265
992746775
328599786
568482053
832633388
207465796
652788481
205449859
865475740
653412337
765836066
896646863
102783157
415095607
832358711
197111184
626606030
329197158
641305367
373605935
159212691
375427582
945657451
533661103
508300896
683395164
906948510
53031573
571108968
203942238
479265969
620992416
515145926
379313540
753731269
848526943
260396634
791786951
522609911
77564162
22138221
968881599
707595150
969847763
914136789
133295603
409446852
51035376
33408248
510183350
829393936
710231312
249796182
415330859
311671495
353125951
229454932
618709751
370046992
605456176
249444142
526816948
544951164
318540595
433579828
72041484
645498040
990194611
366747011
356760994
215415106
874159644
658061169
849100393
910416868
891708480
160848299
860470042
516000593
576243868
825472452
752573612
42221231
471895493
89673338
634594995
139285100
37414098
746156079
391697057
429916615
648207609
881885321
895762283
971557039
72081241
435798641
912084972
510451059
45203144
714567294
431159287
190376497
13203520
794621510
135227225
98525432
800026379
451328369
885492634
9599155
152806496
333115732
201557317
186837554
671651271
923164679
527757448
329073126
859063153
410649918
441172182
792493172
51707921
317771330
23795787
507937336
541061317
781579524
441737316
244291806
375303982
197544881
543547877
776446935
84092283
770281402
867199251
11068643
772806765
771747749
605497761
388586889
529690816
519037256
363533666
179354685
75806813
955759778
137115599
548969547
575456059
994686370
217463121
704290179
830328346
796897742
125476777
111769514
417978104
847917673
737059724
462222377
520399908
28012814
293876266
321585556
577560088
900973976
859971814
160518275
984783083
708944656
314819022
116364144
31501431
727477672
258288003
661907815
864046141
920362729
217045592
226063206
120608483
570761820
947510007
508943146
723326874
980483721
747028079
707344285
654615324
39579147
964108123
622206873
59619698
616991715
523671825
96416962
526116249
623538541
730555577
163823674
659086569
158388499
837114451
613161979
441132171
545856008
871071327
490641457
415033545
236162278
718723650
537550816
337892144
734348766
948072530
85591389
485489182
910803321
297196374
151519150
739991511
247510559
261988452
492131658
781060309
583934291
41456207
684535408
447432050
164145311
343444749
737621766
474351638
557095760
89240482
745228717
505440948
511863607
514081869
64466945
741694357
20839581
51681879
786825962
285307845
261035457
606063752
771785516
720485138
561308217
895247600
181891421
783421
127265023
595050759
362851321
264006895
725200638
483534237
86408323
934947104
97257603
810762817
325382438
197951989
594018428
288330089
414614361
647438840
189854018
973889127
949025498
454684987
570336873
161288235
557950528
158137840
499319442
953687173
996019879
505259872
430493991
454106967
100584527
213628770
436871899
166042816
742089686
665269225
521288046
134443369
674032444
768524965
465712207
931041648
979342330
718418253
348299303
755928186
824863116
771689158
576014128
131831093
308856602
547174479
917297702
510539868
474744143
210458639
588468989
872231488
396498307
782383739
873833379
667751549
964209276
391534202
565293726
456604087
661630655
663505313
645999957
163280128
551344260
774357210
647263984
792706030
256911689
191328623
498195218
732263647
517625199
868590131
50457209
760675895
505004508
184927623
923231490
297519044
997801335
964168001
274428077
850243815
887177679
317307843
458966171
509289522
876286643
906573212
52506282
678934579
32663991
809083943
587188896
740298630
622052801
307294511
677402960
911392073
722063400
555784710
995019659
261780929
34944255
786508392
47713628
417240765
233464055
676746966
316320234
874703180
776242759
318312190
828957933
489069052
685748533
690950787
634907367
517940710
165792726
690154998
561540800
797070900
521057950
758588344
538204326
527179602
663293504
470360458
230781631
125451069
710127000
62599174
728313742
634345435
836160944
320624015
111518147
459330384
615343355
175848141
811229370
873808372
169277274
899315481
421084928
300933651
684365852
814648504
862108969
621258738
292454150
195368406
455254360
584390438
8042105
48967845
134588410
402623236
451199302
153520380
380328929
414863530
654009742
84776157
350929809
225350681
862391069
83187269
523911721
406074992
880282442
808612152
503210737
267887143
692847300
239249086
484947316
785288843
477885227
470234400
208958255
534928497
581878253
29224823
679279034
116913155
500625661
282642338
955136285
857125550
343151444
758430243
918467247
241937381
86332936
346534294
739032193
508561263
630699314
119940050
755426894
434266721
812486967
205359199
586909891
125454892
540815275
521709596
795272350
820191871
412413955
535030802
399768714
566341985
519895069
409105443
984656941
370070744
586101102
172865712
561147062
227271298
915573517
592477295
193466116
742450536
983164155
341002042
562256488
108721389
848490595
426409571
254835373
985759065
730963509
964635673
830363454
377701299
133965408
331270670
652654912
522702940
386010017
884319565
183949527
895808075
667960406
207935463
71571183
913375662
291643707
674123265
105250054
287048958
907020069
777380670
813285803
436119794
333881046
596477246
507330549
916664839
327938682
194979621
547695865
776195279
42871079
78936698
6301589
248331652
484535152
669624087
446800795
442965239
841496121
437710627
847220955
244013331
330677321
70284653
686920639
571138170
77683729
618789006
602335471
814017834
106387003
709139418
635850817
954362417
73011875
193573758
153474785
698270255
998605193
992513015
387695790
462533463
247412505
834244512
598799737
944456560
752293487
17169427
995403110
489751820
674038064
93544739
412794609
940642471
875610700
729463001
909710983
998794897
319797378
12122781
727591314
189479273
970752392
501990953
933357941
982935323
308386039
194235890
845778757
897049853
70998785
380564608
625703430
367548125
884035763
602660356
207035040
956382849
9559908
147842322
246162042
339718224
661764500
476148863
448127379
728847052
276788543
130557565
161941767
117913125
930530934
217742346
224804943
935163308
932967147
366757933
100871696
612105970
110583055
526616438
132599203
344341695
176982494
980492264
879612871
792575354
454257782
525536686
859051458
743859350
833360624
154904315
846435815
110046458
426514977
331533936
867654168
133886001
449815797
860356261
361235129
114401725
211005635
129632005
226076165
340919055
310549824
298385069
253682691
454095618
524424321
420900744
577404465
276485300
761223917
470219411
14093292
679821522
719539691
518309619
610515564
134709434
335509519
138655552
152139495
932901497
904826162
434953504
895579560
474822919
796122135
209260602
845302496
465454551
396736430
9267590
331490112
647078237
289976810
509635113
530530691
388975156
372828428
563443168
698265909
1399055
743967332
774853409
598204616
30503610
823318134
229938036
389188952
992883147
258598651
446439435
772812688
917274485
591531344
14654654
876477728
303290789
589589086
46046764
35531542
842702655
392433800
593407457
257382491
661598192
957097713
936184666
285236509
577938258
801760103
837477683
978957320
12273992
364131261
69358086
249425672
250887532
694670347
595542019
81986186
475620826
252056331
58914336
199929265
785060988
662515062
927075543
659108579
504028341
246953955
273620123
854997993
176331402
402607238
421442413
375602045
14525547
77374269
540304373
186383357
757577231
402957906
45888243
102963773
378964126
630424556
641053894
675775976
317295939
157168267
467985498
153706201
735782304
143053173
131827314
521754060
739465594
771624303
489095593
919770218
839738868
650794788
632011053
758612866
623614576
148494517
386520143
616413935
503872388
238301155
399277379
660723121
572098105
475990333
806497259
677819739
622086131
39310358
351450911
660722306
68000861
457196142
3275752
128001804
399159787
184171880
675555280
31746452
379013590
961383842
817052288
563343945
885506141
499944399
161991123
491563011
668670161
521016091
2982490
585219210
88917930
102025026
175895582
484619748
851761207
949271181
104591297
391717001
327392846
636274189
48780353
116327084
521664485
747771947
670399333
126285771
890653338
620067935
64588090
207558306
909744237
357894072
334165702
829047569
487549448
984072850
882586343
831900633
166147133
752727843
599933607
736302088
836344104
874739177
138350874
924126970
177393529
893570695
49986529
860917617
696944043
117848870
334825061
511339830
96735342
405588926
444358415
13320043
797444671
338639834
302237036
42350249
568840950
597361073
940195063
979316971
59851439
413034454
456517447
969896443
369165031
580007024
647092525
318698375
906962509
281132108
66690095
798320959
971894214
722199666
431386843
469045190
866639413
557299146
203454206
562974893
240589454
865994932
764514403
57398240
603405260
877844801
835606334
983851071
791860991
126058819
360104553
925210383
465188136
960008278
919239841
432348047
728422495
195766831
46509273
735258069
531731496
473449937
284179444
164464723
668709222
880359850
671366634
810286837
268218928
445322271
128688192
398141925
342384442
929600464
707645142
387143394
620452639
113566521
699871477
995688124
441964429
551872559
677596439
977519870
465558245
255984335
148748808
43694633
463381008
854327490
99520453
461325337
720371833
513148892
244159678
667029449
136662605
867894766
655275072
55398104
484601206
181915396
37661008
857209031
266877675
1519402
835512311
204438350
30852388
468339264
971979529
204945174
464971274
136100048
383146824
451711237
909605882
822084932
840153271
476085325
421593836
604371519
168585889
378228322
523456686
633421650
500744935
736247901
253296970
278844429
748713936
743057574
497900133
50420483
943231677
742249356
917055373
641705870
742527399
444387400
627991110
938567415
109073695
59576647
270647807
427210679
432796471
303378402
248206008
877436239
900505042
964453358
909567986
212506875
705787341
883309248
632767427
308322638
40712348
616496996
316520427
836333229
974530361
725753900
772360176
541345146
776463263
735993494
618714823
95300676
123449400
394719448
951936051
617401730
85282315
356253897
491094663
105741408
315533581
930473727
355955385
188552008
849738305
988680811
742429921
123381596
558841722
739129900
782705187
19085754
736431211
336391298
519160280
277117141
593831320
706841926
57940442
516946796
285644650
900114665
207845847
494938550
560235491
49402694
232208632
646790929
188733211
522080978
859557274
57192858
885252823
486258234
77401896
364057253
370493304
22154441
596591698
304600166
619044033
980228920
608703917
166977975
149351015
588974578
289090090
363417075
225879219
913517667
419761386
610407923
799967651
252996571
133687686
999789614
249957403
68814192
351117318
314765326
32470039
414082527
546281824
684443486
694510820
807267918
804419004
964516343
993118459
189882932
389770603
908080738
914320691
880301906
198028602
102043300
395357643
90267301
920542207
416156105
191423570
155232496
395379565
610895390
265037212
30578094
734563648
202520856
164891605
881073353
237615780
206650854
616520669
332184903
609671056
829037442
149165835
522372747
843597954
86070479
55909118
974815664
726459781
49786648
564160069
528416337
303937824
630701539
651607468
414129801
375963018
62271183
437052405
806742345
772757965
749423562
678331663
729855835
809062617
230973172
271544109
893987274
155093450
521467561
91567383
828446538
383117280
927245173
725109750
4385082
632759077
199894948
589887859
588652928
75545254
138093190
710777694
926415567
337031049
505452932
684379680
165789649
158495489
858449240
658055633
554766372
509566223
951671851
832751082
754929987
299557817
483565586
755872801
24306589
609730296
642662242
865251587
879709495
981632259
519000271
802938247
255581505
243820794
260344738
925393594
353835358
983489663
982657179
639464198
424615149
858767777
56279366
16313277
832019161
240059132
358923112
12439367
256229592
54094452
391076152
515889591
6105859
93035775
612520505
278479669
741447213
203193620
299249241
677351463
737288638
627306737
521202256
546832961
300881136
800238610
982984731
452676909
701794083
680355120
213684364
704516018
529259423
263456118
110870825
486510393
229160836
273621265
272464367
828980949
133505308
715853600
75052218
693249903
614181501
965413951
992223382
136810409
961377225
139499247
486997842
747414364
567996835
459757438
503326906
585865240
230169963
327819663
417042038
332764527
527166992
81931390
48444188
999392612
565325398
357312577
498496769
576877349
197167441
462735650
92714190
458772671
858195008
517201566
565639753
732325772
563449494
434089941
403211282
539951814
284074288
11266481
217318913
301162625
138697306
70856439
803661084
130083614
596040398
927162661
996647185
136559217
721100539
24153673
962977628
275553546
579281607
317285159
472077163
640305914
878927061
964116278
505544602
897441408
616595518
892940989
475262529
1036921
792258727
257649709
264033389
800662191
103877845
621143447
651671153
233599387
104677171
74940291
706993457
335265760
173811904
493022868
383191984
642843205
967490948
354119082
893899833
993412611
891351357
626875441
264318298
184071504
927407522
107389352
207532307
27302811
325023162
514950924
321021147
364296336
239424314
230795600
38870363
466321653
174637663
52277662
382307637
178091949
328749729
958063018
858779940
778967068
899174184
537179487
8976089
385300026
554660670
480793410
640682696
60667476
982039815
174055436
942011676
203414729
241558929
986480183
563648604
46922985
102652851
947982616
976260883
442181645
656835050
183600595
502624133
334996327
897749515
619902007
149094216
401493593
46142583
643992362
1257676
915610495
534702462
78722187
586085855
690056886
839931493
73168057
222442225
678225603
662363476
976513144
46096067
636684967
647061600
202800957
398883937
109299463
888507247
932572453
127207141
471599219
632940380
991157929
828210863
754980925
874864073
266239203
769995226
583499586
593017422
660939383
56226544
288961739
358750804
779042710
818205352
92436683
907759743
307587288
155033291
359572581
873712315
117798874
461056385
826461893
105953751
975454354
995718652
454183243
170378731
577486297
548567256
962151166
160508785
546827810
216420906
471544149
938810655
583441502
881049513
345992183
932784343
983953150
537051610
544205659
659582958
96964439
82879111
168496074
361627931
234734319
356727034
894063404
753088953
236717645
251323735
835266147
27098791
72075935
379522091
748987320
16516139
717051359
548802907
200605799
884487238
425401765
216660624
488950784
311451548
550743043
526155809
576125990
726538406
178106902
637086874
828143191
652762274
142182654
985624856
48192874
258519336
59967093
130905078
475361720
156345256
199553451
817023962
846475806
759681683
980910987
579948776
567039214
105160190
584085645
428453957
936317202
832721795
200622898
907556116
354516100
732774077
266833499
933862129
331881733
359726591
537480872
357561344
195986606
70719724
127997984
644048296
407032825
91577499
507210019
379237142
501651975
288788355
197956254
20718544
433022231
675710338
923219030
851174182
630541976
131272459
560947109
796295736
453776021
178990083
407708291
412532514
961186067
223456795
36526241
397914608
534438191
512142350
216966252
42503074
145940741
587143548
277722130
758151922
949859737
991890529
93432059
933119175
544604458
759508627
893821469
305996029
265960403
472129577
730046463
307557117
318448742
978244958
206519886
481898248
112873713
116354879
53877284
74068219
311156872
492668433
703686816
897444617
894094150
739907302
755717222
277776318
172159992
233092070
700806362
603087416
753231663
289242317
557180402
132751701
85523559
122304972
285365204
608512951
290529623
439131453
248372913
160023044
911631496
357918968
79741078
137617166
225692830
892061747
687707142
607997635
653423285
886609759
348092975
997514818
828454589
765178688
484711654
508439707
429453487
72236125
787898037
467711372
588797822
90770968
171872046
588660718
220720832
431864210
869902650
988983244
398338627
609695905
453697353
226894730
471720812
358442634
910325738
708337197
717312434
652791692
435874887
745602519
348731847
213104969
909773061
645434322
877646375
599958618
621438069
286861136
502907710
793230118
984866487
130229161
744577361
94195624
913118758
275520904
925689929
642790790
976428169
277465417
975386477
555823014
857132028
705384914
665829823
78327359
491039474
158909162
969640608
959705428
675861708
182059003
620009724
940478165
669208599
4799951
499116803
709025325
585554961
676557099
610582195
869818446
565914193
420787765
642144947
962179039
217452586
427880013
51704994
336434649
851479681
60617186
154633675
331773879
832873834
452200458
976430812
243254045
525684154
754125824
916928088
763703843
67221444
535175514
196205742
139521370
278216480
390616824
48761013
900901345
335686992
968464796
402750601
975198588
939227993
524370560
551086075
161500617
398839750
356412844
321226917
330602146
594185867
38883229
706770728
800192987
58000392
760166926
996173848
433869633
904265956
679124887
409678338
309522805
774980286
148783049
940120339
895112195
771319099
567536696
881762813
661734221
724823338
737142494
821698381
803706124
363276454
393182361
959967533
650975969
337063427
981275779
101774705
571516532
849594097
22165416
601963046
590886993
147230954
961560881
886688679
588978554
75287459
525149138
481861790
200617059
798986466
73255863
436425330
312472518
959637137
283081863
17555624
468564461
894692716
749312390
856270062
134655848
268506133
882642738
652275931
647171589
99387100
198528710
779221504
704900228
319115752
418453984
127932547
639989386
76813570
721434940
130693070
706038465
703173696
579331442
909504399
173140515
514162284
502221340
755729039
536355166
95790363
158474580
806748565
33384727
744076179
125949561
809625349
520425988
996402333
237696485
170120126
290651076
369518816
881917836
203473111
481704961
354282935
942170810
633568325
745841895
671204121
964723640
880126435
943556316
609915918
237449240
985939865
17061854
682261764
894723072
691679160
106196990
537202449
949600215
506225616
748365797
763566926
111423873
405881368
499395419
282372490
43399961
455575331
401309578
390026487
482663040
272820618
61021107
110801961
355773376
423332862
426944922
261809293
979599931
45038106
362181526
736668406
74126675
301183909
740956388
99520860
843887738
910358948
928078555
582301953
948826392
365841215
541028422
662994271
802235066
634391825
72767759
889600712
739611814
798151017
979886109
312606546
784703529
736698766
174853767
817765394
832736189
630919283
381666260
866508594
321777388
139607724
228524582
792540111
449074067
787782142
315093507
371656676
758678710
890739282
553659581
206057353
495346
36273740
710456689
915614578
89090683
224489334
52654615
667552059
904846768
555436344
965567546
911346531
238803881
419424042
201767589
654067680
344078506
993823593
25246808
827899620
301592398
701346948
605567007
639821819
772582951
681730125
513260273
774213046
261673276
392293385
180158941
681838807
358252535
133098056
819438951
856434022
729869083
244493092
38718873
786341939
593661782
302685323
649765591
342468694
351131749
591436829
524604715
877061890
153804644
300103076
827785433
100347448
388252033
719177814
934983319
218915176
811843877
45321011
796088563
866393050
144062948
586171838
128081298
214615381
523466887
299042685
263609243
777099002
710032910
232751467
203928314
685386994
210167628
614285956
958067195
302000732
650337792
692502880
384848402
134203418
885398650
970008557
331732654
574601461
410290487
94315733
168278590
915534497
246564501
391845475
316249097
174945683
670154027
315010170
102538058
109360415
741431202
396690929
584085713
887278367
63070468
510432989
307750523
725268580
411017021
977980662
765683068
240249960
887449714
334703286
129933811
127321277
308031735
86805457
158190389
698435395
480896709
191336214
462764211
713578490
817512195
777277286
634898312
339426368
998683454
447892247
507840483
433880097
495774924
843832409
719524572
265538095
190724607
968585818
322910822
169659542
377101289
742546367
739840452
995174634
566068365
128419131
515780764
888592431
933785583
45411072
608225433
895217440
835189395
714252905
290312790
337161773
318072488
597544291
909912164
487781416
845658061
266107541
84235229
100853171
677800908
431735225
58853026
741598344
200984889
708135607
981745497
111234912
42080998
302407834
82785158
492054055
293964957
703407898
918324721
642355992
283439534
292316557
907900511
325021568
218321003
442954222
187786241
778632404
379319382
910813006
843595214
418542724
442332124
789550862
595080677
845259517
449999947
956812078
905327637
723180696
923300839
635430622
951873009
152120741
193284369
805384267
828233935
236627206
362914101
661616840
137628989
589033869
447872676
571757226
974928326
264262056
828295730
664621366
795525153
301099432
448308785
78756557
792420195
585958480
568753691
113358375
137015857
703090275
661616333
971520104
870976183
712995858
773486730
732146328
26445097
393300321
489377353
278518828
743118523
417684723
271983464
115300870
867091140
620469589
549810907
35032966
156994795
217770180
578419811
893014123
738302623
194010302
618343389
249858399
167610325
478716353
560551527
704361497
309184969
327727862
56309274
687817986
367286557
945000067
968346700
955299735
542530969
841617933
250349978
518687816
127206179
987496346
988678164
348755330
2225629
200339710
704714482
793609738
147934637
94713389
146734256
959395806
947549633
848908285
951204092
577484913
319442190
373756851
303227503
536361633
577305659
994172976
370796230
882083861
331710537
924745338
494110689
926393
459631477
299283079
267285223
846572435
464493111
495148307
638052778
900173741
317880733
196615135
512756111
223338357
946962805
473318672
189345696
810003608
283363057
18550355
430747235
473198612
130380025
219560246
852612384
996932155
545278618
311140287
972258406
202941636
737056700
309919215
909824075
85609247
820446126
73123357
190801854
578099865
543098623
83244698
970503340
817203871
155519589
796903879
498537766
886062848
876719896
447538848
689301396
969367799
910489042
639041399
89656204
633524956
366792733
62676678
281005105
488699888
680253558
476450562
658572194
220688444
913474491
636336453
631582254
586870946
433385846
38310352
418638626
228710754
225074837
153808543
855014153
318359619
663332668
329334317
426570937
73857763
699541357
490715251
537443792
342693220
333987962
476942189
996931140
769947745
823916273
269998440
927461649
576239087
965346008
936784352
596373178
796752661
382189636
350301252
188362933
162365911
309326116
234864642
496438185
196551202
28687568
721892808
494149507
119874816
951285123
70378870
640217727
983753092
461371432
877680107
367498748
88912549
677113089
322768651
795113207
302948479
238005676
630176138
592836391
308667774
469258288
305142439
914485784
87328700
272929710
31304192
134201661
137711430
451988386
797861339
794923120
387364845
635206379
217967031
255442670
26477447
755303027
231111484
156846856
925450599
228822429
899956648
8604958
379372476
663863200
613214023
580853230
279591320
255206056
864684243
134886173
254102002
996966825
759126506
928010502
433144725
764466902
224230302
266921817
72289718
133787985
548571961
922715891
407514691
255119110
212779701
913899717
625763422
428040180
195314421
124838212
213079606
444753439
840795025
959763100
387206750
739552684
80768961
373345397
719946311
680345218
877839694
814626214
43679480
832116580
815125962
134502623
382110495
621212364
960193061
72679335
609319840
306348945
743970649
73736240
244463779
340466279
289910462
52174473
85833478
967498756
412997772
839904334
700798186
293738681
209068791
925831521
70957232
641150937
743429408
308261943
2538154
435694446
51932030
610552488
98975835
227210820
208317424
524092065
120687792
5734443
399623662
95595311
873751818
125431033
855193065
393822634
360537464
788736626
855698055
467203360
759802785
817754248
522621701
44555701
709522407
471312714
811335247
604156354
253256391
438486888
158563596
424441804
751294170
99648177
606754235
84534127
933992557
233407369
64423806
99555601
717726912
573931547
566460238
179524913
431785938
703859092
99688290
526056683
151180030
529734583
33709811
611179988
882912004
337957156
524386782
327277017
807249860
358568785
569954960
433131361
103068103
816979105
351029990
340295777
472312465
54267176
689192055
760248104
206293918
410339335
30832411
645168169
374667322
896900086
946827529
342805591
432819453
212424095
176081381
326278579
900778879
526314657
642347654
223231490
865708941
358436998
160073191
721905715
589143899
317353928
735602740
920687870
388670250
826721323
87333928
849186686
939974109
341757304
586900781
595007209
609973362
821591776
18863638
288615981
194079702
551599686
220449747
251902965
729751448
709889580
426265086
92006944
521126211
697067494
320802472
479078573
356117853
264295966
405701722
517666273
911792602
324218852
316747176
712683350
649881866
435011847
205947149
870350627
460629653
476085923
830263793
500975015
515971484
861376990
361006957
908702292
190079889
758730043
40722421
967771638
1192954
647804467
667716909
563440217
403525049
511610637
729143108
81033640
581071509
62834270
199229089
434527246
507481879
253709784
468095206
443214953
365424506
406728673
430597235
484406109
62443712
108550287
214542384
697320012
415255361
686496396
95622120
607232906
81526346
375380338
426059152
69963232
269655749
634463
335149639
598268563
699757515
296039612
872402724
990825061
638654697
126430686
407326935
710468843
723122130
869436056
131539149
297746476
342683655
883843904
407266660
721246558
937064357
913717330
451234693
510010119
640080026
615853200
332041498
440685486
597093378
587917571
386832845
70543022
579506523
948490494
388087501
340764171
673962583
117162503
608170416
956852343
478966535
409001280
815424522
38175622
914779465
687013943
714484073
172490572
110993941
193943502
116927209
725256463
929355646
775479371
611775924
608299950
896451347
629473855
778965182
23473802
875420708
112809163
112921627
412138855
792150456
186008506
395883963
388300427
764165572
863356943
845599272
538698407
285419824
812330746
362818349
191416920
7564062
149830848
956793355
393007390
293087126
39651483
115592795
684488773
76371472
738224162
685266896
806468764
336394727
918402820
970411430
59451744
297439821
618042028
174277255
905049666
855914528
399130722
252243776
336049654
602082463
907836437
951211853
993264347
377065621
651735741
270909468
950253217
424082445
906952131
349976697
611679797
559941003
417310527
146552379
131124413
151133846
694798789
282964891
710245874
147947984
314620491
347746351
7506183
830573387
121174831
949944585
76956694
723257466
532967083
762593082
701146057
293240542
507286485
753900836
626050130
729403769
959664171
808089782
342972781
837490744
991655574
300951473
32519547
16640847
542125433
928105839
834313393
848335972
621702911
840720484
369437605
59382907
565422189
225294199
6335411
909811618
709197225
110367408
731485612
685704181
598477127
390353300
21545706
500390988
96357939
725717397
878672944
78099690
900097906
817220568
281830693
843729415
98820813
552601582
947201035
789871751
487846742
521615925
729327977
102510009
317878853
138415014
284546159
986169053
442315149
841790426
585278316
908059403
732825474
452531060
178216017
418552673
25253356
221829889
271593019
850523163
26551000
997908150
702607481
209310219
749686432
821518547
947791813
835707606
262879286
940690972
530934699
678419616
610972938
576019991
955635974
864510615
891598128
418184097
441304857
326701517
941927344
790538681
40944010
94527683
340421118
745321097
914848793
57153005
709455932
817617916
867393870
487811138
605528328
121486372
858513455
369888356
507624575
276080851
690672858
300460742
420855701
773658277
4319930
24118578
76931901
289312780
883963522
318223243
816944961
686800716
9604830
633404114
981601614
728662284
349532498
524528964
194330679
919751293
387789840
819682368
341484730
861430208
942688612
238841270
470096896
183457412
547604755
241261333
257321338
773231349
283121007
841867343
58808414
233838585
28055962
158399720
415031104
972987969
503570476
902614956
217945936
752998834
419472883
913544506
363252201
386782776
346667998
168428700
947613650
764358787
376913822
874155067
980354787
613961150
604226373
182802382
285802892
502385572
480976644
333835074
476544406
38354374
985123602
726613066
249586871
187394270
311594149
58666219
973209242
179276978
191978918
348924244
168820322
709253463
138447955
472238056
328193234
483124788
982725269
270128455
715934241
344267929
157007852
38405659
124362882
565085459
229984699
993126534
460665465
253068304
655524670
276734442
183087640
960665323
823632028
946078250
369792995
599626001
73039581
776036988
740042577
349648222
502082501
832444832
453511683
901990821
581944188
238705812
700479570
854203960
222733650
662345747
683890829
371013652
188051083
996622373
741300527
918658328
265760035
469538840
2176930
664806383
725988657
561715256
238296022
363317505
316621829
386537341
382361723
590654596
535124459
881434395
698994055
739343106
259710584
306897060
303484304
845485196
941926187
200190840
232675987
103380101
712056473
148930835
720813760
637774248
567216934
756838507
680184828
565646567
309752933
290380716
146245167
975932553
620190949
876795524
995356647
124063222
659168878
447788247
628502317
385136022
283482448
872440926
813240419
233911511
575323666
997258242
317758739
224464497
343055947
946701708
257357448
43106210
358750773
881169383
53340720
188805956
623823361
396366675
944178698
212471308
837077287
306783528
317051256
91243525
602020845
927439323
76512488
581361937
980664726
59046494
745001120
293240269
193038619
528266952
202395443
842843931
51430837
397495051
681912996
788450013
640420083
292341670
832702793
761683982
280624194
219507804
653181585
609651867
211072549
665332736
673426846
227873966
307797653
16263170
837689031
486340412
801985285
659616472
484053923
989743856
791816614
969530993
882661369
624316314
479154499
471370064
823045957
850954150
639563787
248869204
308849746
831830816
463224013
76358688
985054440
123732189
327643635
563729976
362345351
203133822
791778564
970611197
291791496
500975044
946720221
939394041
605704411
831768802
508667696
95988746
198393004
151139181
53402043
472002089
42289180
943485731
334266009
317515372
439238034
56111354
228724905
34578891
753814434
93418665
975453974
635090748
236908902
816726713
435121036
679932185
178272270
543890656
650400836
931519239
627518649
974018527
154855776
46843701
464138837
42999479
614486718
653677218
675734941
96724563
216818306
521599048
90964844
195899072
179651092
88647808
692604785
255892409
617420364
499556454
438347878
381534904
598513367
668409317
491097663
918471596
831791161
228226845
411129125
444987953
999399302
649851794
964683113
37123742
560025860
633449759
442872986
288411324
194759574
89637696
491926328
4344200
826477960
246975783
801266986
636146239
676581647
634706368
730637111
374380135
613222121
44588590
420023004
243208402
26124607
763631821
854406003
753043486
815301474
625171291
298020325
727087144
834837637
518822654
192550642
668085790
735669567
359601726
878540815
66517915
18564447
617582036
583021226
66097026
922248213
848338872
389128201
258071152
470749309
12511020
113197513
505176592
453511318
395026748
860169588
706228881
493680636
309249320
998592457
283948904
885119774
75389060
777135533
44747562
339237759
588768640
635833542
771813990
856821523
634975064
475003497
902860822
972598036
438294202
231420954
856798166
181993751
519001809
878683283
896531505
550984258
934323794
624144641
382005593
505917147
15841573
631953033
803967605
52491495
267719646
274329741
997459899
2640641
638147910
924193709
996467929
816823477
526350592
29782043
168738452
873529685
38295765
35221150
662672850
72853231
363393567
309679414
437618823
333357817
794305398
9054296
490271831
296645902
274887037
241533734
141854024
904553087
228732440
56264291
121920155
470503649
355974381
159372256
658097301
976207748
847640696
662274065
254140536
82596249
150755407
984156714
367120213
815806054
562677499
106461131
308996098
409321644
515706289
372903179
266911491
251220533
28130760
354157995
160479185
241085735
990041234
543645373
803279909
795984188
46921348
412096566
941013403
427202509
43459990
801182818
274102465
738112607
793121678
159186510
950740664
402789224
942916002
202490541
21675667
201959117
234564894
575978326
238288533
530179978
986578241
763441802
657656809
510612142
321404051
707908696
53745191
810299916
601669283
433651221
706309610
960194429
457003306
799341154
980140024
361710557
538006489
420036083
483950790
50454911
19876464
288050515
55927816
494914650
129535691
728208064
335359548
334008933
439945383
492199091
164651724
292711214
78551643
317201495
280716734
931884363
113222489
368603983
267228294
459880206
225648803
125133974
437558785
959134188
774269688
143376425
570894419
233547942
746822057
200268731
549011549
572259687
474005814
709269357
462995470
499081132
499654461
396941432
62667418
552703747
77174955
491854388
903432895
552307026
958161072
744823678
40389958
527053196
509708398
955161784
773395376
206886108
833646340
604815782
556882889
704735321
546763285
43680077
313899803
405777475
360922436
614389720
804956575
273667504
365504295
944334896
375194646
392389480
450275633
468583742
816896844
173538939
257248354
430661509
689030598
796491949
327476189
649183103
380942639
633054121
112301468
534134858
448030480
544676631
593272472
556998330
458826910
144069449
719181952
796516321
602470350
682201458
27174666
90652752
750946060
150506064
369757789
226583789
652472611
629244199
418576735
78270396
803198526
626382232
212702360
105820730
782022187
379299517
593059316
147482260
407636396
814111294
293744004
468398735
439636491
885817103
396538465
46027073
256266226
193961138
739267155
827367074
802158608
898294466
24275465
996336427
162498125
769810793
478516633
7220345
625040722
753196478
468297499
505435123
915936448
607835539
957122272
673721774
207053312
635720768
652721644
262767068
963713262
929471104
544778857
560810545
799942294
811782225
619765857
978487863
795329303
209255351
655563569
438888052
247375635
807038971
20823758
177235593
159549661
773675599
86034229
401782862
908671676
956640101
127774281
797181928
711948629
629162829
113279091
681680758
376409925
444489808
565349334
137995998
711125508
573818355
876562505
488918680
552196710
67595245
968634578
957424020
44157736
30216679
14192482
752937001
300676291
416656305
178250812
312741783
862341136
875439778
386509844
997810083
949584327
79650550
580838486
640075744
162457771
817266154
708444262
90245185
928859306
95984204
905610917
695648029
731703216
480353010
362931799
773145693
450949404
537392559
775285977
823400652
347902287
969228340
212866946
337049238
2833948
976351558
758863494
410860574
104074954
248346506
926263823
914609727
24635960
862098541
551450821
27908035
792076822
617434888
295394990
274482944
70898807
385156424
567696974
422456996
399189795
851144135
123834913
103437188
77767156
753283429
357665535
209267247
961154922
970058547
117142881
778324595
603391519
160968478
986885791
918142878
852120934
612942900
53229880
723332027
955967731
767159111
852296653
503223051
935579867
533131031
529374794
682510915
260425353
312180488
176929489
320048693
172472638
257012862
31737409
549119250
660012010
635766500
229527943
829780450
346811442
807797218
949664778
567817579
243425185
553507509
511036921
193376448
829128740
313707839
847904263
664318611
971275058
892455507
491563270
585493385
559009524
5261166
585878174
518737205
693375323
803863376
534142593
884196327
728372734
799120350
210698195
451291065
11984407
184336531
733034733
990049044
92121216
729668877
429548974
902555871
166578142
700303949
185617263
506722130
904026999
545190419
223374361
599598006
746693772
32578773
418481727
311266625
153297658
115951430
544086611
515698722
34086974
274935479
348666543
676495988
47153302
906636676
330890753
547273825
156831883
222447361
230057061
125656664
795950165
850889972
45972019
133708045
552237131
686580134
871330705
814402667
485633362
830203647
113166746
481816909
942711984
71011782
246579565
327086761
884222386
476432962
6270858
777064721
869143337
355587646
257190742
282746061
212087017
566278750
107476682
418405974
138192737
411570755
80211666
896940870
171351870
962060591
292837331
323391052
946555391
892355012
338254332
909238457
372605911
664732287
401556486
917234606
402020516
655607914
99978233
2539652
755136076
86821662
80581860
181154124
310795028
923834465
989361871
955473353
183097419
512629309
324570744
653206140
342086123
399925418
137749920
203872185
135195791
55099711
586967817
177020839
505838873
499690921
392291977
691635796
277293823
51514638
580092308
639541024
442387507
864223057
320937244
221605888
614173079
360742449
338539313
574654714
238357368
217708658
618325972
485096804
542442334
470627809
468029073
857839483
327641637
962851193
286807968
506909008
969615961
553774938
48051304
349653583
254519008
100260055
708109512
439576024
457586821
977507466
783000215
735832365
420428527
283659097
698888850
285637274
55084068
143268304
583381011
836288617
43507422
985182475
543890116
521423945
515102712
442633743
556500989
285272664
971814996
343885188
270304953
65636632
221807781
231846401
468208321
792423691
917798123
509246710
664792734
903722711
778035618
103360796
786420593
163401772
746369542
77354664
772952037
359403501
200932870
164614756
706330044
465907618
129892820
296144374
551541868
901136163
294758627
396944155
117596620
948499853
298078138
751772699
816263526
8029008
111130886
754461563
841061516
813931285
879501008
208178396
472870928
674953747
39419686
575208799
283441406
195789675
572875414
434251086
491762355
355901871
238656198
241185038
632963210
958963148
972819813
430088546
497268437
427423475
638869881
723235501
751122729
853707300
620885311
719204288
987095889
10451213
421867744
603772503
331076822
26006355
367379899
460121240
950012779
395225184
278831806
277016039
908834530
83927680
269260439
611042160
833919481
21881634
547692724
400197814
754144499
391924849
361629226
861580638
671182590
552021039
203246042
166278141
544763469
425838429
388668695
578743206
263023854
293867106
971118848
251689898
160189323
553234393
394813343
716413237
611593540
403322826
771463959
416630605
658025049
777036520
316483687
49203777
676191203
151783458
208189021
230925138
848738437
474968794
743950757
880310571
288611212
336478458
557920347
314934533
546309554
279070714
734700685
970772304
904252349
759099354
919050713
109068284
949634079
254968079
681818855
182018396
174470341
514012449
606875724
404108056
657683879
951562296
518790785
968258333
721860261
101677269
913943653
975933607
632647462
842405792
74722772
628311360
693445003
4441898
546969892
444303423
226096834
383807810
194100214
214000936
986581829
615690317
6313461
597614455
111953916
187809037
168229193
963564179
323735195
835128576
560707883
217275380
248788247
576153355
560501071
772184765
999152630
668654421
716907371
363989960
950056036
98800654
387974093
493138093
387027191
121774233
570821036
426931806
884702950
267059107
244323937
243824867
212295670
203122363
308426534
69071637
658033116
8599744
668652034
118721908
183029821
607917790
432440745
473444254
40590397
193471267
850602862
294581684
505564928
683676848
971057828
557720231
237298281
270197141
500287241
279170244
747122364
257124382
302435694
140959441
804200401
641329037
459518722
119476252
234070207
900566466
421893851
201414362
523840835
561711623
211070411
786257374
695986474
867201865
344442925
786297644
126093108
35982019
413887222
699666676
159479077
891790288
936537464
691229407
213360796
127983820
550262702
975981018
782841543
316718645
241085155
859956835
323515848
773738907
514402123
600604094
453606154
814703955
515551725
71456776
751303349
602846503
438369845
635859644
208209216
213940483
97164653
955374399
187076400
373219068
82878099
951761984
140067990
863812695
656692446
923447960
800963445
753035742
631692706
429022424
204907625
283351230
412646042
457591593
32838565
283953016
564263446
340961463
829712512
774683487
613800280
282731423
441536143
490619651
891897799
385979511
549861081
96475979
2287932
286370606
774410819
292053441
346313886
358278499
268471336
911125988
901299609
842085282
900698284
959959575
370065709
94739199
333500421
743804716
555657424
829626252
530962358
133082611
966340896
16853141
479902898
25954421
84792847
754765023
463937571
289466082
976589142
8933476
256967385
567390447
42062064
949701498
113353331
351156697
381180978
416712851
227589283
44248790
596878277
291722297
651694876
681601300
186671952
185629771
6295124
282846991
360268843
372194856
875621712
911991933
323342149
311877529
638291993
691504050
984707058
960562281
625686275
907206983
477053537
842254576
360555646
802989344
855685179
277744231
737069901
250364968
320696185
931383961
65183233
390706268
140274274
757606265
476323014
649351507
242318933
861223571
83714916
383004990
345434016
42974301
749497146
389764376
508047042
422117262
660368303
745395488
814523352
702524009
408565983
583584386
376197850
566092413
898359722
747589163
788788362
397336556
459920940
932840197
537448935
329273412
798991936
248870960
565306666
691413680
127600713
156179872
922823177
534771703
532199364
125219564
98260075
848472379
685042317
163275281
389230969
389696024
353283110
114035201
483425830
476654751
260940173
467803225
787905879
233961039
647486903
676951336
577672922
385713187
510461851
37142431
373204654
282676890
101491556
184423655
872693045
286090165
399996208
7362178
373043796
111876727
835903830
551924302
598862096
283089903
326810817
655546620
993419539
292409101
998182005
145120628
244736910
180482590
937181351
671478720
967388345
485291804
948175609
847907008
156483
31470047
855435565
202078800
121016531
880140923
821858575
269837533
396288384
790793406
218870501
423975459
906172338
160534372
800756042
261581943
651767167
256764182
348262435
289874781
476698250
501596884
781830781
323571324
922697346
584040812
947142469
921010873
618818809
471826824
532337149
249524350
361197644
890337101
505636085
482548225
603713473
414425066
21412224
329131919
686481840
901394187
888477062
860544835
458566576
45692551
265547897
396474233
788133298
409532820
411141040
794240126
949568470
791309523
791510904
572395958
106667099
821762182
714556650
974022453
417391876
286185835
691665028
8582031
570348849
86117122
16003527
957736755
932746497
883883853
278038891
281663487
664928
741608796
130425442
236265130
456669017
536521610
831362037
430659680
354568516
240160860
213875980
686559040
865689550
547853514
23151564
259349666
981414433
884448072
540244633
513437285
731191434
838798419
469933041
276803111
761812081
149684489
446156278
769205408
704603885
82490768
475830998
965949424
411209875
347566278
295221634
419560177
684265199
266171865
960534560
224061554
623353137
718108585
238656149
10050986
512162448
656057589
619133292
38231927
961914615
23579063
579603995
432314902
243088858
286586793
365143937
484070478
66385967
599818922
963571357
424890896
685749437
413033038
216646771
777513611
342363237
9571388
444048184
332420293
642632963
339798289
139008570
861297333
671237543
453839798
630429538
119538449
402463971
698336218
256269156
543701591
776312458
204311382
141812172
122438853
40773323
770752294
148070996
55159280
984582815
868707710
114243676
44374400
564526133
763353294
393592842
795046645
247631879
521767935
895959059
373809907
845568501
424810498
187752394
868883705
974710195
518545872
188419787
506451567
832592527
466492161
335729973
591486800
996373999
225400375
597400315
201253180
386209183
307363964
989969629
142893857
960395711
666985067
852410261
83805861
746603758
356694675
677029568
598180219
38862645
283696214
428242862
911533493
970777598
86339751
352266861
146640508
100582054
921534866
555521414
607639130
607809833
107959507
886926246
142963821
265962612
777444699
822916433
468485621
266846086
575143129
313732720
192930231
474492420
957947020
805202207
186797417
274356935
170858373
59295696
375811571
597895942
398470141
903509447
56929142
197348373
326409939
693585312
224511164
202487138
75481867
212220919
831264189
891252239
622751427
292750581
825294265
867588220
888272667
582591462
177913189
655685517
913303091
245343235
811670913
474453779
788049862
684252802
412352806
885876948
794770218
8174715
100024593
19814281
235602730
363426521
861605905
573619011
701062496
187407949
330510637
640765649
786517561
618379447
597271479
380532444
535018187
632173787
497895288
678236179
557664576
922694035
750040246
638615028
56816959
120151437
696837029
373057290
570101702
565487983
624626234
998698760
724440442
599266881
213453290
945997373
390451203
37122291
16293967
990268749
998803388
269482758
348963454
347112172
608560248
48826424
833551736
788883756
94786339
998298527
701221520
167609393
237721965
127043861
941516348
672994255
13945427
39141731
505253650
833098669
69057299
800298794
857064118
9296999
47476521
301960202
362533695
381843786
596811106
895153944
695441828
368062743
806726327
967723180
446382930
60813207
895950248
508021063
352155474
452425017
494318721
364218043
51059681
341662610
541463966
770041343
72224423
929010274
122485522
513069284
583409809
245642534
225988694
267782233
141281499
567868906
799835639
259037010
717547085
249205024
90064760
346216807
678165657
517064725
92367007
633181321
557425487
538451841
976467022
718759124
710630529
440865148
958951434
163854682
671722448
286386372
140490441
46958109
837246322
392517442
839688530
230052896
688779577
967564617
232149218
482549645
940315375
694471369
243765952
299100057
126736453
832678127
428747546
592611852
555102824
224001546
369893482
47778242
602342791
202545050
137700424
983285686
593527734
623785024
490311526
679945686
276242035
917591177
288020948
394809785
329876973
741604808
572164806
255763424
941103873
956621260
990769107
652066021
540882090
442849767
292763729
765169909
392500157
102134856
63721598
561247388
622652592
165889120
307044465
160750611
825582757
381841253
168516995
143775421
308722381
519962790
949598831
676649184
284368653
204786654
332035289
611608226
452842811
696109461
818411021
626079617
157075696
714879003
305920805
870560252
361538341
124098246
762629522
748105911
72011172
950615969
504029957
292781721
411916452
43830232
291530640
408468685
369383962
354044294
48898158
968696740
768204567
96475121
519201475
320882706
145043161
744915839
159065189
424083552
930696637
504486910
191980274
526973608
305273761
88061307
699804670
147913651
764347004
635062035
193441554
929251222
912186059
243137043
558691864
551099287
55345568
306952355
865359227
393295980
905344288
508793123
168085103
225969408
787569654
171427211
907985115
715182651
681476054
410668006
506083032
487179195
179557247
379771481
511840435
450557650
338097799
206159457
518175364
278050593
339621780
782279284
108112577
675891586
298114950
107085498
505940556
943636904
548962546
177154413
940482548
271069655
829714464
758146393
609138062
561621672
615700011
760387622
359332717
960577987
13225639
521059651
667251059
321166397
796304294
472647995
564277672
180759397
965979395
796013415
349286303
784806875
89274114
740560351
996454566
282061693
817313934
471914779
774860839
260965687
203347246
436837990
440817402
663457345
262213408
664423748
885071353
316399501
828218111
391759715
961537765
141402876
483553928
130726947
533354697
731389527
775793009
611068228
107310022
91669847
642186673
630768891
8959818
96681547
159486470
39429727
870947840
683341511
284409254
599301957
18878913
19998957
757051381
426930097
130630730
911345292
496948335
385376370
577627403
402089318
343774372
184745739
787167348
539150975
248928902
818028050
798105993
453698582
222951736
372183119
210987272
672076300
15225778
596672834
635825299
552549496
416329446
346966954
641780789
969940168
353878246
43793168
173946957
367020889
206098848
36653294
432026833
353229913
271438422
765336028
35404939
238372960
133663043
336926890
966484591
222567860
894662724
275515361
623965066
690947286
393230953
177375912
822419641
724278659
478932730
527197032
633795210
417495978
696616516
470049711
897357899
225667778
809496244
527350678
57722774
726107341
779907935
55651487
628720553
827633603
36356662
536354262
325732459
651676834
395461832
83029523
289800308
215801175
488374103
678088549
987833979
741316308
985436252
647181922
362771952
18905377
284954846
825956547
14040950
801764148
849413858
266265356
79430020
822506848
304989887
831078340
474852595
202756754
196694799
586763528
603240825
935388057
732733787
252412252
107581771
142815984
952407149
446838288
532212349
298215060
19577347
279003968
816950952
444943242
665548628
173337407
304549182
675340457
124197883
377935479
979157534
647026305
832808804
890078818
796054043
205293014
7291772
190837293
566213507
510439455
716031168
727876090
919584760
906265829
491969964
535286354
101594812
32124411
394194832
807677762
299649445
332949525
419646486
252812244
191285379
483345887
640424506
895333966
105993727
479956639
437155582
411657468
10036607
304021845
770294620
113126727
816165550
801891883
346485545
806252817
513867605
40039432
501483328
277774718
292202791
819125083
952457270
886503912
112252585
408915538
358200080
190962328
908966103
468390202
652805422
620409925
998593067
907142948
105285430
741816149
251200114
785210028
718105558
158731013
58958374
46636327
267304722
502808524
693471259
239466326
907426823
52933991
981072358
268061650
82856912
36129923
955234125
239693868
484627443
716572066
22934324
79054489
928884113
605409544
673757097
68149685
565960081
965494797
122199637
842481730
619282308
32860643
245796934
796142731
706056010
986685881
423930641
198024011
785423249
257568046
253278047
999626238
669845478
6589368
975938001
230385553
975865365
236743984
127770504
800445642
880333868
838464525
498993055
827990097
79271743
976296799
539020369
528819313
732356762
19556048
174258428
977480074
546357525
697760399
38707484
38541632
180021247
45839860
329547198
711065008
150350912
610076661
357066382
569224389
91946689
235749467
124315031
933410456
191946635
875397348
227128723
906751451
475806447
120735843
738594690
161793238
844800522
286705612
927589350
155263856
878772971
419842292
316437251
535232215
768206849
839167040
120940635
850038819
837840252
868992816
89020994
39861416
345874295
905431659
146761376
723850724
36897125
963152043
187437874
388505427
792518804
981229383
748228994
775583922
518543820
716444180
493730080
895705492
275237389
260131870
383241164
122640638
56819096
239740073
16904781
427506410
851734035
244607915
535521377
276580115
676407509
880580505
723574852
167532857
480678932
823492902
413159196
865857157
231445321
818126333
990200202
839434994
987004485
861812780
182960237
166635208
466942667
486771546
15056460
809145214
636094589
811433221
121870991
175119023
531719649
53114665
142026485
749435150
508287099
187893812
546181639
731147207
160537192
740343558
161568881
114105364
39418767
376632238
623604105
611937821
131649280
247876873
55476015
90793781
578714552
555359578
737877867
256294887
77496028
437183487
322974227
825877448
382482326
870422766
174082990
855830304
532040990
693616585
228421358
898275257
417093272
509092678
744739863
907704078
6155987
688021333
30498361
537736361
709179217
462165241
888519123
16814720
654358808
126711198
734406548
269768181
892967594
522915182
836169370
847947834
185817610
295478753
88809794
196382315
255616246
601156351
387160585
62773731
31473648
960863854
737979122
436079596
392508448
998232189
789242025
777488779
509121922
920466578
184993805
277232101
658796305
81759801
939123071
94622204
621907296
577752001
610662249
980439708
777333474
823477456
400325031
816468640
946836334
202343166
832655726
354727035
778409316
305431580
457464389
728111293
673063830
492182936
968490319
189503069
149803204
534997689
447044312
565050818
980951361
729472345
175642850
769370113
844104776
247895745
381134637
20242918
475045275
96903946
76797623
143040313
289358067
358470305
792113877
656983263
234889317
713651124
280105037
881905600
355941209
259714705
941393748
639494028
465685832
186474011
916337110
568298936
172654803
610571223
296158174
752845914
373336061
505643690
621759568
889265464
498010316
901901954
921927452
882031834
562364829
581470304
464207773
493431628
627580361
988758388
265426791
37211281
19970235
159158454
94794986
806220993
103671884
858325513
322698264
843525287
197389094
295225010
681832768
995288809
993445636
783395232
586703271
202290514
294843620
981229253
47932412
777188603
364626396
463328608
179789820
328153694
213995631
44055918
151676591
737702773
316098585
200402169
276983512
129357553
234560098
754677780
512925235
10685865
33090640
473835636
256253006
827347714
251541477
219618071
158913322
750365708
281450532
638426574
12574127
140436960
982266185
964612477
765980989
457597824
916270324
112363798
726063729
393348423
715653547
679145566
822821813
49505124
535952250
61088742
292058434
430206237
918039373
453967627
718490949
386599675
843095488
112783466
503468148
881003382
802363038
16349735
202480036
350385552
111825720
853520784
467395533
485883299
620277674
306999029
114416692
892473969
809193925
679202495
433084453
303484137
938956918
50374136
347011336
678770955
450507178
421752941
618074166
14857394
389899090
444893283
615844329
713161232
602471415
989353884
197954518
467237792
639720116
620075147
190733757
692210692
650922883
175671550
104901192
366642529
799293524
885052923
950562272
662062113
673008898
719739814
290859288
369824206
462760377
332316760
495710891
384966808
474789196
769858060
830348804
778675732
735196894
180564304
578159086
745679394
201048082
579148087
383218842
310034382
641346050
372555823
940768422
809174027
123193168
532699846
756875584
387632875
941368333
273312099
731504944
663768603
519162231
628347926
62020968
156925543
978384940
629507852
644768255
585044065
348870757
624868563
409328032
325818398
774971331
765188799
350152349
530464041
717764967
630241583
903051214
578551782
191940833
599382980
704441190
487665655
961601142
97684805
963224836
126233831
216822388
621252230
829725865
753660984
873279373
536125071
345764920
149625597
429723790
305707389
259451432
628547139
873377583
341408491
337840286
12659106
792338123
77711528
685591535
120619860
341492008
407067628
181906727
732248492
907961695
737495484
154605551
965298835
773086701
100250551
865700088
656137585
97350081
774061062
486467425
941829343
101472183
646482528
433594130
551511667
925408516
789240084
46786648
101074696
411398247
742312828
851485437
953402782
572846568
183922346
744727526
695373691
806357584
302117352
642424182
8934357
594520399
597904409
32721551
397026555
31239959
16179484
762930588
191569598
371871488
783403761
156405185
583155594
422373570
836417617
792748612
748494087
176165951
896770431
392336207
879342600
639446684
874195089
316394712
751496491
7961201
811577702
947994815
78101508
453210131
283327690
895602657
293742784
726471170
905873687
798377199
824562644
141063870
69904406
532412106
650575987
980359324
325362410
721343420
651612038
330766354
919275617
715389553
296839537
676981328
808565774
19536348
811472149
797648754
947962433
952921536
62947039
923846213
95029353
521915144
549057295
209193612
430702413
190130522
861266192
888621321
234010361
752271678
680937567
260136062
503849375
732493375
210171434
867920095
84585575
190007835
535991314
113145018
705104857
597118949
406266503
60895056
856342025
722773450
395086988
268347214
687445582
791851036
836904828
151575887
8635571
113917227
378291991
781687353
301020185
12802435
175512476
628555179
871533305
13072871
476769155
381468756
864774951
878214711
295699860
572259713
775213138
681813990
661331285
947019414
963834300
728960011
925815354
999202238
722168963
499001801
750338033
497718469
922840866
980206254
114454672
215454682
986548978
779285280
153423725
229596182
884069017
97750486
560424944
845797742
546404152
733635737
609294315
153798737
145001586
739639477
647321939
842970681
325715588
914013912
475311044
611674511
805544560
282235526
613533548
883071700
504938825
569000627
643335992
730088908
956415578
218753131
926397528
911682801
769246152
252128363
994046128
189036635
645069524
529976836
975841057
928385464
570828432
516240313
693458931
919202701
452967191
22785307
307606326
320893226
4492682
836726937
170097173
709373138
702626619
23376969
198861014
771526800
330049278
683680141
430758303
404778459
710359028
944613086
659189577
925387611
476895786
7479473
752647145
982462912
872325378
50521432
789502108
306715512
137154062
562402717
810711695
747127044
430175119
301089823
896450433
420035312
872307388
512554618
942729303
276549065
755136678
887528374
305153560
170536381
131418637
233643446
783142076
965687920
578350113
619076899
742345792
390093749
305421628
315209076
310818874
757778643
263801841
106496772
483647618
470975419
669017083
43788968
9156940
168481807
489297585
614027355
282060124
593091181
871251458
379921601
240912070
732411142
851054432
46333986
800426132
576519432
540882631
143030771
915835098
300055726
465825929
340041817
842446394
894804006
989891791
729475767
885553228
208452120
806942543
247492309
805514810
174123319
703914810
29860800
59281381
691907763
388648683
294017868
753997508
730787346
688482949
717063680
547767725
498632914
891230988
66618980
835011782
601518916
291232042
534360184
548230292
537075025
703729713
99235948
922008622
466397383
91400414
310611437
629495102
48653084
976106357
441901970
731140869
384539836
884874092
655776010
687907593
798645921
120336384
569020710
502346159
642984010
332256862
203802490
915971389
669151737
596121433
42287835
355510659
800477797
412091272
107358963
802014336
583596185
502342736
247127965
303297850
397285284
384234385
527040345
768971742
545557040
462297717
666605198
720325690
943502951
85272991
920707872
452567662
136382740
217452190
834329949
811290808
437138430
573088037
567686825
223909190
893009407
319867058
29594060
223350307
886973607
387397935
770209117
871037353
333209769
771763706
246994196
240539444
491030444
951438288
446739734
96826379
21524341
923156309
82957712
415045605
844934486
321905025
658969277
782855005
969362030
606769555
263317375
836085420
591120588
691098483
287004527
731333165
751087207
274226203
15778127
830114701
512683861
33502668
635793181
296927357
558116771
939429258
488458883
223225065
137822805
107032311
443979886
942661187
144922447
528927953
274459599
480043250
148671291
138821662
281719845
307096284
158686687
113478606
205570973
604429541
19434283
581908634
339238680
202287475
912180647
305361798
758698074
28870345
892621518
250931657
776549621
71166691
299700189
641610733
260690154
40007570
309873894
944543293
393307561
558861540
683982577
749456636
921168500
977750839
429715778
759796402
994793815
112039885
536262318
743699513
344024214
85688
951669173
830456463
704599665
999987667
389824674
944528007
919236300
241199934
847068889
288007945
377316256
613762778
900668826
245830976
609759658
805624664
923507840
648810109
660130609
511081897
926568167
570706795
178203846
470296509
736231404
873364362
273740512
847093463
928621687
259089875
653007097
519279377
363600100
908557899
433883633
111778616
221844084
865880104
849619591
860501073
89966013
617519521
201034609
594441255
699706863
184987656
628801261
425787820
842190967
527498418
894246866
762972730
264665791
996938657
274367982
371211881
765608096
668820322
761748288
822515038
420276841
77084670
607420052
34222201
133989737
744795386
697923924
590279646
264872673
240862724
702600882
392349181
317246465
806973131
621300447
789958332
507670939
800092862
462651827
196569172
951301784
485286527
105786377
579401628
575143718
172731493
495067213
689668922
306263340
208883916
151537798
56530951
95910371
225646998
667435321
176109917
872458692
664890390
572266906
337734172
736384491
189679457
628247327
136819923
318051462
369339429
719845461
519732458
248044011
424254855
88733257
78877601
337878762
576475349
122032528
281504004
890362758
574165571
337621000
847331847
47015719
683098940
222811845
316984885
472926550
668752799
858707196
585876341
505986575
940185240
470491621
64298233
325373983
317540179
211144826
374301581
375467051
144032479
950418928
262307019
281225639
759073248
852543098
56068005
149581987
442365740
418656900
377584114
917021373
915002080
63446258
399140612
271580584
688696049
284586985
150903033
40445026
838355685
599112354
396871114
823218899
896952453
782116669
609562640
164788201
885020966
360596229
763072251
982546746
586531288
175353179
206993349
712039918
776985376
546734451
119614305
467641237
471870599
778135141
685267295
552493086
358873835
261911627
846200809
126233447
556111886
920041693
214048480
300052821
774081055
255808110
56351844
636155439
480664520
277827473
768655412
58080660
603556053
274028998
76224197
748034145
538073830
931809948
80634626
839653488
475315417
876319215
125399718
516556380
418912516
597594288
67269583
872335674
781771249
279952975
109168027
539088771
274438629
531032529
124810487
711174400
790411840
187176534
118416280
282109111
669774678
499441253
349562113
693245271
475897984
135937979
699183341
163001621
832248360
36395353
815189595
700515498
87821368
738380582
515158913
846869609
263529694
589085303
691236163
17882630
265324759
260490604
276526777
57996560
74250572
362217317
360936719
632644223
916710555
875103564
989768307
638307249
93328568
34199993
647034053
681680933
266001930
575740486
385184663
347825865
712812349
813138666
146528872
230304930
157503348
269601636
49416182
809965021
608297462
237223247
594749472
531572650
703919315
65678343
548379179
158218845
352901888
672534476
822467571
827182035
834266286
913683566
74598100
325175505
945400604
405555643
354606721
810409110
366486260
153074786
107003159
85745881
283661875
406018990
459319981
476385184
210201258
215964017
15995979
772643035
372439783
840769880
643515399
243751051
135249119
521204497
972559002
713846490
482006162
250038579
685062628
467031063
203585926
932781029
966124255
209895554
636722044
477021388
328247176
465345982
110647600
522822330
69682636
511966925
98774042
644304693
656631589
122280926
385492619
955808726
813816142
749130561
889771255
548445025
654685999
808324499
459382855
757017469
29200540
285917066
23609638
283969828
590361915
651062075
611786975
31741375
431178654
331197747
754958458
39007988
268805629
621770991
698247158
699421095
274559521
237498732
334186743
138049026
49726465
570980703
463995353
689268465
818459952
69307984
520662432
843473678
590583199
665683820
736240395
661437303
95713775
194860770
764962361
691584270
71773179
411921577
198681486
925050781
342023299
684137087
392997550
690806213
160509050
520302661
6312604
587297521
186475569
341810452
230317316
246966781
382853037
427817669
992844203
330887648
348797571
23435230
194084296
202986919
97822473
245268393
213007933
119165271
617034290
812361207
265778690
157487842
883724472
329701321
353872782
551548547
975219561
874772633
200635959
444965116
574613417
939623353
513055627
168713900
607265553
974426953
523689370
274104331
7064348
411815739
792216604
276060022
147069154
297597120
115443136
957680038
542268007
791082144
52288484
561843041
280827235
486478281
381117375
562306262
379469522
320366834
250025199
925906581
111200477
384792678
500910774
371135357
864271363
18754731
226932863
771276151
162090297
414498808
299376538
226660045
734405830
884497851
769800545
744420901
141347855
459094439
176155193
152415537
723359242
551891805
215344794
686469982
933664077
78130712
947200896
339800221
604652204
794731091
418642539
553938872
972844421
813806307
965701438
105146436
815176528
978565490
119672739
861311295
997818161
241989503
39218353
664957215
507845088
16463015
110960985
17914451
306317896
664727740
376237860
119445880
736439416
978887474
96760038
131055602
660574392
479035725
950628866
41540047
712433056
299981185
29422363
811233857
310422736
54865141
216614075
974200404
546198090
872780772
35264955
662855233
904814669
856366008
364188927
348413919
718810339
178854582
196413176
365612226
335990061
567705178
370802166
709169076
537946300
779796289
385071508
721831257
56244424
737847591
161772334
131947625
834134872
758435434
734882694
351755050
463845187
816998757
532043786
421239248
315861103
422278636
992151025
562300053
661923338
647167980
414931142
609464339
478328167
54389608
181389843
240332913
349707433
947358470
882739057
198732730
140946628
241626764
31884831
804458386
32559929
226483128
90495581
885526882
776261952
227681659
341685372
164227566
431950136
799739520
628174661
842291993
369202679
147069999
580420913
603517060
801886180
823648072
127282362
231920635
235864785
123073506
383195522
540208265
36658180
647990856
502280635
460086013
839914824
281397054
292922234
429174983
337573224
247449542
839016679
803652374
506410533
228104617
759980037
81057140
753853002
861551919
667053689
846570467
954567200
928615627
547710979
653071358
227077837
23806879
744804665
48866085
918855155
742461815
271254491
413745708
718258741
448684429
195679090
888523201
188325347
740081658
851840112
234630784
737646242
160414040
567463384
191535287
622980613
210761143
748200125
111718915
787894079
640777581
710169289
679609174
547237229
888000493
97401476
131539632
924915701
701487484
749781337
627387865
750569967
921790053
631479999
237322622
685284807
663532529
11922556
975340891
955131570
827224665
481448420
211536170
136375268
712416457
135281896
237356073
712844444
223396407
63092275
814313938
227778341
230212412
892675152
228351463
151482172
582190823
674132840
380773785
754608383
938913608
137813410
319121192
303449931
35206916
158843938
660013070
686762885
358184423
337746729
656721594
610639306
90016361
680019854
168401971
516831349
540904408
112634564
826646291
666304033
628433823
130220385
119335489
865980718
534193878
946355276
453292672
162283572
557266683
495755627
693172539
201708175
412672433
425594804
588959140
605703079
919883117
897994662
185722762
608571045
564549295
226151115
725253674
80316299
717249009
464566058
59184839
346879400
851923458
3534348
912286908
834874009
398506996
231359915
263177214
818913461
300175733
443624927
285642126
35791566
348083093
196880107
14096771
815029719
300240756
74313442
714561712
517834930
724919287
965704525
391487358
381192390
858659662
439542868
798096126
902009816
830111328
155668771
856763913
387929957
976461870
45082093
731718168
859878225
183944632
955045381
165048883
573940659
983078840
413736770
683284795
319009013
915446135
175504434
889698850
739558834
703213796
635014602
814050929
476973393
90968576
940741005
874329625
425795453
859001128
885838006
953712662
478950830
16782295
333129758
493216799
290641898
917322519
985554057
221249514
86654930
974367460
933436865
394061981
311370534
610578581
635033365
32350721
390356173
441160393
130718977
907197232
250811462
682363464
100952757
252999571
18039743
880432410
985044026
36716292
770749363
8524864
381076634
955878642
4696708
991395027
894330961
980694348
992250061
392411457
178715957
936213880
179470617
924118336
125691065
350979882
689325954
598691455
73595339
750793452
667713755
86866301
311708143
209304546
985127844
601318389
696900112
734018128
375929189
719512154
122477462
214347249
355406089
39941936
669971870
398154016
370500309
392972684
898450113
989709745
895140144
407977104
846915710
803288447
705110134
809949942
232742019
233595803
278928332
880573397
590538991
16726404
985192703
482574746
65031536
500544758
567975266
153057284
52712011
199729004
900233181
287669084
419995011
744757191
220028557
100306889
723733572
132806932
694917907
952016181
252081256
425183313
593978355
235053654
986544768
371155420
92703743
482797140
77733761
582569308
369843132
829182911
985867590
978836796
686850380
282863303
414283087
616976398
670376718
92110688
791001050
303838758
46838443
409061950
262658569
468675548
883030199
591480261
234706719
589981793
781674950
115492610
744115108
934773327
265066296
198535790
579725816
681763478
404922389
452775943
483032899
186461509
229885207
315548844
777222485
959187740
141475681
312874099
975840061
610221079
262981108
338203193
582553805
536979146
60005867
907266360
848606681
699912821
491310110
173060830
549777190
307421189
597342316
817917452
733086338
542608905
870377180
321700903
778996365
457744778
668313391
377666491
320347411
776787862
390588508
799553735
975052530
807091651
255810396
236074675
366128483
680215829
612453103
907429683
31421880
584631944
36463651
297754996
659190978
942447114
495406489
277833377
696716643
425938332
635281698
390360348
314542720
419626432
538483970
80011701
70006410
337211816
312806667
978053
84725142
541782151
150054847
805612494
936082480
507672311
307448372
462936881
808084653
690641240
12553958
576047798
357357278
43084778
35578350
912174531
999125616
537489417
258607519
996020461
34140858
801283261
458001347
67762105
172857059
369257271
419925628
855986078
428198134
652549782
839885724
846762803
607378781
566939802
831268090
383894758
345289469
190904527
6657327
917313927
228989961
349191958
257293811
560784950
172655745
292471701
699975697
490004551
1558027
368625506
692935615
183176323
896218295
711442715
440593296
668253551
92087416
47812970
572838761
265577351
540807212
343790683
493325961
602212009
890819514
183106372
737192860
21297925
504775143
481165809
795419685
452132511
308912470
766416048
620046028
392303678
258286921
880237233
229604068
854658631
171257668
749798311
274170541
784949157
59811770
691719592
534731803
6778906
332979630
141479770
112941119
483132912
964634236
655347588
98246222
220199498
350920033
753455736
562535711
494460055
70547379
358534767
244141849
381774700
323889926
438662691
798077572
346760177
67900306
282783477
569948679
414127164
950711948
320363761
560893496
788336691
711348785
376608832
222404522
423024070
668864106
571922283
741704609
905467200
235791425
933885194
781128602
385143427
433230260
378154891
650456193
622141350
996196332
494971862
958846183
276199839
528841223
90316516
267612189
557230245
586439233
245071440
672460086
303426911
119120060
245496817
489511445
482090959
533766387
966304963
104965676
92932497
556912418
512771923
300420115
384299473
846972515
350897734
354918399
80270630
490485193
555571818
107664641
470256213
351877497
234313082
716389113
190583609
240944411
158312632
130789975
552066744
644125403
679897988
889763637
959121622
142503438
709103334
786383146
529768063
668493228
245559529
149555626
20906563
157620087
324258452
515411519
391956325
655887350
978468196
359715948
890837840
578784539
632922411
812941531
361965392
810989269
24520137
36956333
875692704
233710943
785508476
279597871
825717757
312104752
409292177
787596850
300229447
899699762
587121626
918713554
908695528
322105360
210640385
855783529
504910417
427497216
231618019
231709742
287695290
202234837
236522438
511173634
75447522
51977659
354797974
538684724
671222315
16206976
431984427
545918066
171914515
96362423
680770114
190628591
663155379
254162668
923858237
512097549
785324319
637246232
606301639
770799784
334942983
44854686
794435283
239269123
221138547
681257804
948216663
799254063
460624352
596066347
138634775
223188583
970234913
976137764
628515315
751981572
83101657
269429290
102833346
663499982
739681572
534699962
744270301
947146650
224469268
525626711
572228251
676030908
268849180
851279147
584615802
89134152
815362510
796395854
749785760
175422936
710159383
536878948
741494709
214655158
150996866
874373551
636605974
399455963
821048905
622977197
568661923
249781685
815938641
858598275
143174608
764348840
860885765
531189984
946687564
662837042
911408287
415197692
816603289
257564918
227611963
903426850
576652122
390238053
984228002
241365856
680246286
691199129
45447841
813663988
599265330
817330326
827063509
367926734
932595917
71765031
421590657
647764840
611206802
975596435
250536160
634230899
276437480
921935395
675578518
135297448
914419139
830936689
204171841
850855837
348789942
749032949
722687899
712723417
584785834
133773799
698401052
880613606
990196223
589954218
597640237
415080396
11449714
973484353
186856501
506191464
914076599
792695308
524988276
686786554
311250875
631324255
839112170
586545710
253928917
408567701
571317795
507979752
220543935
607262694
224331100
844424370
413263092
545690167
115619983
68019532
583777405
991281181
12942666
463806239
349011205
335512594
167645636
968600654
760811208
801952160
989531357
423258622
809307887
748420033
649743987
303781332
572236647
519777850
997818449
484658822
686148717
818874771
513231090
338187132
595761806
845356321
308291004
281152723
619473496
400476606
445637386
325618725
232646903
381657590
457410509
798551748
405449080
154899624
230100130
537518244
575939069
265240318
641276736
52832531
519424180
1937225
591485985
821313149
567737577
443468342
332590580
590466275
148797539
993240246
122113784
939265935
123971388
246575948
666213837
573889165
605904568
544009347
106445922
367297159
931756303
833037062
681149988
773811891
137507827
698837430
131252389
733729908
377207819
907510222
729293953
78594882
256196150
675047023
529491189
552027545
549240274
169662371
382783235
937429356
637781002
53327372
648863599
178597270
442804139
957978028
779557357
297923472
125375918
677787468
976290330
156725193
864145280
302289085
779424049
630322114
568046006
167304741
825568276
291646186
126680527
149418169
995578208
174539188
890793339
464519141
757213711
735546378
517913271
191013449
210193139
940195639
252589792
326553575
285078294
95810405
660891444
278080303
748512329
597678301
14087452
45630533
911024562
657555213
430506016
258038510
626665794
136058626
335088140
881173711
208485083
851318637
425359000
768177634
82118156
36671943
814786677
230877822
746952634
38914474
514843956
447280455
870656343
495561788
286988362
980660548
780660644
259286887
15670430
618895168
631270665
698995466
282955387
979839807
927238125
621361380
502927139
673087364
559158754
49631692
818258308
440343362
665724828
52929476
866672244
643221599
62646730
908576795
625015722
511902375
992027533
561472191
972231979
196143531
33583385
743136579
380850602
683643073
467648782
333287023
155438522
493385536
785847381
76556191
732518092
193813748
746132860
947555112
809286084
578643182
877738940
89049448
673274679
981798014
446081396
610525106
730009284
455184760
410053212
235415364
731824113
117126603
607232374
321964416
642272619
192040109
264184627
732435759
844104910
513260799
276574878
645540672
182725392
314190155
150906341
141854187
248438128
683240276
976254250
387572509
688923787
843088184
13010201
728971021
437336044
979344353
328403259
989696182
872005082
570440088
271361590
349982750
443064290
263474410
156932384
298144356
785889075
630195455
653482694
432776627
48293914
352016637
5775135
828308533
217999214
230748630
228628640
514701793
864640714
567343417
329318669
669365440
519567028
630944676
141564601
374055322
736127968
679208640
128714686
915325045
773144050
27854378
160710490
547291604
348764650
779594226
576929147
385963674
195823605
965248332
510222077
163657223
541819164
22429734
46214452
432941146
637438522
13726276
566867671
218821224
841828819
247349551
301398270
750333738
755136632
549012478
790381730
856616467
5773734
699265931
207831744
432134643
335514613
338418767
282059785
773512440
94056330
700406279
592119672
129183517
115422427
570822567
65140864
327295944
76732457
991225432
975844587
778613722
451411572
321862460
444669519
228421882
197143520
797591254
91441561
761031952
200150219
290365782
333161915
321432257
526530622
656918531
830349203
911063013
9757206
202794968
753408077
555433664
115437296
189079502
53103803
745910486
77696943
193512044
331131342
973810398
611335104
900696892
683196355
140009391
195906930
104643208
923494051
290758505
495379277
91502009
734049163
434189519
103420466
667285312
186428803
391027651
35628789
264459676
23683444
837291298
202883387
344737233
449778720
156593077
321709579
342385796
221132341
909476296
675144001
51362801
651039148
207604439
267481601
924358611
906879043
81229508
965054047
428115260
274932839
218330318
102569928
341919904
276141797
44314896
7338381
41215519
692202811
7506427
129323441
787986240
787967265
930189745
818655294
15471532
218180302
940667455
588657659
836747060
694321028
762203414
404041053
101873926
680881140
296772550
147608578
411616254
323245261
118499606
721092504
952244682
729832973
12099903
308751851
790591225
46117136
184666573
803510144
922763459
642587027
567910585
439763883
579369242
954598308
980278872
733964169
483719763
955116429
737938134
522408632
860047016
578100968
894674801
590708213
339848852
927768059
577252941
314355990
349954878
673419566
338907908
318002390
802952651
355551213
617139635
103616078
178975191
135633317
157640413
23626983
309982405
307545406
455252073
841195895
178754833
699889422
656201722
322396801
161279339
679162921
348473042
228620727
269912702
330703997
542381412
368242598
484754942
330728312
423947317
199096250
389129351
873018341
723332714
809123634
151989867
216036541
124323268
385153024
137016114
46633380
332463732
975308536
670407532
697876493
378422387
243637049
584363386
808784839
193998462
431196412
426245066
663504318
70447060
788645201
325302813
505824848
672841190
496610050
807414436
190168057
22514462
988455628
988333841
13271444
251894887
550184884
50003157
310833125
963401506
658287418
599683069
38272679
878344023
338504358
19262820
881606758
982159809
730294665
551161718
609066333
301402449
855400195
475834373
722161371
370377557
16750378
245889185
117652073
485355976
306610961
687433551
466747272
832016758
182904661
878826606
631671561
304760915
54104277
661397784
761406475
203796374
784449385
374727333
777769357
611960682
782412638
756472582
830709698
697624538
971600469
553599499
939331591
113869755
163451069
713121595
779090779
153296939
777553007
796633457
429923014
644362192
661930836
737352463
155130498
659348785
117255285
824535997
664695229
280243298
983562008
73621933
537629561
881736307
244069916
4604441
607796693
106597984
707404303
165928427
319097601
408744786
880974062
896543249
145758297
445028249
770028533
932680949
502594017
502158256
617997778
617987012
82563911
810066354
650628934
597896148
796387910
35249364
45228149
77636815
281799516
612132783
92172378
825638049
631943568
146560558
304662122
4145019
845176973
271229485
380580585
981264278
67338637
97609002
74771987
148127230
234535626
808639833
719225680
941108695
539515497
986263597
163490687
722502668
498505302
966684081
32216543
387169281
890545888
347288648
268040826
224122511
355117337
355023929
552885617
470196666
24285411
798477245
492111711
145634350
230725127
753429056
900256665
277922575
89187632
603246770
553700894
255312984
724596972
866588182
270441085
561464495
239600587
788564190
109223352
401066620
473888194
573832594
80157177
311400462
711134044
717885957
225906838
34111023
372223656
780980224
391258933
216838494
295320891
717574357
22902971
562202923
786066735
226526829
95794679
28778239
223868039
319117492
543286519
628188524
654707421
369339256
774997873
765388578
463325956
294756808
337014731
229900300
301472616
5762249
386432218
118866397
658519258
452066563
752838147
739934538
210726453
417427698
957242300
161255159
139144387
4674128
92303376
549658883
301341283
342199778
687170179
309732922
753983516
313090516
379325635
751012900
76273011
846528787
518138102
460745153
846525474
32057737
96977669
9859497
991501253
368583406
989751579
84162747
861572436
428428268
102456579
850245037
244754157
217226110
630828956
680744474
746109706
189684327
378404168
436059310
673242242
416014540
481423447
306666630
718101989
155409337
785440742
179479129
988158682
697651272
392402949
854444758
513904853
814782185
607617751
831139443
142184079
734442014
674031763
855491704
870450712
524235905
190637335
929575176
601545917
785618403
249586603
587186241
602198367
731702288
247504294
804191882
215306134
824248212
673763174
718182110
464783779
490640860
14164629
249166403
934183048
655068726
270480006
155148350
22112021
355344337
945736704
884075991
644422312
935769287
489693841
657104648
784742227
514810540
355644053
410045970
357848582
979877658
927491093
369357702
44483324
954002976
589224111
213512096
796539420
634756719
635861147
644451267
244844606
66255264
324915802
339187070
292251892
973330356
598474513
736599345
455784660
817017021
557852513
9982990
613810348
85131288
762781656
544929028
525748055
257246489
635860705
122078901
375602435
849318534
464583884
95515636
491545140
117568860
372846921
670649461
686396649
624651107
740124361
271830593
688115418
232130796
181692001
899858269
846326796
452290517
399244846
117561953
682998972
264280547
696671883
777764260
877327754
664395943
786883278
137337993
178630671
659602035
847266417
874136423
553526538
768331738
339328237
581049911
821638160
207957468
381086303
906350192
460190395
742448772
758886385
185610831
600859149
461415912
934149235
697034959
4856239
616597131
914465252
69008893
149856927
788060250
14120334
427438605
886205117
486070045
893109975
428342789
844911122
771327215
527861578
31703123
351418773
506227325
95451374
63589740
690136814
708767880
913174436
874829413
33416924
789635828
185873801
23614995
624680469
759694273
104338784
915064906
502417030
396871160
882286455
48392488
89776836
604976217
541463021
207938869
336895115
658379341
472699943
877011911
37584602
673431071
204729364
408633165
913618162
755745191
416066462
387222138
168299921
325376852
792075483
99351289
43794374
883742537
157389299
993640978
597237654
721517585
241879408
580466214
296752508
249265929
451559595
291435329
645007242
386467876
835233288
708751502
916060250
751082817
967093739
459170613
50207656
58884322
367651613
330179927
597628774
769611250
233612690
571825017
76256152
371023742
221038064
632667064
466089917
743855129
536829024
801796529
948191238
569279652
861799664
275625388
908964196
276345474
666860725
495415146
753624824
524556762
48942857
738006849
707163183
190389945
60816503
404141975
439732286
943150208
443900939
634369453
982278834
109588589
292730335
468126851
782950458
887036026
409477108
330619401
273415327
683582197
561695716
698424202
129692498
409036196
27206602
268592210
977686910
809116327
999753198
418678931
154641676
148893456
72533176
169286778
395602042
101052844
434842366
922397001
203185027
758833648
930912195
382053077
734330927
625163618
64985141
279130829
502834646
460170101
966963315
694555375
457933373
514726401
762025693
958714006
793112140
671693842
880881139
43388340
909703798
75584277
371542325
120544078
163841831
230876559
153129843
96208037
956062686
233850634
342154980
543888587
930985436
565534462
424170983
245674941
42031702
132903686
260203079
211000209
849204087
632560891
713571901
667937966
189791976
171960323
900041340
243351492
781572005
174415562
702477296
431789969
362815163
274765058
962026507
496298831
810955384
939834768
881021801
288367697
99519568
924100480
233573499
32515886
619248429
674245826
42252201
968345189
430202833
864545296
903373213
244438528
793588998
239327135
351392659
128379750
200901710
717742478
650712927
628423708
444125092
329370442
644378848
862320783
968283140
213877159
76687081
976107155
268766191
538060143
317613918
869515408
596587167
32294510
475671527
977305359
621082184
636002061
540102610
910147498
806538359
658729642
906600446
517494214
209721706
308322424
793413786
885001532
151419515
558557879
630895802
380333572
515942524
565289055
498757017
842089538
876572219
779139085
808427017
967789510
285142265
667700063
478327968
704123150
518394026
881710730
730421309
108843145
144437670
668914916
424737124
754305503
809260905
885334454
286188886
367128818
270620799
344775630
523691610
132392523
194040543
149801357
694621854
358752573
826809423
354611392
674033907
191542342
994031326
324350784
190339402
166228854
989003095
490179146
138310183
213485415
347825936
851738242
55585266
764995492
817984939
994199881
663863181
226233063
883054430
519277869
558830957
439438829
78882125
61025052
582888273
275192209
441014484
396514908
103019422
704599284
33052252
106143604
745292793
403586904
17574276
694423518
583055359
360232887
45408595
258276612
63593544
601182205
401941866
377094627
32512816
698047829
667272824
263044948
52065351
616666664
838760298
606990330
296652512
389730520
397251316
187705481
405613256
395218964
868118208
579047661
977947139
900194022
182162378
100100207
187467786
512714722
818520104
257588863
175905213
524452057
419894825
766308930
322949574
67055422
266307141
943620847
626378887
505378476
405106870
104055298
836612995
231047158
281404043
336439865
905156206
652763715
200408935
293881984
907084768
792181677
681036809
872789057
824907164
969428287
831596519
673061484
559778897
226295551
569054497
814114248
339441022
851492122
318951513
677474375
862836244
889953498
884167273
991525955
995234047
920723118
105160258
486113241
278921238
971439316
282677954
473676620
115018843
693833364
870218234
116298253
489072787
184409561
478560889
752445276
938111967
552862299
164010226
254724222
934671201
605995703
794914801
652707056
731222096
953181939
958097694
539426636
52779864
86102488
926008646
380022921
751831586
729067862
464098051
653885915
661167012
872147570
568418067
795819200
329533421
385581352
776639431
723613145
565997381
969766808
82202645
20487953
783306821
311462942
637638216
372407560
61140955
744775384
955540165
55583901
586031083
122683250
748676617
50633027
915306292
593271121
736224457
229684666
503980662
245867677
995269471
99153031
637947051
57633096
926309820
910661082
296907156
297995199
898038031
146327015
557377633
38438688
650218864
970497682
447609173
853339236
971519189
740174273
846578556
106782043
510546859
768629397
743364067
606602046
449609723
847349691
921871202
473874377
921866790
550335839
280279565
240293605
942389612
443325972
102414326
345910901
581375634
978059441
454684194
920708433
575930062
782226883
408373597
804737263
332064805
262437539
182192259
319121163
979232049
926864469
359914109
144855911
133679527
261151964
632743209
249414121
140410237
610174591
108671307
479835706
761757303
594008795
480384791
540628444
40046994
187112296
793755560
53327988
8418730
705279755
135798488
26295479
798935516
622539909
204022705
612224625
163253461
68044391
892786010
239362543
134711544
446196520
969650084
446255817
591169318
758614413
507645747
87815129
894310909
893041392
554741580
333104018
356596621
956789054
796411435
154259821
825109435
949024454
267168155
29259748
981749337
474964062
758751127
376909137
331442926
27354641
545702921
356532280
610608475
388156300
690612544
241082936
978267533
95347731
485836325
35044214
55780947
443262920
411438501
604395674
95701036
283705059
912459459
697680015
520330993
260454811
877344241
978328919
102790615
951407080
312717445
315707062
990426913
593795260
517044524
776195500
774696763
198416536
722246597
50788286
940907576
556522451
520299864
748658645
604035942
67582946
398804910
398120712
643579230
400653786
794225083
494663491
733296695
670504842
658149224
475600132
921871843
882188823
795343096
895156991
633586123
764384823
435386985
368696173
590842764
238943908
334038808
998316086
733782776
119365971
853579063
273484296
225920836
792443974
254424117
180704659
430571174
958022866
561153210
773496198
266400980
421058229
161559841
180408405
197010951
174149910
313804073
829138168
299281332
971913105
265461690
561477378
835549600
493425427
692654472
590406514
378977933
328969385
468068372
944558070
723985066
743639680
572742319
62228332
443251305
309357882
449349147
104123775
802260236
218183857
192415270
132252241
599749114
914551642
618105688
520145042
540500075
498059739
374586376
765197284
204270807
831462964
497800193
993110277
971312601
6081442
738599581
445100804
745218692
541765187
668713018
66287704
605600354
89709702
736280522
66925514
822370487
724319476
151274697
578180283
277949422
58694358
937136498
74151997
723430221
1722612
350258175
127550306
183714952
989496417
652191575
914198390
46791123
721482198
796505849
405559596
498243899
461083363
654000999
339628537
110229016
851836693
241712874
319538643
566213426
396105732
920534912
978703386
861963407
664521586
430752999
208369535
483300003
723439205
587736886
337003858
48818868
511071825
477769811
310817650
669252525
180893958
682827797
924343180
146058629
769995290
455172590
513000486
475670028
939875063
645156315
723976490
96725620
961587289
254077093
832954031
913628832
395690538
770995608
578619824
508889161
480135888
423061908
129217367
922117279
533047575
549194615
553392243
36808203
519975739
187023475
719254794
83959494
690395733
943723260
543167658
73103717
845296885
21888389
591320541
628605083
93731042
571079142
12057003
646909705
435943454
268572308
5863527
496788117
472768817
666093013
596338116
424502009
966686845
44044513
619318333
861603129
837641427
578296750
662787423
790769659
113097244
171086071
920354000
609325579
278451932
492104112
657392564
493688313
549126840
784944543
356483383
892832422
27666497
859348072
519158292
473903296
555684518
714330823
279534629
22115184
712452637
45566717
750223686
261994225
221998697
926083649
603377340
25515378
276486235
544052616
66696126
361507924
613688798
160586579
983222941
595540413
540792358
677507669
369223119
744610456
982010961
512244745
682197334
497301293
398768032
292385750
532096475
907462450
958556526
708508704
673863096
322709834
815331277
334555474
61272897
130151190
518770879
716778874
330150329
61018797
711598531
102974029
369350846
863849700
18598367
60201630
510479456
559404367
832564514
721630870
15237204
732915398
747400129
323711941
879653330
620633832
426492353
718309315
284193397
908264367
99027483
952834805
998095392
812848604
830015935
670999616
479868867
384809988
573290751
349561407
997909498
488356903
991853459
584951292
321103822
101561076
429093510
479203886
512008734
713759226
267731115
774620118
561796259
258195448
871259817
680607388
713419385
959699308
516928130
204083355
202710457
808846643
21980603
136671640
349740154
314052815
331329724
72094858
166382258
962571785
962535592
46448220
562767989
274762546
479194560
116974944
415155490
785690753
916963561
923111493
323976960
343701659
833646925
465071458
15690876
842545107
251254438
839912846
561227823
332820977
590839497
449668846
649499282
84236264
103439161
405676487
852021439
392073078
864263859
538378867
203534554
44674102
412418382
363884122
17387829
529380017
261752691
507917763
867953840
312563086
609694591
642787725
48751089
381331537
70730626
148877610
670775510
511557581
242508474
208776184
693293693
673889726
830678619
207938187
678349387
348902223
973305233
971398638
689339368
765032527
625857070
703845785
771099810
956685388
850084207
209685790
411281998
482181770
576770680
379544795
575844407
257814041
234289117
297757539
976828445
829888227
334238105
526827123
210785255
420474758
327713062
911198039
928225671
610367226
276645066
103342450
92303673
852763343
653716898
481606818
287771910
223024472
588011384
630920615
37592202
11116489
412553570
768937835
721065228
988467148
709055306
706696492
360522415
365950076
181191516
249582334
428067295
243383312
599764825
69778519
896043830
342712777
550022655
531018455
136384929
494974904
585113867
868530514
283886354
853228126
897854506
92095359
925152390
559802272
371869082
320562427
667588304
53540460
106700759
545163077
499556323
806469714
473431512
200729812
725568613
612911260
458437539
997510418
894332008
356450064
838524208
551373498
986203952
596571568
928539904
441922707
155402872
488254446
24189216
601082288
435993642
275326005
782227445
777335963
378182113
953532703
930228535
434587492
616050648
662797642
402731918
168631806
149204178
504032165
846314217
226754741
668519555
553628739
891255341
216359326
727018432
234389011
308329978
203136799
922135589
207409512
5772302
125480264
925818659
463930437
109915590
508387378
190084372
145491568
484428817
388865544
467063908
203338386
13874927
882254932
715400304
772962358
250453286
893645385
301168306
714503970
390338510
73446708
480375589
870896779
702950414
875244991
408810175
160411901
914144738
297124155
506500999
815872452
122512420
878373389
24147400
54410540
921458942
499215679
704338131
277549359
641840872
327150331
462629140
529837086
471686601
707804910
825820275
684849868
95690394
224899867
111740904
359624103
345314039
977392440
530723085
626813013
599077200
175692070
261684299
653450362
799881653
260612406
168024315
41890945
457416846
106200740
983048856
34609360
819557322
491899609
942064995
792544282
40223203
375468810
665752632
516812194
340388301
465456811
455280078
557162497
402019212
922767340
678957856
3545919
455517852
860720855
393963378
317291233
335969212
66791652
300545791
530034371
193207088
533962027
21785432
134000751
199440713
59735207
348813638
627501501
238023743
244439766
163103941
705268725
736836637
283768603
154968322
36091902
241937113
281059433
84244412
430450338
786822430
398306807
255832436
655685906
815743332
834646102
475271970
442204353
319694377
345565154
558965644
847481935
255783880
315274336
238855748
825034710
315488490
757743543
801209785
194824775
991815712
101355684
85934903
874603001
495089243
934930878
36129454
336024871
133366986
581924563
920386861
796748571
848430970
805255605
48744284
290634377
291072019
991896716
302161684
439277855
957522231
746674918
90170224
307249389
127639602
77080842
636339210
272201012
513158909
638379278
788285084
232819643
267335136
707670684
140501137
372473444
45270486
109829658
790796285
36227195
428742481
747054130
571949
107756930
318034132
180695148
737454411
971763516
856745166
167518501
141511065
579782913
213194264
507593309
807588518
651963099
854798363
798341122
153084615
431496728
214582611
644377524
561689111
421092195
791504992
443765925
286880530
135887701
213942559
334062857
733023744
780812034
712875684
937542709
176054341
833242287
553403273
566961842
674667270
552780506
91977935
253388495
582710869
386561855
851325657
706054037
612020924
433995773
997680934
15177094
726576204
364045012
403541973
772160524
890041281
786819713
906951528
655021551
975771231
430926685
842861264
411656014
558590920
388207865
748276170
406531874
546053340
64910602
336244855
246560303
532261482
622351104
246841780
274900741
278828595
565433053
305821993
949140753
972945254
148720402
313227034
382941727
632057906
304724326
780078528
356373866
767860921
639905630
950045116
422047344
126748176
347736034
6292062
881008075
93326081
403303459
878868577
121757335
948791216
338441667
637550682
778669327
178009881
716510762
922407543
126193316
375524674
535997800
286444790
573347024
88452005
513328471
734592946
258963796
177375757
823244638
173050666
12402997
308539886
390106085
435745475
633034192
569554205
483809574
687635669
536805800
202890110
639932214
156664071
117380980
472583790
597224390
945205527
669208922
410563959
387720811
323445635
313326632
721494868
134462340
338682127
146789347
213851836
996540432
211827280
367735979
106988607
136110733
463639255
628315917
989130858
560787667
879565885
559458753
882355548
669345592
485621858
850911283
624955719
17218725
475635136
415555766
156430482
688293172
931572339
413504635
862637643
385931366
428454324
586301481
993069310
799956932
998547551
104286375
567373995
26192016
550095879
223319231
593986560
702625499
51143011
151757290
293881720
229200290
837489709
462581920
494771645
220730731
82601953
183193204
855383079
782826722
583997630
965620922
121733950
255177874
360255037
781975981
890588226
718996731
652231126
583200122
267710517
438767353
393250181
625691634
120590976
94222870
982366835
971402799
907574158
169155847
147542399
668781905
987611805
505204515
474909297
301404381
668452891
618935741
790746091
600678382
101651403
741078608
27984819
277107167
303036410
132525972
758205194
146414008
811874512
703614822
610814302
463629062
53931128
487574143
742312541
580445261
569908657
130179476
636960262
579401191
236737731
949364457
453915384
562752689
921498879
614624919
892447803
971224072
278641219
45644184
631522832
285319833
245940124
828325474
727021021
207309409
498429006
835962325
822742315
44660216
930738996
819375209
678135177
161053064
998401551
620579590
611198877
916613520
271443865
485664594
420526652
372068881
906952505
741561065
952642907
740314365
568996651
692172556
537956254
637164001
94869460
134459490
924999217
382540015
127974459
120652140
957802927
81200481
72187732
98509688
699587042
737797572
116459205
400929592
726776465
890321938
76407783
713315440
529455087
366943914
314696103
695219825
553889154
60529037
448465853
364183745
319996805
352412507
293275177
412304283
598305154
239218976
709235058
895218778
432017539
857571357
464923090
199993714
77364553
160300311
237851569
28705881
554744964
850855599
35025090
398641017
701457469
721027898
9987792
938785534
332782602
424695853
746174035
743236282
152306556
88016936
307554233
287638068
294597693
35940369
609351479
409552834
517386827
102406353
700305336
542363706
379336032
975619350
530901779
981401012
426787257
826800075
179958755
765700320
852239489
883288322
10856345
164863444
697124729
214166074
559562985
126067911
847872097
974433514
151304030
9195925
747252284
106569812
546708287
25519687
517514838
316589740
979939798
960936996
690610317
499632686
179106409
917326714
578303156
460862435
641517855
711056327
891734038
752174929
671900758
486119810
377390505
138496495
115141273
309960023
207044274
511540128
107218186
711399455
540523953
921399453
741914343
781462809
801378604
812256993
494668306
782969133
58621538
47186635
376838541
924544265
439068874
117835137
275477935
5814700
268368830
636270537
382559787
132018855
38406688
225978255
948915407
555728981
243644567
692501140
666433760
539153162
956777207
183623114
750893591
664304244
216524221
728667987
68242123
618610393
304666013
366109782
362489114
651790809
859459734
359198922
986215101
592915882
500474260
411747183
431335594
8928039
574509648
708568630
868599744
496035698
784622527
553051135
217816266
770656543
350726719
760060198
847191837
590066034
831072955
505372321
649908792
758495926
159673361
259800765
975639265
891773690
478544079
226171438
830116686
824816683
675970857
662924232
634544612
79663765
624471625
412641823
74095769
34972982
195537912
103018648
93574035
57253476
659704760
905782194
283413941
506469092
726777605
699725725
746780740
848353738
899190051
145027201
353377486
455014013
815963380
353414507
202002696
577261458
929641530
752453881
215376937
177832648
482773048
901672868
285371829
130816391
703899481
233401037
277983700
210447308
16344375
279738160
825013337
978194509
698664354
26649334
837525652
114996068
572766407
469257632
536283316
254247333
161402834
759271173
326611784
886220077
165595003
805606617
159598079
189199424
495073638
254076512
684882178
855338190
321776958
387890990
724894348
615596267
234838570
843080411
398808696
667944749
264823545
378928791
291972786
727489047
919308918
62899546
681631189
227982579
904225370
15462489
403141534
541562906
19704516
647219091
912252897
811801603
25612424
981200673
393089815
403073042
234855146
245766420
649248789
907362060
957867983
114248441
526424520
708493414
288857500
447602608
51783302
709982189
501776927
426328361
305580004
707388218
636636093
781357686
932575375
206287171
867563188
28979989
489244784
835084731
628457252
184140971
959525860
951469141
669931507
301277
563221517
33455740
623733926
135307589
685369108
606989530
94981957
851700839
693143153
693336042
911455359
61729375
357724616
146015116
616822767
78492293
819645190
922304275
877907066
36150435
190672736
6086322
599771825
512757260
462888273
96631124
805014579
664592056
218416831
16303661
461183016
865828071
889787163
42307851
849706284
135855319
235788234
356499989
37051600
6463570
591384419
927348327
616108013
916608971
525218328
536930221
634264091
122264235
911224937
487316923
107463086
731052700
967420525
80679842
487873528
962325107
184509732
9331837
837240284
114351381
284384749
682036729
98011251
751055528
981580839
125285889
122465104
325181730
119659858
249389211
154843443
34642423
111597977
54290824
707480630
887800573
745268565
427687809
590087437
753581663
259774219
914903207
802071966
880073334
565150642
505036211
458931047
471469231
164921877
838422991
163930321
981405478
700163613
843268326
661795534
940359166
531212070
581215146
735569224
431216640
625363204
704156278
152061428
244798021
502751269
845523586
262493160
878799757
96329864
841776820
721627026
820214221
999899613
302711249
559063779
158676917
666167851
153794885
438319928
178390277
546397591
182628920
453323999
894508904
934354310
508228610
781242860
61136287
617643595
984387592
222911740
214024389
300774392
461999788
756450058
967392392
356471103
68645027
991795319
393637042
960402850
111394519
260140397
494389837
498310535
567484623
99377367
702003917
356247570
919065050
807143365
795203808
904337057
420970710
281796027
515819285
775349162
805343086
762793632
862915231
462345675
526361699
300192473
596895140
651003293
515046901
513472179
635370880
727111532
327932984
975949416
44251611
145790988
668778039
148143819
216741871
514753617
879994152
752904554
611355216
352768155
563799927
334981227
51844080
893868342
793444904
848029620
886139735
650744847
255998307
42584867
998466769
981785199
446446316
210831275
920346034
163720879
67446283
356135964
189652651
994078203
710866142
89314102
483105603
102216176
797312701
14413031
559732047
634675182
589833078
860801118
213569388
137387486
132930042
659804908
706772830
344448765
279033726
566761547
973652799
884818362
745642100
769058505
550091544
692133554
354606179
988238399
132236795
566707097
815771274
73629531
562308995
755589940
554267899
524001844
816284714
865859128
202876579
307833951
110729176
852190688
96621656
309867416
144210163
897566476
315875617
283559156
752558162
688786196
939175536
259592297
582895619
947088437
610753460
267487230
23859971
314414758
340860162
4686400
261038584
40855024
838386208
761182942
307865426
885671625
999749640
959884848
349337920
666772126
582491824
219371996
270401292
359286363
715771080
551967008
409146388
338460039
637654167
132720183
754597149
229963662
27172229
562319607
956712825
33533119
855866280
669681592
971224593
514525173
577758379
263173093
262432818
203748593
174533619
441264534
292586068
116102577
464186679
247984056
841255282
820132035
719838159
208929048
700475963
518118425
889255828
845105144
923607786
514740480
458952158
266316909
333090693
678911995
24593164
176937506
381198557
301754518
430083851
811463556
426877728
984108280
452805367
286985085
35926210
66546814
149404314
890338659
911295937
349360316
551443454
217792318
748477166
959151522
842785637
707237508
842544365
526331700
654215735
417030123
597632920
825620496
697741598
743016592
131961579
996131655
722886267
361659873
854470973
572449962
764220407
918458628
742959811
787464081
819755245
688639310
8106842
327947114
735866001
471119962
472417760
224285185
855283912
121990250
916717594
881769246
48343343
772824759
496630320
670050938
163882126
196015279
813820240
810090518
849620352
380139329
441934330
422186158
486676671
60449891
76832896
317430742
767388352
49249885
737793340
119943265
415318924
296922288
396216330
754808194
640965048
405466680
580292021
461413834
90496693
583868880
630581328
178267684
309896377
234780946
876086153
812586607
412460405
307983102
119825569
962902487
739965484
647727371
447501277
14309201
619911226
417982139
820350743
251534370
735253893
768636837
857991953
648555878
692133038
705090183
956985633
364818090
108393015
500880311
853674368
312973816
999252179
727500181
58326676
929908019
944470372
928311787
736682605
727822654
638861660
506771142
461626525
37202292
958172711
501011672
41943598
391188738
460216053
121490324
55446990
399045037
784019601
108181949
325348911
243226310
614407248
403211010
593414982
547190992
600046033
973126238
373089354
324785903
112326187
655145531
728461013
203617193
386703030
155505921
11153686
194006532
832897784
345126328
39833938
819671147
344737218
518770857
267123733
135688856
335532819
67162566
443950624
893193904
971009393
509688764
260046879
845685264
246928582
485470942
512951486
670852679
405899623
947363690
929509314
224332255
891532854
702587998
243678101
112667785
92926801
89315687
712925394
669331428
234649801
649617709
105217998
889662179
561266672
230289302
841713129
746532851
760875572
48157598
8237043
511465685
776226578
248715435
728531522
228391510
99663594
937481989
872144021
236732078
461092864
697860548
894613447
335756900
594263621
454028131
410505492
511325792
238903701
999362155
470537020
26752534
90958915
513640364
490358805
624192420
301299635
366499112
728495117
131994374
956135409
322993027
494324959
805964386
697712440
169232538
19249155
296746068
372108841
178479519
551641918
629674716
980183178
967330029
421794418
528757323
61506491
437450595
548696820
982831897
981218315
610148199
800802601
456051131
267862979
768382301
624876025
69233615
18363927
851275083
131470019
74885112
484946895
328381743
48866729
855912198
35570621
980704831
820174145
293828542
967035802
415313661
913468422
981846112
430563854
729300251
889972618
832331965
879322207
480950668
540526409
837713022
913048078
148859027
442070329
278922561
953429218
547916282
953402196
504651821
649090402
587064726
474520793
660398945
352691621
44289459
570710608
507170248
455029115
653429355
696216612
308846824
68308178
243617106
401061084
22491967
806639643
870878565
317363176
779013287
692074203
118609328
654704871
249173507
625463804
62277241
267500696
222317216
465771079
622034008
799762212
674799220
596207129
611806635
966510499
347942916
747147609
274178382
230775882
828149587
919648299
949592186
194178970
377290174
731660182
393814648
276692755
766681290
668860485
201035925
440495969
375516121
137854526
866407905
724572445
667249597
497168707
786083020
945489181
627981116
57353756
7043336
98213045
737783213
16626060
447402630
973623041
10206979
491946364
628345614
965034343
16377165
889260268
688502871
553334385
269316231
477040845
431140041
325357699
456364539
196860106
465429501
319242119
905074403
432559571
691182876
393439572
85337973
319499437
200356336
120667820
436307447
936183177
866862120
543387905
851861736
255676412
77710607
325230532
397557597
578898752
526234878
788386808
663306280
258262560
947882036
871700584
858350959
77609359
744240967
136379169
546426818
635005355
497065921
925088269
669241860
713963316
624385258
292550069
183204355
743670580
280186020
923849472
616509578
95935340
600556203
219291835
847861933
57769330
965645843
563050455
842308741
680416753
952642314
181014498
778771160
469338251
814726492
659151555
488324776
694023406
464710093
498682437
411795451
573486719
921455645
615614127
753188785
321073761
723526525
320837233
321723887
683153928
752960168
126019099
163647094
689046438
558069244
375784601
220396886
473489856
486208059
429943066
855525077
74028879
563132875
990721189
148716231
624635847
413100022
136323369
568085210
639965879
646823569
995922337
569553251
466027191
961960857
826416041
249177161
514772055
122188376
725335140
691414117
884301986
627257112
261790664
693983311
27497272
147211654
735860418
569524754
298423654
621422260
764088687
689174648
570319934
762733865
540525
401869755
893754642
180445879
160603902
491481122
697383461
511738464
657464626
267816261
494041570
293240226
904392336
663764805
609435630
67742143
568224219
648233879
684424976
354529202
287720432
668340152
345738496
947995539
196255095
482277014
709268864
826798923
142894384
763120465
490491297
739229769
504869193
316255094
721590006
442940924
436175476
873972982
592179707
401539000
819106907
617460794
284093979
444481553
60473865
236894035
546842077
990551392
358176381
502826934
706813794
33688314
586408701
271237633
463168457
603811712
249877534
684253087
379631117
616130512
329353349
446054504
483011386
659234118
248456297
627277263
788164874
238896811
121057647
942476247
988047924
160816584
889929825
168665579
97534552
736233276
215137403
14576348
103096593
982806253
916690939
499504263
598197291
40028556
392024017
866784121
545075339
22043066
224217771
468152318
436164138
533527653
347921212
651729640
332765863
290424008
603169858
216405155
753750800
591236029
35055509
448258603
801465008
604219147
678991813
475669790
392409121
869844062
856073649
369079452
771349938
290744626
310340154
373242087
692868985
126972785
246335856
290084422
356515020
489427228
431204484
259718823
270430738
547644666
825703815
506614344
169485794
282589297
361793637
204783838
929469646
885174526
715547731
216026384
204311388
907044085
304327175
65867247
811246113
744322596
238515984
482095941
724406851
625781270
578439048
502974666
613717808
6092262
466285945
723155164
547179583
470571131
638080566
818181375
423455535
190066223
170045577
194243509
963483848
786764324
284261168
657026095
434518046
697786944
419228187
122125350
989960899
153060219
876607333
391895258
124046586
544131181
868031657
351003223
884513287
540485856
223210416
429685039
295570341
29540097
583316899
252875503
480579834
447892681
378120221
85071635
562620810
221035301
894410718
461570546
105108593
679184109
496084392
925121053
752798768
179624278
795093272
607917990
766269968
214493242
756933205
801139216
333001060
945989200
333100224
197477182
185032676
364381213
533029633
635226275
350312562
496291968
678339660
377786829
446111275
471953241
393583476
525147696
854583854
847658609
468736441
327753484
964206345
457847367
710718548
353347482
412610175
148512101
111681470
77345217
965391771
117321225
975165100
191254470
500383663
390792739
949138861
985333220
46914534
161045022
968920552
622890077
279563065
491355955
779736881
678153317
154998594
752521702
11919213
132801475
605601015
342832235
528438087
973422431
76416167
185519973
967712055
242718437
613269695
453139902
781036075
880665058
117297589
979659480
241391802
958007329
99430185
898150793
538549235
13814266
783088503
256097208
265502668
553499280
920491400
81951911
105540974
121381067
226861277
183513024
902346187
160472140
781049537
769368359
884719397
538253050
601675500
99056032
581974299
687562860
109932772
915448465
551651537
917245972
7559129
314238673
493359560
949679503
201015053
930010415
184549672
790208082
97215469
438116708
514293162
404778682
41112705
579065173
194079930
253193656
514969355
632120037
590031909
827905386
997679819
655411400
946302053
326630218
710443485
644847666
338659698
91000805
459574717
325362337
675147705
82213748
278254035
985698914
900780474
200102529
727852195
763136733
61033070
845800086
249416965
616981016
240248597
263394101
50143133
787642759
865217942
643170085
508397856
793419152
63591909
931901385
196384143
907602060
136013770
424476723
352831833
253481322
100872694
664794202
194274055
328230908
895798051
395210006
105814168
836931726
531858373
548757289
640883595
24605710
899021428
821969686
148306930
633783763
286039725
735033701
972930040
466545366
663637823
204911712
870207956
926834834
309602855
313303215
552098810
268426497
577139739
670025061
111634155
391570522
589151659
141391113
520159587
368794531
3003600
560987165
80784780
611088549
201840007
557152954
477621616
410232866
269747352
249798677
562933355
232475908
338506181
813787712
150262718
873453315
711569099
769848581
891944168
622308591
381017175
219108586
856394990
964522014
672759813
413802464
828441952
153774628
258725969
913601019
722453748
362980114
126720111
444765495
856120028
658001416
108123646
428378673
19749994
280924402
90072626
173244076
567207487
901175706
607210403
693518026
686208030
254324796
984607192
613575279
131479770
872929247
499605152
569424374
844471178
220278960
6441678
462269089
850742505
880974517
442966259
764023090
902832133
417617520
4839068
949326741
108737944
479305099
925638701
646556930
808333887
258783457
943500863
605922086
499986974
648029598
149042094
527101718
105482552
182177504
159999117
546897533
988926262
428441304
397291942
889078363
668407269
240433392
256969999
141810921
645310272
765627644
14476583
51541721
215449806
692044451
236771774
397395524
609801269
103703821
364371379
894429385
120888797
663232294
994650882
398042521
583722251
710355806
18806562
321416918
274362549
396336967
487763743
87313812
414299591
831301092
933509636
803747405
400686724
717044540
311054335
980599584
724346828
599092538
944847500
833075134
101568257
106352138
410249133
355644331
269399601
445032801
35876549
574210053
191792193
559281729
159104163
399375845
688314702
835662252
339663100
999083030
261945411
853781491
280804403
656548730
929324812
2195688
153494365
547367228
693479984
468406134
249127539
207977069
478986228
749236925
558324894
446459390
878249794
166991511
73556768
927257516
783301412
161534026
542874049
263515983
536790532
405424796
275119418
313577552
191017608
875810787
935279369
690449168
912942217
259495430
659789185
647797997
876645501
279200720
126758962
767525984
239527106
944584211
538406857
137468656
3224073
129730801
398220834
31520111
620037616
65721935
314031403
267890597
355297327
339610316
997160697
360180363
649324709
96891247
856530339
671574145
955460968
3837059
737141604
664272525
288033143
748072297
717752801
697396648
228167848
373608065
605189327
857500545
87945993
788484550
671775311
825176179
591785418
475279952
412201885
674754144
368175199
339227372
315049288
177126762
81958240
382493047
238420653
174123922
807493998
87401621
557485201
466099774
554447447
785694731
177583157
678135127
496544104
874839458
56901743
923052421
917633807
962905339
271334396
299122538
509197735
968149218
857118222
250200060
143687281
15979420
703072602
659987983
13401666
687287932
793751325
505621601
761279690
953730531
958368717
658688651
91593460
97923339
9557298
314610641
982341676
205324094
754258641
651383323
20260246
384126686
455282101
143375625
26685012
983991974
624276806
145135829
800614078
269008692
272166636
440363386
584198379
123985450
992730807
153485442
67650681
805540615
107927860
838158393
372991306
371253353
468266702
540410102
79062136
297687869
125769438
784503986
543624560
911523068
162717625
226060652
356042749
101375678
914838076
152377221
860237663
382223005
993512545
760372980
16216279
873723873
316458032
57754292
665710520
496898345
412311868
721915009
89515043
947758979
130326959
741441240
555897401
495844404
39197902
843085669
856087122
587803442
901558559
997044000
973718584
511177259
346140781
486318986
973611161
236208112
352120379
603002446
606524403
820668892
872988800
317201847
539159021
823946568
975968805
728420399
137042112
615984728
158821129
784332232
792218768
816482790
4392276
660579786
72886784
598319674
267834581
659538059
656978759
618126892
804046047
191092452
897166207
929585605
16625688
790070134
365544730
145118616
82959433
616423742
96735813
108342216
280086718
129632623
382188448
325096098
118534996
381479756
633780663
212393434
279112380
24759868
956709725
70899617
148548946
655353362
406976966
851729806
617735048
758758530
463312502
611394910
562528180
857855740
849680477
278933160
25508692
380814970
746210529
96921886
365585900
84664333
896829075
114195015
194022361
385860469
581501110
737534190
669949582
742237374
425233970
778880398
357000821
28160781
725083063
515546060
712785724
147088901
182449645
839670147
246120886
42751153
353243503
978014165
420327422
570726940
669968123
691653469
282040250
958174723
454061692
463968811
47286089
690476201
902285394
18961977
340187788
171626436
634691095
60562585
530678418
686306955
343685216
523185975
800636864
6825760
187204619
645273545
16627331
581658440
103400855
733972032
559234266
657616857
448107175
999339020
61424854
265952176
760635614
34134408
988927693
207609897
682868678
442649733
125930738
308498455
237146788
194075418
603317936
157070132
51446172
534338072
265976628
810751020
901961234
647913966
888308008
598813913
381899581
361575134
122843314
123211606
753163877
576387958
5770754
697437878
942451855
782987103
178442949
79666163
857276011
695922008
773974863
898752432
373719420
202468846
964341885
264416255
492414036
44932344
486760206
785761397
147021687
977304310
811700831
643272892
967904966
735527431
292425899
661512424
749953097
479254858
386085156
80295949
311207463
720371486
54431522
520805253
800661060
546784199
872285008
271656171
362561998
282532684
385210665
392042673
372066590
321449799
376652137
667663302
559604898
972697632
260602810
544797258
51733835
108052654
416167289
97623724
111389243
97234325
162466007
71937336
650887307
107099024
717349836
229101231
443547370
747568748
75509224
873732287
662951651
994826798
765891820
43521058
877636857
124641876
223430118
991598727
621059976
321588685
266384695
425745045
795527732
520275313
701807568
361193509
572941506
581942404
48163754
706033827
516888560
25517779
599603596
409254095
794157658
374382111
182274238
716374648
206287195
538272347
625392924
560406242
652240286
429660836
373545496
780686215
708748694
808616401
724177349
211834879
189869909
105938494
268396573
508785705
945502075
97750735
836949817
394043726
189097301
739957841
441535606
422228997
968740438
420473127
671543254
268181992
565576316
752395066
465640130
912648666
380801026
576281138
705805603
13059097
212663364
621995047
962755185
847776749
559942976
705138390
836783029
158389773
179426105
722412729
630500183
564538218
227435519
772078022
133837439
512655416
257531725
839075717
529906044
840614620
345614673
977183000
223536239
220323975
87803777
417934824
297903991
3943655
386342809
540385801
265312207
218030804
704729627
788375202
862284177
76358375
866445282
780059723
521846840
970076151
376685674
399306889
335286308
828424593
784851221
472154345
806879709
846083569
704106651
195921015
783022278
504134414
175357371
115044807
120899371
688952634
875977271
396819427
684311095
793643555
680071040
939236259
275911966
87527832
714753931
832825343
547990194
472437924
14340091
458162
609374782
646477513
354363645
636165583
346774951
498750968
926544371
742312001
459433075
522346218
142849578
83720188
183242813
318609237
875341178
716334775
395714441
174794026
641865196
305303027
630714166
994555042
418005703
761739242
352668866
333023836
751843908
533667741
583575596
179444155
377043830
926668061
272397284
292592055
658625232
494109209
79313212
354609977
154513857
223556165
215439514
181360065
426229113
695198853
494972624
577834726
669484866
453447872
338621629
835978425
710389448
834966476
921048008
852077174
537833503
635487087
739314391
483132512
579047138
249421258
280241353
710536217
839496209
492301560
794243684
474369307
246828206
291629813
543902858
328091706
689983053
700705277
962213817
235363030
163743150
510785251
533007066
995997177
954345907
438004170
281033392
423859031
870357713
553748435
251501075
697719290
458754747
669957050
767143075
797686463
789636275
951857345
531693716
721992963
744274600
152246756
106365762
958870711
962616579
483352277
881222378
10472673
545801123
428645481
532282734
61604019
939445445
521336970
204960457
723780181
366320754
214989121
555502729
158516202
780247055
380565061
58211052
795504997
895359159
135231933
495793673
604698605
383461499
157696780
195820119
959990408
446683456
227098373
25880812
219313292
221544796
620702498
603032288
837219875
419986237
246682986
616396068
797364404
824102223
605806474
484929180
9263829
276556535
690132143
957682944
869842160
718135743
42113920
846849467
981786062
164126643
851034508
897639360
84893505
174967788
229859317
295847161
459496386
520302833
124802450
624361687
731102169
562248807
139703482
85311584
997618867
513791536
599499957
256207947
187871157
951628746
706768087
570356019
828399396
587169891
917210991
168720484
91310573
648269613
478692643
736274310
212511762
100323955
245392318
555826704
773836324
948646608
911911199
981461015
463892189
220981694
401517706
209317163
605679850
735300647
370817397
492139531
190492718
61756677
197971811
25560079
939174151
988277637
162264201
126553105
343900255
129642149
483395545
665258791
760343946
914701908
494433069
266083265
425609714
221688923
213308452
615877964
428883575
147347210
891249876
44555125
633079345
491664256
890197384
326096826
882020805
595805197
7935739
732886324
913115536
686593111
222362005
528660552
105087237
131460612
120160101
212593746
932198257
464143349
720558856
843265539
613711577
556296386
630662586
44297115
312386363
966738802
758475674
876070144
487442799
23320241
255088937
903394744
422538085
143350807
588397478
752480313
813765556
840209508
808174662
670244472
525932257
727955174
279900847
331380383
312048813
578767782
725052071
522663822
479137720
874302338
66394447
333030968
257569917
727271364
386302743
176794957
674443748
546233218
738361723
740989429
378191836
55934423
602922656
512509053
711849782
510562206
4136610
140167787
957985301
572655582
584952157
844039396
61982271
92566969
482853233
215093938
959610694
900537548
89397438
774063107
176718858
876620373
269414761
541349844
281373175
695573750
173794945
942377820
297311929
264628099
738174943
539533063
278778781
962303773
458392829
316092875
171314208
459348464
66351901
757411547
48789533
329575678
69583627
924651064
583280129
357247229
162082006
778238773
713538976
588579843
476998573
273840908
104729249
198225916
708912800
325707606
583232490
248495258
755257274
345051667
273947924
446244246
435019370
961975717
94284923
465841102
761530948
160753359
89862335
299506970
784530386
916741078
161954178
746970554
679794001
837834229
525273073
956391012
836233072
192920920
844830896
223276290
978439690
616138956
545550569
845296471
724083297
37771733
638577557
933813034
172109529
930451494
635781018
988671501
27852838
970661677
299089037
674286963
192646751
650869913
262120523
678406720
78995309
322572502
602501797
671097286
191956081
58415433
370399428
250263939
443080634
518770569
800995122
328424779
468149326
609489998
117387021
484097328
615504565
118120211
420311103
67449328
211554613
435063191
430054228
536875459
930494563
521002207
403327847
632604032
867013079
444213905
325818925
914107075
589503235
806985461
754960222
391810885
758445242
660692748
89885938
639653879
679675238
917099476
603504927
148468113
308725633
642840468
107728533
57506980
571655131
728743793
857480565
530397589
243076734
420287314
799588044
879409361
60354460
27785484
107996167
756019924
676789635
334134439
36939632
305950750
432663017
914655591
44368573
524304282
432384739
688734999
468119655
944096129
618542202
11094203
132529986
910959747
387066527
887807252
267130294
830208462
586846859
513574344
613592530
369830521
530852635
820795453
348481348
983437927
31868885
1326157
190925776
525503721
129016185
257102927
104862969
312137331
190019409
316118334
488763896
976847996
417063777
667659685
519340210
960870934
370438691
60150173
793496762
93570627
31786206
78824421
243218611
461939364
937970186
292426226
899673725
823341231
982828291
500016480
297683452
634082015
116496964
843569068
426089401
840850374
133421253
22599104
798272029
174394085
210358796
692764450
319344314
750240160
566536626
691570794
988855986
824902070
284135652
954022697
539400127
464730098
410278554
457723685
730454494
267777004
209606968
785847011
22474414
740501338
781841446
671653457
708897787
406623856
44347355
207149862
27518502
969682071
747694895
432120575
993385905
740175188
761401564
936814175
285974936
556768142
161944367
644324908
938011202
60900490
620851962
49958306
479300535
181362161
314111895
497387461
897869174
503895805
212165224
758355365
515662657
914694795
255808784
98047771
117575127
2257818
194079168
256761151
520191474
931053052
825258957
645445782
664608529
171377402
723290464
854586558
928109386
800690673
48068284
905863743
163842547
239666289
855687071
459859385
737507360
137336963
456370790
454423598
275574357
765370175
969740585
13363090
949814813
363725920
69347093
641500081
13133205
574503495
338093337
7963554
18423741
987651003
402561165
66731391
918828532
922340150
928630092
1627574
331818791
826735404
564474482
835339830
211751147
418629587
137486246
459915184
223073880
499371668
297038601
676923409
286034671
602543447
264507215
969770562
46455009
899183242
519922611
725705968
133467256
933973205
524357117
29151618
926552392
525478972
244444487
26050535
574760813
223282401
192489951
423229377
688156820
329381879
733931510
979498769
783768104
455253705
38139618
25690630
851139173
139093807
187290766
808747888
77093
332424751
621999272
927401312
763024212
156062266
990032472
911804847
292705338
719176106
154931705
335704469
650817676
967027043
935034414
35382773
567764465
198295273
879605838
249344706
418745830
191519908
808110504
645962845
288810562
794583392
475474963
818981533
982133702
181310370
798117685
881749351
428799763
874606835
233194097
807752461
333615962
758852401
293615402
468057573
940751519
370922557
410550271
276483065
659361649
10859784
62101622
754919025
808618389
176372810
194901872
644895854
813695871
14503633
427984769
332148729
944644682
842876707
348350290
580309692
358227627
212067305
36337743
655670071
371868265
576236450
879620379
458929531
594720012
671458105
981868379
418917222
739291483
793240131
454008232
877479018
936530721
874559454
780860220
200491157
714989816
544523150
880116088
379046891
839027316
208012903
36818670
95720788
344923745
632037642
651914672
279462628
138857989
932624446
631360114
829029361
512273069
977981409
911069696
82914084
564490536
204881270
164521905
237306854
479763887
751110596
338839198
474772921
774730014
529967694
544634153
358169458
150037729
656136378
912356751
50956653
770506408
407405088
763850395
581102745
141106957
430371376
98001430
638624322
340471948
186097265
490122843
853880321
341329034
35213925
94912524
220894493
372619698
630291977
450729134
582927232
887807940
38381148
972600670
695281947
243759979
347964775
88075881
70068945
369726747
939068426
780551335
733999724
292574568
808567298
908105681
815883443
216971564
737456681
409803930
42494110
667980097
452244733
450386080
893196962
38771901
569599391
817666471
594261271
979324238
513068104
848690587
964077716
86837559
322953792
688866718
497591884
901578135
585998075
318119797
841142338
948370323
842470812
468489757
877736932
192404288
207149828
291531369
916868947
910275328
510181181
240339069
119061484
641073794
610250398
905994618
90158926
865923402
640344286
313442594
335338853
241176364
172591939
264550050
930806305
676820547
68469899
149047202
862822532
16617629
4671165
565984254
721833147
166000829
998572865
481758516
325450393
674674484
868237714
495083926
916366029
884226270
229066853
604672460
88822873
218166270
735786417
737617312
754624506
256190448
260922207
928087681
912353166
632840430
914496308
593119322
906852129
439649049
93707275
824099566
245654610
649614631
770236133
799869401
850988516
351130680
938335987
379022269
710283192
281809770
940822490
548849542
628033548
525949359
132822799
320259741
672876139
604277784
144808437
879424698
400557590
512461242
647518603
889267001
564443158
498872927
135610872
894164266
716414218
647399950
243656703
799375187
497739898
16478268
18611057
928183297
748368523
626314134
108384342
101540392
468421756
318632406
668544228
528751963
376413072
79362948
855596050
541720883
427638424
139039964
556650439
580377307
19914948
440215315
618354969
552282394
901086674
958208110
183378244
371642521
107017100
938448303
152923084
906416174
308025811
312235017
692648567
508065711
996648929
552443725
28508068
475378507
752318802
317897038
490100593
673699357
362862361
100365538
899046630
162606579
122366037
849574867
904399905
761305060
758879260
230090837
911716900
724522368
321645282
777291664
949170419
282978529
3498754
120006186
922273303
56949175
918694304
543298528
732671897
405865769
601285278
819972220
293050954
53629637
38413949
158340726
679109190
768803713
235877572
536814845
535673069
965068199
895329846
789479026
809687912
461604546
971553977
959024929
713706503
82510954
929869749
177810821
404664341
747736450
763390886
696194328
999014724
380727410
464546632
761626300
802447628
52259653
761702304
903193915
959071185
933719271
105727384
698054562
281944180
888982162
949589506
423653973
440947800
257560719
533215697
5350740
984714679
565623229
369780823
613777221
825885545
953683894
525092637
806082218
138210744
273794932
227542815
160252856
243215847
868739555
963854379
620120632
314592752
128898665
945616839
344617225
621457665
901042179
521744759
342373497
552355700
978299128
106050967
422068104
633124148
785786850
55440616
571083983
531432522
958839967
36038936
253689089
698424705
194954380
312670889
514035418
713377573
743208225
386324448
938293667
49262781
909988690
432862576
639184330
648197812
85816092
183074487
684933702
563712577
179657596
714113911
649596461
828854855
723465405
551731410
147124488
314147661
697360275
75640768
276206872
364367441
552414793
372138705
746482422
553356982
617637802
467122956
719774723
387890194
686687024
76056774
411208357
657989341
14073406
774231331
991272457
954403854
641777710
938913893
475572304
863327811
627407001
411841562
173513729
109337221
774255507
729895337
69635310
296351341
451750179
653174605
738698924
249103664
377398976
557244114
743271331
164454631
400226969
771187
934117451
444996053
58018536
262602292
661337696
946050246
982264381
224717849
550751601
576079290
383577328
804657773
989755526
754574651
13078820
419802741
869655721
381935840
95067454
17288274
273839689
983255611
914305067
942802535
961950687
315104357
145107874
603471996
457632920
757063662
771579130
906956077
832437966
702932658
555769457
557957153
57449534
855214821
630048290
913077908
449994356
774430888
705112806
568765352
421456534
977572751
828193420
690492399
810174165
859349341
832937285
841529036
793138676
315256371
117790318
763238476
265796703
226486590
427493363
865772028
276189764
788911436
347283628
721100726
460585587
911437164
134176458
563406641
634115679
618558005
685071705
941819571
330651359
512240486
306777959
723367068
32814088
967175382
828382498
394140010
787564447
546615093
781866851
994924743
621403803
616641549
353838459
430187800
953243779
853430157
782719372
970185554
634239354
410254085
840781148
331661252
709154472
112457775
48779571
603602947
667679866
815944365
490386057
317747731
251658409
188862770
42916820
645368147
333994044
902453756
737511733
264179804
40982919
861601694
481606433
393705839
458414764
124286729
559204578
795434711
622732753
329951011
250673339
450706724
8339068
89028314
157830035
760683718
161343783
953100959
923754536
288886526
32802885
476101999
601242450
260359881
372406041
479289397
179439321
157733436
410317706
128217506
885322821
466777410
247429891
983939866
352858537
238249103
135201922
478778009
219835384
230843879
913324400
618623340
319814579
790126459
760110703
419357953
407419897
621736114
345563639
969690400
504366804
488337584
114672111
924558024
323572125
272511575
994301422
256972990
756010452
387069027
699002219
628381101
557969847
110289212
223437184
921159079
715356992
53923135
832644699
39018909
230884790
918481963
936499576
236042881
959611591
161515683
377173136
502637596
719513991
268172560
116951789
877355743
14687163
851491223
353081639
515972135
368079881
699238851
215119860
663369076
719785007
3381380
247599930
994282899
214119047
587280369
50271347
943791000
308890278
397050610
779295375
313514108
583895232
347480423
524416028
798660551
54949141
844487142
113568359
228142649
189381057
194869359
513119960
416207584
590217094
264134307
772608280
72436421
171467935
391972513
27227546
675467111
795254739
890640096
576701864
331373464
121068949
721388605
549218140
757287184
686167411
747893966
537483542
707786864
976321274
963816452
362725968
282646629
439476883
764498622
685287540
324224477
330793326
317483629
491976790
53140768
807815734
721904840
896135483
870362006
551950353
781184461
238564295
237787437
624220990
106513190
195812156
200439939
758279267
641947162
355836742
912819964
786581459
231601300
303810496
565262144
758479443
98259327
457411237
380411624
888548853
315657271
406746746
185788615
885790530
317614063
610228841
387385172
473987599
655648066
411616239
766596291
700068272
755356273
21729760
923038630
570081210
13733676
600951425
340945442
55312577
72539367
957412002
164453652
558650026
216578549
635453409
769830427
551668497
776275501
40275353
930627048
173289322
917733641
990427395
661368290
652491510
347726916
330031732
541809086
583916887
513439999
411854627
932758110
377033293
341050047
818611838
546289379
617414570
596951207
890174794
855191799
317113156
535941460
977614875
900906612
76477250
900673345
143643932
113287831
14633471
167800278
380444887
909062034
591853989
467126266
714879854
835990539
837527378
820023633
336731893
492673525
110598396
562062275
825242971
566231817
42886541
789575843
635420554
901673799
586355064
726995993
385667339
581147534
42347333
60296385
106911862
204658312
546368952
694620338
506240768
131788878
531866539
301497910
377931183
47514768
668040229
174268884
565502883
147032960
355335473
288331671
364989434
794072018
311594102
346465211
509621930
53211984
788570684
420501325
91445896
566849762
347476437
218114724
708789761
276744549
289445512
446666861
280100686
197070899
303392202
870623478
971829219
601935097
790568451
435275061
904910664
737767884
332652892
706133505
521923991
803554979
603795684
418849662
80378684
159720831
547519339
279125238
813624997
159439020
910317638
848932537
526796983
162407376
275802222
101352301
922462914
30309950
982140187
140994865
490235020
550955059
679812224
990639331
727487900
889045381
280653575
465254506
290083120
631035873
864778832
989129149
432040609
17145742
517253416
435509312
601745283
90554536
782756048
995581046
951771079
126240310
861719759
819342214
902435851
195586258
537223930
530432220
985456777
701854597
936109999
468468956
586420996
34326082
159108110
676646215
982886445
813889898
922532986
128898969
844016710
741527988
623241418
877361571
839108814
184089581
207587140
981740178
90613875
358849574
930379499
928064478
119995683
340602698
28621451
325120563
125028689
365119543
454006559
380199203
558589899
827028704
257146534
407107318
358054209
774083644
215369324
189287680
429842586
754382203
7327936
784818311
994101212
369449555
840858658
781545208
693095047
484323520
521848116
536030186
697971908
791395005
749253905
135852606
28354058
259649408
708309252
115460665
521868574
551168057
126783065
505904705
519509784
787682934
212319449
622491781
677312653
291023885
201113864
211155702
673604934
792591924
114522048
673636366
245991084
382665153
558155042
863859841
657738653
246323100
220644402
871705954
56660268
577525936
188650755
839350022
168479812
25619754
181085351
993777771
899537368
992868366
274283944
795111578
685242374
208059986
744949556
668535259
211722727
298806630
242352131
380074412
235812394
445041196
683794168
119421964
208441303
459425819
490216340
285387871
232002699
364807307
349105853
833858006
214543403
515687876
888225089
323839775
497820727
296616392
204790587
57100289
557326425
940170051
529263735
352073310
152390910
193214910
856390856
557183033
544910720
527116791
400682327
720589668
107329948
615336209
590860418
517051631
527361901
465289070
939446028
211287014
807116065
18173334
78283561
495282110
395462278
935065012
984804963
752470864
627425184
550472736
99963184
595064423
979182265
147772773
981321315
921355096
672213900
876141782
366209299
506007626
675576682
686866367
423889162
850182760
79992384
403359137
221256387
868157870
393742128
774837588
691164483
866049660
495315763
544029068
884234208
87593158
57514199
857968585
84579247
700647146
739163996
180920162
212622847
96839790
490664686
14715714
633663041
773463559
904346160
479665038
770913296
114585669
793752649
981571166
8349160
896769534
731597398
750650481
411630149
600252040
862558353
569539781
326107344
883751022
539700608
795474808
987973408
217188694
155683641
121020912
953068939
7964667
542220061
498357543
922460666
799687622
239942693
889540059
675611018
78820748
217058970
730073993
49982628
879124413
78838273
608885030
254789309
998870048
607559157
350113472
346060786
999760101
123298023
656770335
130167282
81934143
352461835
740466774
621145675
310172885
224998730
236991611
572027407
255591069
902888102
803590342
646643216
834414141
236685695
373350929
957361666
670541819
585732075
14946360
235486158
783862322
889998684
858119534
757534107
520347919
646339942
575614220
167247343
371703717
837274068
750366549
114783391
492010151
750807047
422830174
333608281
428637949
345044988
771992239
125830645
655928632
818931532
382086968
219138762
153776573
527817933
616463396
901952496
377677447
317651246
864373918
277275522
836873455
182237371
744317085
405594374
125884799
65904586
824784389
661654567
36432422
904265311
679312300
226447969
672761792
300676393
283040440
206420324
878032696
213203702
930930820
748250011
943742343
191328147
214599780
320775213
647842950
965059198
975063002
58021373
490898632
968778390
164014198
242621153
437607325
800010812
129744671
712879069
325385636
567778748
772136815
424727451
89865570
170085824
707458909
599185426
621223147
382634386
981164224
686208595
128786217
107302958
703611543
648681751
345621493
200938097
899324997
285525751
131068936
839948122
106311246
671975762
834341301
303782479
345230604
69874865
753067888
528839512
735932623
157037843
137565683
752894814
387735339
715576420
374567187
344975847
911100220
62071817
945194272
364701783
839606933
392624450
202859184
996306397
228011555
314898853
900462240
161029566
711067392
125193913
734687740
27673564
851658269
133876776
413463425
890207147
767422483
791176248
229886550
908998805
299602957
914539438
239618536
427878109
388403271
322533513
29088242
460582875
465618807
783573114
882800989
97352769
327301629
489351826
541896519
351650188
951663210
53389041
159045620
702335905
166889903
67010281
908208727
319883248
76475783
648359973
702205300
538508656
979335531
660255031
195268489
841509297
127897798
588715449
153970270
440938413
860059016
445296909
444797666
944583173
977683370
913199458
17777786
965848336
895054572
666726873
901537918
435808900
4280601
801465665
59800036
61308381
909347769
80514520
46669092
996565371
146634109
525302154
529113123
465247681
279418465
481993176
431667008
153491284
430824882
252634310
223292732
986716517
535598552
893698575
270544933
996099021
748007149
811401263
621233633
613411747
848179204
877600301
550006730
55910607
870028641
442996863
906795437
701829387
784666253
242482655
843071463
649146194
864827426
10623319
860754249
57565550
522518214
128604713
574949504
168768846
667349755
392029461
636769071
33224292
241306024
739939912
635735284
671899087
136166018
660026493
666078003
455171727
145415303
819731343
883104649
674414810
632990858
819073795
275487630
804441834
630180110
271219408
936656999
41073611
831551870
239716478
232114830
700337933
270175266
742566518
77777437
590296931
51735956
453927517
22184078
63010339
864501113
846098614
25228811
304828670
317967078
936737552
68521139
366695872
971169458
87601565
949479885
565394991
348221339
440502608
672643028
420714772
180903990
252324248
65086305
505215258
621039686
875933999
173588551
651551425
898030291
620140911
648154718
281887578
628392768
730810077
10469351
831759033
69097526
574417003
665622707
672545724
910641443
244787083
49563699
197976777
319504283
948469826
837184631
274656801
288054080
634094030
241142656
63607234
439655509
281594557
209532008
388383738
41480067
754165194
472224815
519800053
407123512
115047153
269398683
666566196
96321570
138038101
995964576
416533998
841576818
514299419
569045579
833089323
242683926
308364991
93274517
100059521
986779728
956708170
711915521
842857366
591153092
991667399
596065021
149494163
124859926
315969345
924616192
738830655
552043713
439166267
851301403
99973079
78701194
144710721
901420701
168096261
216843840
404355458
690884336
977017569
307069688
345773849
362515163
438565342
706727020
937259564
100842651
900646526
297700107
44760242
936524912
250737548
631317254
87884112
723701770
413203392
988743615
622980693
357377870
365239640
280601341
616558786
667578310
254471986
306783311
934371932
264729274
714457769
476395966
55083013
224300126
89793934
379275749
660854489
835423765
345974264
284731970
537866853
650290247
833820302
287430261
74592451
73778019
989167535
666112977
609144227
621362050
357592252
619227054
931587727
310705053
434421542
719123352
672548233
508802949
158949119
909713680
930316493
720985841
20302099
933661215
9166464
186699685
458632742
742822795
96893391
230408191
39937562
793500489
89280364
936446651
923672255
707275442
275202922
293497196
115022716
551305119
379602338
936317026
518853247
547562062
238351166
937354207
938919881
248261149
415995154
492614308
261574078
172544242
279304415
659364285
675706732
326231822
474570984
86074848
230159823
586236866
9475716
409670905
38424603
346294239
881824634
1477213
705009396
548523415
318019160
14139430
218730973
552812564
437470237
603523499
949700687
944933346
962163432
284199792
825264359
188838175
833736487
378485295
70397522
191787167
226544131
377929762
327453050
946897225
192080124
73869139
162299346
665758408
163739159
606154202
7844715
387106935
405681085
29103151
483975121
792966020
840845816
386304773
982173308
579517762
560981526
123430317
216210530
935860384
151743046
243600807
196204435
799472859
854937036
962456447
445913634
114674507
729848385
266483873
251860505
470862117
266991770
971795361
439847446
35843124
484385276
978223366
33478522
656997016
20374812
678210895
637546638
806876122
111393563
272644721
273639906
475301295
442585135
285488523
403490610
445013199
470854375
797007684
856218022
656660547
539972594
636536205
782203768
403327402
4869060
959323107
369540556
623946776
733603803
28856139
79322386
490403404
748120115
805592809
645939327
495232905
412389418
184266793
463879402
656270702
578709786
306226999
619162568
756035797
625410998
341686878
949995306
632151344
637375457
684137141
630789048
275646201
359332024
886770675
729109291
190454387
810353287
67431803
30637327
406424996
387721698
565387558
569590956
31402456
365478486
893420332
940223770
909417202
210665710
660204498
678704047
883207368
624942154
835421149
857882785
432375242
102656145
685891868
906237685
390045440
903583367
724325046
238573425
549481301
691562859
87098760
7753759
312066843
891801375
245797086
300720069
615693593
864014934
950278925
63626456
401219752
152537099
792616126
770090061
373303369
654739653
45881664
45953670
596453244
740096302
966099402
181948272
183000074
479095358
421010078
209850084
686565118
350055202
983065910
156638868
236880397
614059645
13483630
879591757
86465550
760282544
821133390
764655570
981190170
739267513
299020594
134751328
735999066
713273558
614795880
692797776
293350461
386613842
506000188
562581868
536538790
244336237
214924477
36387702
431370031
796002887
124362995
719560150
854879288
858839418
524200236
926434585
287212542
798574794
767851605
899953520
180191534
150907320
115047252
322485329
449935941
17210591
796065829
97158533
520784917
772661095
856086424
779982527
693743641
900972691
569608320
531553952
278256143
710689998
326155690
566247897
315573454
727514423
910015223
254547025
926428692
609234143
763304141
686372612
886357679
888370047
412287900
305574524
241843745
336702100
609638513
409065846
903656833
566134441
565906107
677334836
904053841
960631043
340247853
114118338
379716382
921248922
333520418
633404450
372118261
496584367
337656092
488172305
667473590
200832847
418566145
208490931
595622667
411005639
649980338
655293522
341610077
51463071
973585120
88142663
865197891
242963919
76878232
379280344
111753897
259448566
623729919
894480387
857397206
322912084
653798062
770174589
472833098
158961143
506406093
665018803
669360816
583208966
492909301
466277631
257305573
502881182
695287771
172269614
878639464
33963240
818119922
683826974
524425936
221374998
953915599
53851188
258963926
805523701
266911095
317344694
717044147
155016669
864598834
863532994
630624433
843774649
322063538
375074098
589253529
819942732
198799550
498847660
189625439
757385970
710945048
10469440
803872062
82258405
588340869
509663719
874457416
946402430
215594240
178866828
495832824
345040621
815817462
785428124
411854947
408852994
679863050
337220054
515542266
52932038
13387237
228874457
216502760
709084131
950599108
796579453
838089145
244388849
809189502
233460380
229860654
529432708
286286235
897031964
118026109
36919111
389191352
889540998
507448212
345961052
953718645
935210432
890066239
468402123
909669409
468165956
663309182
2418330
552719823
239989411
983907925
961417564
376078097
924773271
574688548
945687880
300349887
100489976
915882424
752962750
592133406
925223082
572609593
5795746
44848915
987196215
218300864
524974739
299505684
179144208
858431250
324913889
668236355
215791517
395961252
250672812
161281712
169451507
463345998
183377626
763084517
367055725
485328393
949082392
27666881
934110574
958781155
286378902
239446886
288279289
127871932
76275264
57289073
989754622
308776231
268194047
127986432
246263019
596059179
228942410
79191286
326859432
600676884
349737457
505388006
437581101
493098164
720315941
705746298
838708104
774134407
511101838
72963888
596528863
336917746
97584022
526325111
490590187
896426160
6029006
633228508
739191002
825985353
391881679
855731778
502507309
87582602
401674551
536934389
87625899
447742477
852261377
930996429
698540644
174763153
537980872
786884286
475801540
217828496
850485335
421696822
362115169
882946748
301355333
146682142
537106854
37828104
302436882
211104566
602764108
338943508
65924673
284420416
827183745
539467248
5189916
806556323
221829523
965232641
72443256
82423159
52123307
818764788
290479325
336620654
592058041
975576061
187220794
726961747
147282223
162022437
77968588
359994835
679991359
439319684
178816801
806469603
949474241
70560678
325394613
144875673
501224751
903443415
260468321
175164335
920766624
549331894
130454642
845774794
111303479
526281938
134798624
900740027
647161862
793808331
360550097
259298168
484533199
664578172
51299169
906208447
830835814
270588914
133624115
289281140
498194029
966044729
315841298
800434046
540367580
561400631
670596382
664182090
851048326
425558667
84611823
579006668
219380759
322203749
931634297
508405673
862439012
359970335
956882588
790203529
629258457
802330902
604897731
928685520
687724301
201614069
86665748
274404843
513389272
450179630
240866420
211446428
838491658
440230381
476784974
428190478
21151898
921301390
569827224
975284007
899267619
564872696
874709747
790362270
257687926
15432127
905902115
7623812
255597677
560594748
934892705
314702559
143130612
959242038
580879888
47483131
771906507
441824766
778912050
661418173
735497993
767541834
268209954
593205272
525848921
602582450
18684888
750346546
235402718
900203771
533221547
569695633
550839536
985775413
963348402
433483901
271157559
72464862
888381647
159134871
65208972
791455992
90992246
583976680
117654284
996420786
418294808
5591893
320349661
321389420
786161246
31200549
567836695
680858546
500369566
267495334
956401522
305795182
165934972
367802364
726813324
672930906
944493466
179126325
731487450
163279549
940164702
697108442
327100323
753090755
689426005
283534819
678020117
751911576
924533031
546025732
135892779
945315228
265618669
350385697
67983771
503391663
841778517
809816164
925895429
147838410
461442441
413120318
407236089
758399553
970458224
468917050
774468054
527707310
225306115
743150333
484026684
557431234
126031021
402659117
156147139
972806044
96428193
118547002
819148258
636046509
140505205
447276672
931463129
190984
608979906
566138097
258115129
328589660
598442491
288286782
610523213
240280199
422716945
551910323
171433572
585586855
540372517
534010486
50952682
597398955
748091138
824151630
923854037
778619521
680348689
428550133
575020255
630437360
734699901
45348025
533222348
839586188
115862797
868605276
391923191
910091505
655274392
542812819
396178990
33658995
87047040
819035067
342170560
838377384
500368220
175188334
257749531
349844348
465799076
581388693
81757871
230929891
980159071
601128204
40628576
378376526
96336277
663386041
874687752
788801097
13383019
503961649
786496892
866006688
742039010
339420753
57335880
233571458
47093392
653515178
156630230
333180962
58530779
44604148
840479440
710692926
581957665
580019738
366857443
820520717
434661689
825564155
371887872
285088468
115232499
623417775
90169288
759261754
43147315
249281640
724522480
49435188
61555763
847917398
95851878
531990084
575880913
491543552
868669076
381470015
641023608
689726273
90232069
263300349
843478948
941514171
106317453
250492754
645686955
473122567
237034702
813822531
740039491
921053414
412303746
808783061
429867732
801812248
591689694
276697145
294034509
687136064
377370836
818106908
742398924
46881736
980809124
597273798
136413915
431041147
379472109
625236855
937820388
103865182
270699240
287401075
975033065
293720840
280842794
2024027
180762247
597436956
407958730
67263449
814546136
100508290
622179241
800978234
195758976
488295461
578729231
373630899
265356299
60544153
802480879
90569985
702453082
532577084
332739599
555836738
654970463
173958232
905096004
653872656
144765501
733674557
641252738
659821587
51209457
8442799
477990202
973101964
5479706
174465407
483456915
133063312
692269436
620640857
218249750
611283506
838161614
213688058
346984375
752769918
27096024
82904078
789039346
37900372
572182901
777982973
483654632
821952223
50915573
135276966
79546385
337899396
864477447
933159807
28052798
127359994
593279382
383786370
129564223
324846166
173438759
975526775
462299328
389167494
481170627
183575751
720771275
519596426
755300084
286230474
729192782
185352704
590530327
670995854
399335034
242246701
438117591
582050701
944633161
562717550
914130538
542786365
328618706
320353781
276144313
968592228
738730528
590457397
637115186
571081833
214458826
198569904
543227759
925941399
920066820
301918203
961720887
289596575
963903147
184627827
15937066
634185191
317563806
611512517
147214885
593115467
113287771
889760843
274360287
444057336
156587181
268660489
743138101
187078800
498131473
657153189
988872606
378381176
482897459
192351002
404091967
701575541
53950307
198511316
289902573
562317812
805127444
85810084
572051980
13739017
75553616
29186828
363494062
178798580
806250730
556279510
941645751
172407613
696946549
638840717
810616547
57775809
344276705
881932691
472700075
469097659
914179667
57422214
306919642
891051919
16038340
753055117
164699284
429879723
524291286
903918652
578731703
159388302
7076550
794890753
378717514
741158526
664810379
342104345
649132492
478872760
877897401
103754735
264049609
963931632
745910089
624469393
782256189
816987950
674232388
636984082
502583476
681559753
175228919
339184276
961135849
923676099
374481355
717636088
159050324
586955503
299728704
940826043
24485761
780744105
974925724
863480250
496332010
551805372
955365734
210203505
628816813
974997987
152014035
806527445
185420148
393372921
135993155
212105249
434680043
751405231
531133767
75278871
518003950
169680301
916652890
947744057
849330496
497414894
749501719
15007491
753691244
956232804
290661703
51274681
631339736
208244447
745209606
154852803
443165079
974166562
930666971
719293297
596588170
97519234
49874786
360260336
176092221
519462150
325968000
470542930
739201505
518328954
584482752
354892076
521034083
143404336
678312794
512696178
563867753
962053450
249603024
24063358
656943153
167650899
762733759
6211488
26346735
74024218
638623654
621918651
796112021
783555814
108651771
247299763
144017114
366971140
892521067
228498239
876189526
56871401
638248922
843488687
563311444
851107182
555487637
634193382
51761788
317393983
579621374
263947946
499171870
113667698
744754295
815771419
146463078
653130599
799985953
257594810
783071182
746004700
738836723
357418341
817758501
392781198
764225299
371839959
337148658
27950076
460294735
106167098
551682342
245243530
29098055
309239515
803447862
643836465
642110889
595290031
168265017
981965341
87035757
382065212
437731083
838265066
511609693
511981164
587087011
391443725
405946998
363254982
344930661
505728941
470192566
94496133
727284227
482310695
471028085
318334620
371910980
419600939
107051871
594987394
746921112
70634965
943064730
710291176
239821
882336987
632802218
58399580
60843395
778266195
665663583
547757008
752375295
654097901
2114454
508685066
870180655
45135122
369193308
367484853
981118883
736381092
875976757
652267671
239246017
885429218
747596722
754791394
111612540
582192847
474373662
603971279
778830393
162959326
242396336
381090007
163205809
713934859
763504167
602515787
266096779
674564745
408256436
391392546
138671051
187853273
483166167
757916574
195585461
720240787
894370355
316876100
167175859
204526056
481351441
772422475
412882893
340743484
407960675
984735220
129875500
152418199
750847147
803593410
222822963
734700915
801823381
60864443
681451860
683499065
19602372
103022738
114155395
875623632
221627890
192134225
587480893
175090472
714855335
939968243
980391813
295132986
973149393
975079334
771467279
313373403
427154073
521345088
727067346
275957627
836036692
661791980
934961654
678451269
357107378
269436003
205761518
417174562
834978858
819740704
428516569
788612611
738660262
650217145
719368412
279318030
469660719
732065800
959487216
148245043
824209225
27133700
965050267
11416133
872283312
676257093
449812886
646439059
72619048
74226272
779598254
115308200
842310740
48313952
675367695
111129795
72928859
957040779
548557226
267441029
386946140
151972989
834832219
82458382
726591688
147162231
36392927
342680363
507631421
945564986
308021419
19790164
514312787
712467286
144191712
774636960
58180390
114738811
640004796
892482786
523964292
190610083
887693277
399592438
79540639
582169946
403666876
292598734
315118733
664652645
809995293
785312235
520991038
495447481
326255006
196160202
521703526
401287442
924816330
355842401
633987899
210708921
981111483
187677679
861026746
80738126
586661247
352788556
670579701
359643765
806867381
172885713
462966395
843618304
504787284
563477650
743298016
196446750
272016648
239333196
521665434
777766657
672843390
816742805
401220596
162703611
670077040
544001046
450451110
490800036
149048712
154939127
464236568
404846860
553882188
640243989
639833349
27276234
810397213
686492766
111109492
593778532
521721498
774515975
514065615
417596693
261011996
79506718
394532999
79004915
476154986
181785209
830785794
760355774
134606508
761988070
298255162
160320881
354419192
720961032
772915889
522993834
331913360
709915065
459746767
628194996
817849762
459965092
185804569
541692618
468891933
722923989
707680898
211907334
273700174
50702181
908553801
227363579
545669379
262348027
334795535
859561323
331602571
387010614
77221828
934567494
211402068
456474400
313040223
783043219
625793907
910786661
42873873
617979007
622216442
735599798
494961420
654256521
273361769
957808122
199458099
653529958
239021403
70916422
210562343
459059615
270070898
576576946
362178258
731177985
84006559
392565333
257701395
100371811
408564800
441896940
21441238
797918883
929683122
550329171
827971647
211314648
357302184
227970509
825916990
882041177
103057432
983259587
884201542
293125295
365527797
796777138
863725821
879497996
56908139
247152435
852143782
425347761
842441787
624029479
810265525
974866996
870250046
158716683
891193024
302911733
430648569
469855855
833495042
161006541
992503651
780504205
933343791
806116622
345678449
156619167
407960926
126979599
294938774
761379939
424170304
786377676
83493845
609758456
970775485
434918331
214855851
659322437
329275936
281698429
675999917
358183955
237072314
361870202
517264365
145547916
795822896
576511119
427469502
477314827
786102120
251522370
703448715
280827810
194780871
27963643
461757437
756432918
428796774
177984818
624700084
396180010
153531520
673845318
744996218
227581309
750712974
129655885
77146378
477659532
357713238
616797372
112302222
302048857
606216820
544206977
707893673
5284143
696673331
786848654
243884605
813982759
348819242
823489989
574128280
15565545
405760190
969365085
710777873
409250608
310920300
463936371
863574255
168350369
908907469
178136752
527406640
856734648
864167607
101885770
910241098
318060806
724831362
872546647
205152948
338721132
239999870
987889969
735307880
983294136
564808376
731495080
286082979
551526789
233002138
847767420
309729696
760820637
60609856
746455009
92964002
994931648
422030642
895687680
882416279
330155524
396375523
326586276
166008320
243373990
364255134
36303409
511891588
74405143
970384077
786319036
13499286
29779070
786818478
525606433
618033213
515392089
515381403
275837497
436054208
244669122
699546415
174511026
548484682
998886119
988560041
327518550
137668550
68469188
953152353
236849418
379451909
233000701
730079050
62914438
119952636
817822916
330185539
958509045
670997867
678903413
900173765
655365669
168349060
905358066
145260516
724996984
146483802
530316011
44521500
652180350
34240560
756986782
136219798
681495562
436049594
263665879
192268360
286914170
418996385
319895661
22711876
623829420
610255805
396326485
18478402
758314683
906844991
155657103
77724273
841579551
172332040
406263676
441186448
738857591
916588140
391783212
321858003
997300440
422137302
900735574
401240564
669934044
750184452
483473658
107968154
136498649
475682269
63658868
434636429
396696338
275399353
873709309
549782316
914607809
120151342
499293230
789193212
809301234
372615648
575578710
849352369
157219660
479130024
533616517
464768854
13962414
913187317
985427705
836209033
83183786
16955449
16453772
368516286
293685580
459475110
496527040
315249520
491349708
731370423
204681475
5726421
889591625
704181070
196004634
29399860
233151765
844796953
240662693
489926539
610538823
754844452
512244796
815147711
812479761
962068735
256357231
124824344
476930038
730313089
738406624
300065197
478495192
629427669
654646798
704383083
568461999
321263834
706950506
158859259
760595038
562293441
705590654
295296086
485050289
745410974
601855954
569393402
242936543
121397182
480205521
230227798
312243526
996861034
615340629
789741302
427541173
975752896
979880547
202422025
834143302
802157349
972299967
890555977
463272417
310318002
521941183
873335483
462621972
458846903
89203985
162406774
154625949
614629418
398965476
454120632
982755332
887878390
521600073
650330574
490268401
803313992
79403153
130655405
672921178
727069673
885278467
425656954
233235724
773503643
483779510
326549735
239368315
512909494
38536972
11649568
825563189
576210203
699695750
742275641
871107626
905360583
476831658
415088023
117711128
4077313
428319802
403392182
199716630
665608874
34835558
914510142
404986290
25581017
589926212
424075749
197878538
663746450
92442329
130663046
422247389
652916210
65280637
12534950
624582993
341786101
249203689
181461095
478072270
728892462
573761805
274742408
711383628
65207743
507491880
627263923
977401303
762656927
510167273
195769678
218958058
203873355
201323924
458388686
266245579
116207435
757819652
451216454
216813017
648765550
7852441
419288465
442962859
505947852
987690034
484121784
60455116
224799652
818857973
223139432
445141799
465096978
529036403
854498650
702193385
874765087
925077222
490729611
967824942
26944800
525297459
827263825
178322604
39256759
340981973
514632103
123643334
170499175
191034916
648444215
837881536
849925857
476144992
686303407
501194188
614339585
572382105
413266697
377913093
471982648
198911922
482462670
632220892
460577864
327929441
854950302
827017276
296129819
624092835
302601710
178497458
497172264
890892677
299418471
111251964
710832351
37630548
119049835
700820227
903376230
546698845
228948034
725846142
34051220
888714448
967654023
51717781
457808440
916596209
989841132
247182996
289175504
485312533
853635294
196309062
138728655
996011244
452236565
248127711
513997983
259949218
263398643
892402102
113958939
661950685
298995072
465655835
43478985
10479910
925940177
544433318
692978863
12773344
981213877
358425763
104521584
123069305
405637890
738587873
750063279
213437468
244542944
932887588
41575755
254548253
688545728
196165657
911187031
776064636
424030564
188006494
245627260
701352035
274392824
783623763
672315028
828410961
267822684
244810034
283189547
300922930
307247586
454508864
900491670
799302794
800670921
218399088
154817378
354358039
162488868
166921148
18936508
833753808
193919725
117350914
775704338
685210892
171028017
490773288
78766698
814876726
106600469
107403141
649178542
810180845
655800798
385794288
650157458
208000960
488328675
318868157
891507101
152611302
797040274
506275432
289558949
581449703
565718340
675930707
113306500
251586315
72019657
870543679
566428607
986568542
602364310
694220402
399174416
913395360
560867606
690418870
305905020
521744683
732315287
491089070
286776489
1258331
258382867
213412270
57012390
876652053
796188339
211715963
8360887
502000297
43566091
644667953
190740259
598836736
156579051
624549656
986318637
907064742
405381367
199970753
590920279
789637227
156240910
635410711
137377643
717381013
525738225
127316502
915687027
172261377
605824971
96476910
734242011
752567169
627268490
114098100
428611321
339990899
744305167
642068408
278258376
646900021
16193478
934839277
120755212
845940930
57054283
14315646
376241018
271079186
642395633
367969765
624282515
796576223
442083052
980213583
850348817
266001462
755762650
586955001
948986269
656711284
702406627
560033341
830848312
781260086
677492882
126481377
50647244
339564451
819923694
95032808
701086716
842660572
428671300
388433746
366177671
482824337
8066165
1076812
948692921
94835663
77094512
51503004
261405108
320495430
939305992
302348177
385206463
112956656
498152564
671871182
97291384
951384971
293157932
763862574
678760695
257393648
865810143
192245487
68815725
524810184
150154270
883899186
956777268
790675700
921620629
5839331
782022675
450283579
794569250
270368536
990248818
706424871
842288113
249256285
761342869
393102809
316469464
146271694
528233651
520076263
235512528
492326372
984760216
298714837
685478789
111341930
937319526
716585214
193522169
533112543
95257755
150246850
798779350
924521031
849406854
406700344
126271289
753524324
237419159
562954564
613792176
253187928
104647672
698685236
928952042
777312236
988745975
626723791
87360139
714698514
501249269
402246065
284923164
509439198
918449523
857163759
621972654
600981532
318388829
109909196
236930733
85841749
645618129
297789225
144996181
425288174
263165762
850175502
990726147
327949178
936516601
405685142
218134394
18959094
507136088
296426393
40244776
2081127
162696196
535313838
248515480
438033733
360353315
439741518
383673642
692280727
317567628
263104439
700262524
157212085
812726789
937892929
781027731
113549382
547351238
687932633
299499462
135297207
74958958
636151579
542638505
63325098
696528938
699518511
411036385
145702781
123017822
597797651
909387117
573954191
207612804
890461381
292036211
340305043
787462490
495021336
945395962
3201970
938912314
148944366
601055976
476110921
146222221
922583061
533831810
497793959
93352858
161268330
812923500
156533901
515243798
59285301
903108976
703011099
548041675
795168795
919249924
606720572
893517948
629896154
971961691
15787220
482851309
89450753
875862928
353630446
868694147
440369508
981190457
434567246
853141510
804048094
899963938
948513701
182436746
51394072
989832642
712572548
164225616
746183993
652067290
51239330
558726684
181832581
502310331
12707331
963359538
257000541
709388528
283167202
446400000
50404595
804796285
140366159
969118986
896620075
930686886
967080046
248149274
862803857
429740932
805482511
423270326
659332025
697153117
345396624
969115295
62647520
604037709
281072298
766298711
942020959
963750850
324904627
352216422
855177931
80815337
659577789
975342019
347301761
303981576
869216877
926653721
464776720
826026842
233001477
790962113
113856902
900327137
352719792
994770897
226705538
615295575
14898833
273985592
411829954
948312276
341484790
174637835
472160597
868494923
387617930
455422773
614949447
889069098
82363704
295710285
321869089
867179251
928000325
113578305
177991012
784002685
749972998
126284697
857120833
227933696
181800081
421848279
972881617
837902205
647222871
502269763
48926101
965803833
846184430
839311969
996571479
726568085
337729162
189313508
829631926
598211489
819760267
990306051
209993560
389394666
461183571
610869063
729782749
511084110
984378254
12795533
546736900
553111119
616364395
75318922
146184580
64753021
154425333
651070929
855069508
469458798
32843299
303930853
337131363
407605199
23371320
515516936
367463648
993263268
363374560
479417698
194365762
976423456
377965435
46297336
335616001
437486143
979844645
949366988
909483884
912375716
58705547
332691768
390802976
91600932
445964044
408724825
917272586
561937679
25927916
697551059
320795925
244437507
187508295
748649733
753156250
514921123
985999117
367835925
526072894
687902563
366339916
9696773
63218966
761131576
634867639
429715165
443737813
459911865
33938226
225925793
589143165
334308404
795473876
596799000
67620887
444928279
629380495
821747775
937942842
385789605
137928891
457138215
736825275
875872336
286378123
252826723
934404292
982560811
508909725
332459367
584130042
599910866
560589052
357785
252621714
587077097
73545091
681756487
776712067
826258066
495859033
183220692
63198683
86958484
728924471
727672129
692694767
30393515
563961926
245734895
642602448
262994717
299868890
894495084
136461627
835416831
372527770
730813358
63082346
430942990
776960756
318745768
823660943
262906050
160852880
996379292
586368585
579168888
991212806
120788194
252048749
258663940
40980784
347083746
885704182
914739723
360835799
462131822
134550386
820283852
512942953
61295463
277739919
856077416
963526345
888177678
816772572
514379013
231165879
118943484
451465538
939521812
808874121
841468637
540115205
151504379
223198856
515175771
225358967
517649345
300746966
569901384
183274411
999619179
610954102
566908523
361841858
594784560
550197904
337615489
234690065
585184952
237872916
466848283
702722915
962064131
724769958
178228099
699464254
863284589
91613853
757377282
758326328
330417032
54229999
79648882
52988164
270238038
928774943
24956610
376889732
472961817
760252613
734771839
263306226
563867202
551534411
191830355
779936402
750641676
998816735
888682046
117999845
117160475
102575503
443976735
240699275
770268242
928740720
8344517
906860615
810243734
106966261
224698451
471329471
480897069
196439119
59720552
434993920
310893309
201062679
112572879
339077133
960224806
24482240
403195207
780433070
506247848
439928229
161315079
119460673
762734323
102325295
783034114
709538569
80312562
127538192
397220268
838404649
153535952
637341820
978592257
181943579
230395746
358108826
836596045
311391408
284867639
348112856
990348572
899905856
815925473
272150275
660778452
234107855
715022834
191789542
242701238
875210156
299436213
631416301
775633454
67782397
642812166
953718608
103778664
942835062
318847407
272979200
330431445
626628438
664650792
198396718
771237130
12557474
26650172
65828058
261384383
893379772
679283296
512266482
466464281
755563310
137688208
157785558
143066924
902186816
210733808
355355109
739531592
462681063
995026219
474110388
279806092
254452753
55964007
205173823
857226183
739632143
242496202
8960226
833000314
267027735
173985156
956513023
854287846
9094122
940116919
60246629
416208422
188815415
380477801
131846088
96003412
786686999
220119935
440130867
166338155
325894609
213915656
666445405
403840741
768083209
726572510
522221549
349943967
42284107
237460905
671382446
562169967
431311421
216805932
327346802
796321189
979815190
293083051
590859307
393948852
343069617
475558203
149447440
486339205
985339277
456607763
12812550
172779249
244382634
782137961
717759908
240661331
645794507
661629763
997813126
150123243
737015039
736304470
187567770
587394844
832566849
868756473
974680179
57597757
115870762
648225456
444717568
664564527
767339278
633689927
423644638
541553591
893553963
685818725
174979665
84439045
688188280
188640825
309744666
73159797
728676096
59331051
187738214
282334491
144075730
178712650
708629611
50724003
681745194
660902713
122869450
646603695
573915735
700714106
945267209
371618682
564409196
590942715
230931578
172839216
115072825
843268663
497029381
90707340
251925182
698982374
753021274
123234307
611931483
395402050
39403952
161343975
297724958
334908499
393265603
192462032
4321370
273758920
971403956
736682457
193738871
529263547
35925851
581867472
391065404
460631785
18643704
888551519
656590452
228709033
182973728
915232208
666270695
170816422
863406284
992583175
257442439
522127350
354050889
362661775
517996116
49736098
151281089
600308384
911657790
749306630
558905119
412312470
773270409
676068065
17837381
7992749
506973154
296655586
639395907
811386508
425942053
887843058
349093299
6100119
955470130
940473626
717524771
751092198
936681771
347626952
392549264
307581759
718308928
409703643
307142733
546553415
591170085
5750069
327909276
310085445
512802339
635118358
533652592
97757046
637847958
615721265
108002380
147876672
881812226
634187519
601030232
101749520
326305124
609478613
505155271
112306413
863906216
469174022
958123333
543699237
674772698
585251908
536060410
44936025
850607734
823163897
216514020
890245407
454565807
607550915
679993342
785065211
5414962
341109354
145383657
533224047
46787974
803791988
404517562
422312968
662922338
970914537
394263342
640735961
994507863
9005283
980406606
997707964
715622122
685171761
824587532
243384628
150819238
384846277
887425732
45625804
542368292
320677335
985135284
329868697
975576674
85844919
589292405
816948297
308532361
667146973
561092511
443848867
474036893
754974520
334263567
986667305
327409942
164569090
172659608
833094828
830219370
567735575
651795437
205245430
768122169
410017846
610939434
103374422
646906637
987112126
131547719
261122384
603630880
73994687
899229983
519877263
313466899
928310211
464015809
496969586
478806488
529296455
798341047
481904064
936664620
348623357
422965110
598997538
336143104
765640218
866841479
792433043
219672828
964859683
628067603
235472332
437714166
15159911
520162748
273799991
743944160
419209016
436141653
983305070
875652526
95012933
899021737
902576499
601356091
823225882
581678470
77695380
641039545
154003028
495750504
512341040
406250729
796760988
16218920
159483557
185537196
323435305
56003062
385211503
646053021
525185032
726834154
676730314
330466274
188990626
445362975
668426409
442288242
317820597
749909395
259810827
272574242
670241579
7233466
46305219
149017114
88288055
559031770
436583069
223913304
938748118
95377148
692340610
26807876
68300921
708776027
484158010
422866303
999032468
85769760
832375401
749556673
105871869
809579076
872650248
773287171
468390578
217050335
240729171
590821774
803602721
717913800
835649673
722078634
83632940
426194774
917078416
575388824
536963090
869340841
977703223
312544661
554582082
894101649
413744537
574344370
442383690
163014654
137925572
558173370
586946131
682178218
348224680
169736761
809341673
977447765
275239902
871187790
272372442
723827264
165685546
116372523
695292479
505460485
517527431
580823524
948956707
52657472
517873661
741656894
354816063
871373285
134313370
226647732
200346955
537115055
286665726
821673271
806468415
946685895
822692931
365117914
306038598
936248823
250084356
443293905
337043079
894895749
732246539
718709694
516751804
909268917
304360592
181259964
187416229
301162232
143280490
917634598
60338778
521250398
928508645
757963236
765648431
60860250
635010736
523274891
451822929
31226492
801468985
320534215
613056344
383906546
12058927
536952429
767105119
98516489
108366421
603680456
467136731
155749041
246482111
168482282
458303812
328110858
819560979
367524315
891039757
631718991
643612791
871857797
746746233
348129389
503212579
919723482
642726857
572431174
935669002
352852872
648248462
183556439
723624013
615635840
440537328
223013489
617790328
808818483
873305057
900684170
936367463
425967603
473378195
76718157
104735234
273576887
398826936
942145009
450528597
661964840
661352054
674732096
565621749
114974994
268825500
840736209
699415111
789626060
320338258
857555272
914382334
53962147
476214934
538836049
364915898
124665753
218214318
273088827
490316433
948326918
382868534
447552770
849960837
411422022
600207916
301867601
554899216
780402453
154330196
518311073
759255475
926602480
992046119
42177871
653173169
932517214
31633986
824354200
433219131
993679021
447077360
7715137
933966351
454651785
401207756
179920483
175548328
868480243
682046755
192976022
619588192
737464417
720855134
844112243
884565830
973938472
979438424
723101414
845286227
95820827
933017424
49884365
301599065
293341856
368593174
294551673
709986944
810423195
150735534
550548294
720118108
862174802
84984171
329484272
758983595
780840851
868100686
308843095
881964049
537019484
906896108
486506143
145523168
933820948
140469554
440690417
26829143
668216794
988110844
872317388
430365850
99800694
505688224
596187183
942897253
330858843
212318733
46365704
991995755
721112982
321282844
191437162
152683611
555311736
634552222
699650826
827582710
287485400
465917726
293984555
599389703
88679912
788479367
603684316
439255840
327589574
917672436
546971761
758048879
318275069
678851107
218845432
127572132
247261843
931831277
691924812
291728041
222406764
958383077
59440543
320663593
821666303
759432557
931815489
810096289
803750967
283395005
624302243
220590859
30971982
938051258
241079646
80669406
320850588
844306039
21570986
576440372
151037831
690988127
249166604
997779754
162788605
273006783
448505795
896746854
650344417
840476130
83460667
976317986
299946133
32683365
322542552
587590114
744870502
443578518
199830249
192998292
263625591
830134014
1452310
630541345
140610123
977234944
164660404
35834933
685968201
573261321
762883622
429031628
256174325
321318598
696665296
905007205
548873734
401834439
274012683
48945189
520684252
140517775
489002940
991763793
536325093
339920000
473594201
569776939
82362253
663059473
712731031
534508251
587482741
435603840
945947926
962585159
455329584
50611141
55356298
570414696
462558735
671035197
256856613
205095419
23535019
469076820
949130247
673221469
50043397
242209374
851039226
808345902
690867192
200961716
954003661
60725347
732926070
178035703
984171100
101260788
998716808
784604282
413784115
924409785
372475656
35088372
268082345
906180256
832701905
797078557
612707754
594716379
929812122
358969156
746493690
879677741
22482572
382532818
813779563
416284658
890640866
653782214
723027477
519960156
501816587
58936667
639057228
629365844
458610760
737902126
949748184
506953326
894772024
38302135
550640313
63219236
255068143
686570249
981995033
422397668
748587264
446179999
722716751
838453468
680985122
254129287
41623543
24339030
68376857
902483332
164060169
759011719
523331538
910566370
939476755
905904410
960889781
244316421
807619019
19486553
799092668
159215586
937458310
842912642
705197905
729887354
303782969
449762605
132158359
560294020
859690428
647951869
711386081
873561185
129053860
180785446
969490408
860210999
794018709
39329219
250290863
540339430
272745533
895934620
193386011
929928953
525833241
365255455
834719919
368442250
295373642
430726691
370909479
298561981
823387060
825150914
976796757
316422607
450282263
828905705
896465104
442966015
735478654
869783451
570714095
621815529
207458467
811495836
339757899
545587204
384003088
852422416
59115445
710272481
107290151
355124457
129338600
193118127
888753527
72205119
640376046
874838711
450273436
638028381
464474769
300025747
527537105
809459866
27887536
830901885
789937628
442552437
375219234
33665312
279506149
940445834
310626394
737288564
544057362
6401432
194620610
826376408
186490179
998800124
176284090
830461844
926980269
825460270
893339627
498375317
872625477
21586896
753394198
18953034
656780852
582076834
548085397
420586147
210216500
442335597
651090808
747827622
365814654
593270007
520474849
952004662
80321571
483215562
506005512
806287069
493075575
169716628
115165357
432678211
367199755
632268722
240560057
382953316
472176934
47147448
693277761
899599130
455401499
700469116
290000353
22233617
69059425
685227221
639638855
410091611
523934789
286757593
801473636
7257824
706170002
548051178
238332029
108515031
41672657
574540455
800701179
466411805
883545670
171129672
256741588
382367040
297802957
105660604
325100279
406390131
242998086
414948242
101113615
420655002
789301794
102599527
386276114
884265747
449964686
177589819
195414687
198287257
75595990
482591112
530833425
223824172
794028913
282852037
90377563
93414114
322911289
18041919
969544239
61353186
779730774
301016698
81340670
397656180
767511222
850899408
581467776
884934474
942129727
121307312
945608252
26324921
760586120
504634884
650251207
555210455
226017782
744960394
52258759
165770436
622069699
911495765
420906944
32236466
103686794
864714738
835179223
628852928
976119597
702275918
172784543
742750068
114963667
790572857
813723336
130883691
326712504
226365848
705750056
314330519
751158346
366249534
440004180
520599570
885933684
15335251
641703518
703306715
746548206
994667343
933717746
858446422
226038012
656759210
655841699
294840509
475004803
180879285
973461630
73784025
959261183
198024057
142896903
217748268
890699794
277258780
869220216
61999851
290919837
414750677
809538815
379848335
257218497
264629868
148234632
718973968
417668370
695229676
606622591
633755068
288322683
166418111
363773192
728557136
150937906
794434513
714743279
425134829
975936428
28467820
426534968
360569488
610400829
830957290
302572436
964514762
843554613
545929360
505488727
894751166
409113289
582532048
136496921
812727738
266850088
508703944
460374977
131014186
934612676
199557182
526207406
78754932
862072910
507331454
246142605
997681194
589475168
295473007
225309439
149734453
310706413
641263159
197446743
230214294
188080774
46356786
960806274
308000678
462846175
509333461
321156778
705903119
939626137
110999215
508567893
904269786
423082309
855479231
420591880
902066444
364948968
722651235
962881745
768403374
774393515
538407629
364126890
442750676
589678330
455921793
840154941
607801176
615429437
642564382
111708842
734644116
271595381
538709554
205097764
591290043
998328296
186339982
130182705
373622035
152750155
515309112
942530296
262518592
683666390
273572044
812985303
42894250
809260417
957710147
979554625
891647975
27119254
327789801
135796490
267589174
678406033
984163054
51889241
873205754
999479801
529920395
522239331
432695824
864065243
766357881
35121157
660476351
377393929
451779502
625848997
308133798
303174001
978372210
836788376
975804032
720556138
304750556
565704788
882499688
727842828
605216616
350813075
219186486
463803255
797763525
750710459
205147887
89569597
482094983
669562859
629709405
915852744
580852079
881061628
204614545
692500662
690838657
732513697
792876843
770669508
804607706
772501989
354017405
189585832
511383105
229938658
674642031
337732923
281551462
301723999
920708996
906854949
840033294
554759808
761292714
192246088
882682544
404826856
909913458
82324943
638416255
259201864
119670706
879883133
655147736
547770895
744399649
514294333
780854630
231071641
204777896
909427116
419444827
837822454
349857825
469316031
984122786
159661308
932094271
132451338
954124149
850506625
404934645
58940807
617134051
729896396
163499434
579497981
880632762
968934520
668595964
971551695
598831470
239391069
119177239
199407917
694158777
872143235
293275578
780721977
606405418
897395065
800958221
846272431
630592957
215591413
540574858
676076425
257037644
357477650
1591606
124950883
576358616
55469469
273538027
363351744
77397271
643196804
944913493
509701315
406085452
955431089
167604487
588475699
148328949
750378954
532623646
809298119
604939663
833539185
946765641
291838296
418023693
251398991
48915066
698522260
123330887
92719101
375354805
893591193
187393891
979508154
608349154
327917718
817119743
389201950
635857064
481046768
646927395
511068725
75575087
218409307
696761295
206743463
323706698
781680306
605780167
234813172
829732650
146642445
746674926
383212496
857707030
865080540
675395334
555891346
133165214
275521039
211816710
24122190
166354312
705247841
895011706
507329829
823046414
339431337
622276484
33380883
883702751
810250126
841669791
934266989
485733871
27091351
865511102
208381936
211407205
957934542
1147096
538673308
519478504
341762381
246093961
168900145
346223213
51865469
18161069
616592352
358637057
630962670
364099813
729699719
238684715
32526065
544012093
895568295
402104890
996932322
522504091
684828556
387801784
313731193
327171677
944539428
835520397
224498489
973449483
885377888
308935953
627603762
215342532
80997314
63470576
12325140
736174735
221017176
605993772
895582091
348842441
552663195
640810797
72879055
124089914
410014129
507638339
118180215
291120553
844332665
755256216
511471502
192894641
532214811
246545406
825518990
926841089
831568637
575054574
819473788
936849923
728229269
350081157
975942190
853686908
433235233
196198024
981503812
643530850
245935784
632516331
612300647
514639733
197631459
615589700
603871885
412669517
702031336
457394457
754562192
58762171
735116439
830411405
769116690
439192503
282901077
293360455
2861350
865685301
331233075
718698793
133775458
27339679
680586506
467556780
276724717
639465568
353122075
649074206
319030050
906440106
794354892
602847076
955497180
319228893
589432719
727392423
214701495
842921409
283497418
825390077
784943761
911415460
410421030
254914152
825505882
106323607
753601374
492829545
373281758
342630450
849931500
709061319
75177018
977138592
204156286
749075268
332339039
937564764
67776929
11112869
341160254
786659396
579515042
400553268
459288727
149152683
978202190
730025726
759405175
820150874
121911210
436249145
79423791
899606094
335658033
259499629
671182414
858564019
594365679
983005047
464553046
694610042
665178169
829752213
16246535
182563379
434857425
551427485
842879725
193329428
306080520
276943539
168297278
952002652
262489862
388891217
5074824
122970367
640526908
140007868
643604330
417486002
426194736
840613833
518652955
620232815
17303672
282432299
289594204
358599228
896742924
465253299
595337209
24607893
335598477
395034488
882907806
629427759
973946609
778798929
888067575
111657722
561063659
962937375
523950239
659359643
404762904
460906708
827974084
888431642
316902760
395072752
979115687
334472436
863436776
493676590
338423937
587266954
560391856
489972523
320972549
466361432
178891431
44713007
144705378
856926190
462298995
164754879
509408529
581872817
387931662
187617177
762226133
927654210
551262636
693843853
777462611
375283847
483215966
9253202
101962030
289108388
208287123
50833505
390390149
927810786
174437416
839456092
579722032
155112920
484708096
846137929
589960794
632006038
872536228
461204815
24414613
986561801
626909129
474638921
977818749
942739151
780996266
856521981
733930568
438601161
491607517
281100496
232627868
731108179
13471100
341740691
752872372
342517489
395076138
498713368
456047232
926462454
404287126
754452273
251263604
906029193
949968487
127470831
167796641
245553174
887851632
513380989
528443896
713634289
875506615
896880677
919300869
697993528
187087042
395198015
736532906
683904886
988188501
83890753
446886469
846573768
610331909
776009081
249123657
583636846
155305185
921580135
131231570
147127457
206353696
610725418
435719386
773511952
79674428
818572134
308971598
476343993
819035793
593970759
755248564
585943002
423193637
708102610
729362878
511135412
681594609
429698929
142479366
132084371
341242827
938732204
627789679
820124421
780510862
111487279
690939817
71128940
602800756
731445638
755845007
417137853
364166180
577222068
665665227
800525774
397096889
884075351
655052098
913100534
754389274
489904103
396797095
550851351
107829334
182567291
776266459
572506671
577138421
988832221
801435544
8642162
194566429
273454646
377191819
5537602
383308067
959308219
34845614
440023011
874609033
438020567
785358897
946633048
191248483
95561042
465231450
981099866
433645070
198534542
658301536
673752409
937862266
993670602
79582310
809633432
189802720
613973548
487919451
670941145
657436005
774003114
205731554
309634019
395640463
527401396
725985698
345056475
726052718
747017854
502597462
297165766
156964446
470531887
934581451
361492020
483421640
53077358
825999452
803691700
161373377
322870885
656344349
741279941
738526839
852503819
680616713
739055038
96906811
873206543
408903345
930434705
656432113
924185752
696832304
464283905
828321706
267237082
752638191
348226687
349468225
694777415
752353710
252053104
375168815
58694055
328843476
652178672
945325521
267314500
378792158
497642749
185997858
974251696
825355235
632345255
276077806
231302817
174109017
600347364
140090680
861470625
214453576
980078985
599787377
967703113
418271283
690618481
457204534
781206794
588451153
593612320
247215545
686468753
999730254
540748822
940657834
373084461
115462986
407412598
912480066
307586642
903251263
765136058
350888974
205735987
56025064
352765594
433767544
573933738
217826829
35684773
882514525
998472780
73660102
730255060
838280310
751206407
171265435
355096085
941306617
711460034
791327508
631767798
440139551
530983505
879658665
801001082
67613088
615668690
980965563
735564383
712311499
652475578
384341933
254693103
561813163
823278890
953465555
49395212
358117127
146911214
303528756
392933550
217000755
482883577
236797886
213626704
664065600
364407258
319288914
45086675
838092625
343215839
390093912
965464241
762220495
164172315
91550534
99094138
489089035
432925834
20887556
269894914
353254500
751290590
441933956
972342810
97833907
729949633
633635360
644345446
105269422
441604193
458892532
223687026
768722882
215884796
16886369
100410860
658016025
516517632
755462213
93044852
704904662
349361286
518926140
943873221
449436294
265793573
698374133
834145243
448301126
374339057
492749015
651678160
27727986
848132833
153953368
995621941
876292507
51100788
234514365
289505347
527870384
790002144
431947777
143273172
478102917
293480504
949504053
535954355
762372375
431765911
114601022
18792801
783012819
403616663
625176457
882434393
452982790
218128266
886508287
986036430
355659181
807436109
233553940
622715444
532117784
155483488
812047344
593198450
942715272
328346838
227301223
238861111